order_id,order_date,ship_date,ship_mode,customer_id,customer_name,segment,region,state,category,sub_category,product_name,quantity,unit_price,discount,revenue,cost,profit
ORD-10000,2021-06-28,2021-07-03,Standard Class,CUST-1447,Jennifer Wright,Consumer,North,Georgia,Furniture,Chairs,Terrell Ltd Chairs,5,100.51,0.0,502.55,338.24,164.31
ORD-10001,2021-11-23,2021-11-29,First Class,CUST-1440,Carrie Johnson,Corporate,North,Kansas,Furniture,Desks,Buckley PLC Desks,9,887.62,0.0,7988.58,3607.84,4380.74
ORD-10002,2023-02-15,2023-02-16,Same Day,CUST-2266,Robert Faulkner,Corporate,South,Kansas,Technology,Phones,Powers and Sons Phones,6,296.72,0.05,1691.3,1234.26,457.04
ORD-10003,2023-07-18,2023-07-24,Second Class,CUST-1727,Kevin Lambert,Consumer,East,Michigan,Furniture,Chairs,Johnson PLC Chairs,4,117.58,0.15,399.77,256.34,143.43
ORD-10004,2022-03-26,2022-04-01,Same Day,CUST-1114,David Harris,Consumer,North,Missouri,Furniture,Chairs,"Parsons, Adams and Reynolds Chairs",3,579.49,0.05,1651.55,1212.38,439.17
ORD-10005,2023-07-29,2023-07-31,First Class,CUST-2149,Michael Gray,Home Office,East,Florida,Office Supplies,Storage,"Reed, Doyle and Massey Storage",4,28.74,0.2,91.97,66.08,25.89
ORD-10006,2021-04-07,2021-04-14,Second Class,CUST-2622,Allison Mcdonald,Home Office,West,Illinois,Furniture,Shelving,Montoya Group Shelving,10,151.39,0.0,1513.9,715.66,798.24
ORD-10007,2022-07-01,2022-07-08,Standard Class,CUST-1890,John Jackson,Consumer,West,Colorado,Furniture,Chairs,"Norton, Miller and Watson Chairs",10,395.51,0.5,1977.55,1893.06,84.49
ORD-10008,2023-11-06,2023-11-11,Standard Class,CUST-1330,Jasmine Rogers,Home Office,North,Iowa,Technology,Accessories,Henderson-Sharp Accessories,5,132.62,0.3,464.17,347.87,116.3
ORD-10009,2021-06-11,2021-06-12,First Class,CUST-2557,Anita Bradley,Home Office,South,Tennessee,Furniture,Bookcases,Martin-Wood Bookcases,2,274.99,0.2,439.98,280.61,159.37
ORD-10010,2022-02-16,2022-02-22,Same Day,CUST-2330,Kevin Williams,Corporate,West,Mississippi,Technology,Accessories,Sanchez-Dalton Accessories,9,76.54,0.0,688.86,469.96,218.9
ORD-10011,2021-01-15,2021-01-16,,CUST-1138,Jonathan Johnson,Consumer,East,Texas,Furniture,Tables,Rodriguez PLC Tables,4,286.99,0.0,1147.96,685.46,462.5
ORD-10012,2023-04-14,2023-04-16,Same Day,CUST-1725,Marcus Conway,Corporate,West,Michigan,Technology,Tablets,Gibson-Marquez Tablets,8,304.7,0.0,2437.6,1385.15,1052.45
ORD-10013,2023-07-08,2023-07-10,Standard Class,CUST-1511,Nathan Smith,Consumer,West,Missouri,Office Supplies,Envelopes,Moore Group Envelopes,2,4.46,0.0,8.92,4.44,4.48
ORD-10014,2022-03-14,2022-03-21,Second Class,CUST-1776,Dr. Michael White,Consumer,West,Kansas,Furniture,Chairs,"Munoz, Barajas and Smith Chairs",9,121.48,0.15,929.32,624.73,304.59
ORD-10015,2021-05-05,2021-05-11,Second Class,CUST-1976,Chase Baldwin,Home Office,South,Hawaii,Office Supplies,Storage,Martinez-Matthews Storage,9,29.97,0.1,242.76,186.7,56.06
ORD-10016,2022-05-20,2022-05-25,Second Class,CUST-1858,Michelle Dunlap,Home Office,East,Nevada,Technology,Tablets,"Sexton, Marshall and Cook Tablets",3,202.07,0.0,606.21,415.5,190.71
ORD-10017,2021-05-29,2021-05-30,First Class,CUST-1204,Jacqueline Curry,Consumer,South,Colorado,Office Supplies,Binders,Miller Inc Binders,6,27.78,0.0,166.68,113.72,52.96
ORD-10018,2022-09-12,2022-09-17,First Class,CUST-2083,Thomas Martin,Consumer,East,Rhode Island,Furniture,Bookcases,"King, Payne and Elliott Bookcases",6,118.28,0.2,567.74,397.1,170.64
ORD-10019,2022-12-04,2022-12-06,Second Class,CUST-2035,Tyler Hall,Corporate,East,Virginia,Furniture,Chairs,"Cox, Powers and Smith Chairs",3,849.92,0.0,2549.76,1532.93,1016.83
ORD-10020,2023-06-24,2023-06-29,Second Class,CUST-1229,Carlos Perez,Consumer,South,Texas,Technology,Laptops,"Cherry, Diaz and Williams Laptops",5,1488.0,0.0,7440.0,3835.24,3604.76
ORD-10021,2021-03-23,2021-03-26,Standard Class,CUST-1210,Daniel Figueroa,Corporate,West,North Carolina,Furniture,Chairs,"Beard, Ross and Sampson Chairs",10,764.37,0.05,7261.51,5157.55,2103.96
ORD-10022,2022-11-12,2022-11-19,Second Class,CUST-2769,Mrs. Candace Gomez,Home Office,South,Tennessee,Furniture,Desks,Arnold PLC Desks,4,1118.34,0.15,3802.36,2040.73,1761.63
ORD-10023,2023-08-01,2023-08-04,Same Day,CUST-1466,Melanie Benitez,Consumer,North,New Mexico,Office Supplies,Binders,"Perez, Lambert and Russo Binders",2,32.13,0.0,64.26,42.04,22.22
ORD-10024,2022-11-10,2022-11-11,First Class,CUST-1365,Darrell Brown,Home Office,East,North Dakota,Furniture,Desks,"Montgomery, Huff and Washington Desks",5,538.31,0.15,2287.82,1553.97,733.85
ORD-10025,2022-06-06,2022-06-07,Standard Class,CUST-2895,Jennifer Adams,Home Office,South,Idaho,Technology,Laptops,"Wright, Sloan and Deleon Laptops",6,1435.2,0.1,,5116.32,2633.76
ORD-10026,2022-09-26,2022-10-02,Standard Class,CUST-1605,Alice Obrien,Home Office,South,Oklahoma,Office Supplies,Storage,Soto-Cisneros Storage,6,14.9,0.05,84.93,46.94,37.99
ORD-10027,2022-09-15,2022-09-18,First Class,CUST-2242,Christopher Long,Home Office,East,Mississippi,Technology,Phones,Smith-Mason Phones,7,864.93,0.1,5449.06,3986.48,1462.58
ORD-10028,2022-11-18,2022-11-19,Second Class,CUST-2377,Eric Ellis,Corporate,South,Vermont,Office Supplies,Storage,Clark-Kerr Storage,4,40.95,0.05,155.61,85.33,70.28
ORD-10029,2022-02-03,2022-02-09,Standard Class,CUST-1499,Beth Paul,Consumer,North,South Dakota,Technology,Monitors,"Powell, Cook and Cole Monitors",4,168.32,0.5,336.64,452.13,-115.49
ORD-10030,2023-12-24,2023-12-29,Standard Class,CUST-2825,Michael Wilson,Corporate,West,Illinois,Technology,Phones,Mays-Perez Phones,9,418.84,0.0,3769.56,2451.55,1318.01
ORD-10031,2022-05-05,2022-05-08,First Class,CUST-1480,Steven Martinez,Corporate,East,Pennsylvania,Furniture,Tables,Harrell Ltd Tables,8,1358.15,0.0,10865.2,6305.35,4559.85
ORD-10032,2023-08-13,2023-08-17,Second Class,CUST-1797,Amanda Smith,Home Office,North,Utah,Office Supplies,Labels,Fernandez-Johnson Labels,3,3.45,0.0,10.35,5.71,4.64
ORD-10033,2022-03-28,2022-04-01,Same Day,CUST-1059,Christopher Blankenship,Corporate,East,Alaska,Furniture,Tables,"Collins, Lewis and Castillo Tables",6,778.23,0.0,4669.38,2958.79,1710.59
ORD-10034,2021-02-25,2021-02-26,Standard Class,CUST-1945,Juan Lee,Consumer,North,Wyoming,Furniture,Tables,Medina-Berry Tables,8,1119.37,0.2,7163.97,5354.83,1809.14
ORD-10035,2023-05-14,2023-05-17,Same Day,CUST-2534,Jeffrey Moody,Home Office,North,Connecticut,Office Supplies,Storage,"Chaney, Montgomery and Tanner Storage",8,32.91,0.0,263.28,181.08,82.2
ORD-10036,2022-05-04,2022-05-06,Second Class,CUST-2941,Joyce Wallace,Consumer,West,Wisconsin,Office Supplies,Binders,Suarez-Fleming Binders,1,27.06,0.1,24.35,16.38,7.97
ORD-10037,2022-09-30,2022-10-01,Standard Class,CUST-2179,Gabrielle Erickson,Home Office,West,Massachusetts,Furniture,Bookcases,Foster Group Bookcases,3,397.44,0.05,1132.7,585.36,547.34
ORD-10038,2021-09-05,2021-09-12,Standard Class,CUST-1711,Patrick Jacobs,Home Office,West,Rhode Island,Office Supplies,Envelopes,"Garcia, Wang and Olsen Envelopes",10,8.35,0.1,75.15,43.87,31.28
ORD-10039,2023-07-31,2023-08-06,Same Day,CUST-2068,Daniel Cruz,Home Office,East,New York,Furniture,Bookcases,Davis and Sons Bookcases,6,90.34,0.0,542.04,374.11,167.93
ORD-10040,2021-06-27,2021-06-30,First Class,CUST-1951,Stephanie Carey,Home Office,West,Wyoming,Furniture,Shelving,Jones Ltd Shelving,8,241.41,0.0,1931.28,987.61,943.67
ORD-10041,2022-07-20,2022-07-25,First Class,CUST-1175,Frank Farrell,Consumer,West,Pennsylvania,Office Supplies,Paper,Campbell-Long Paper,-6,32.19,0.0,193.14,129.42,63.72
ORD-10042,2022-05-14,2022-05-17,Standard Class,CUST-2133,John Ortiz,Home Office,East,Arizona,Office Supplies,Labels,Williams-Garcia Labels,8,15.65,0.05,118.94,63.28,55.66
ORD-10043,2022-10-09,2022-10-10,First Class,CUST-2413,Angela Torres,Consumer,South,Indiana,Office Supplies,Envelopes,Cooper-Lopez Envelopes,6,17.86,0.1,96.44,67.55,28.89
ORD-10044,2022-08-30,2022-09-01,First Class,CUST-2450,Harold Anderson,Home Office,South,Alaska,Technology,Accessories,Peterson-Johnston Accessories,10,77.79,0.3,544.53,511.98,32.55
ORD-10045,2022-08-06,2022-08-10,Same Day,CUST-2977,Robert Hunter,Consumer,East,Arkansas,Office Supplies,Paper,"Hardy, Park and Obrien Paper",9,58.59,0.0,527.31,238.91,288.4
ORD-10046,2022-09-15,2022-09-16,Standard Class,CUST-2565,Donna Adams,Corporate,South,Florida,Office Supplies,Paper,Miles and Sons Paper,7,50.22,0.0,351.54,229.48,122.06
ORD-10047,2021-07-23,2021-07-30,Same Day,CUST-2352,Barbara Hodge,Consumer,South,New Mexico,Furniture,Tables,"Miller, Stanley and Malone Tables",8,741.71,0.0,5933.68,3591.4,2342.28
ORD-10048,2022-08-03,2022-08-09,Same Day,CUST-1478,Richard Wong,Corporate,South,Iowa,Technology,Monitors,"Copeland, Hatfield and Solomon Monitors",3,563.99,0.0,1691.97,859.3,832.67
ORD-10049,2022-08-15,2022-08-19,Standard Class,CUST-2433,Sean Barr,Corporate,East,Virginia,Office Supplies,Paper,Figueroa and Sons Paper,3,34.95,0.2,83.88,67.96,15.92
ORD-10050,2022-04-14,2022-04-20,First Class,CUST-2947,Pamela Sloan,Consumer,East,Alaska,Furniture,Shelving,Barnett-Jones Shelving,2,168.39,0.05,319.94,153.73,166.21
ORD-10051,2023-10-05,2023-10-06,First Class,CUST-1657,David Griffin,Home Office,North,Maine,Furniture,Chairs,"Hayes, Bailey and Cooper Chairs",3,705.75,0.0,2117.25,1262.58,854.67
ORD-10052,2022-10-25,2022-10-26,Standard Class,CUST-2053,James Robinson,Consumer,West,Delaware,Technology,Printers,Case LLC Printers,8,294.06,0.0,2352.48,1243.59,1108.89
ORD-10053,2021-09-26,2021-09-29,Same Day,CUST-1248,Nathaniel Johnson,Consumer,South,Delaware,Office Supplies,Paper,Davis-Jones Paper,6,15.32,0.05,87.32,46.04,41.28
ORD-10054,2021-11-12,2021-11-16,Standard Class,CUST-2444,Kevin Huffman,Corporate,West,Texas,Furniture,Desks,Brown-Butler Desks,1,441.83,0.05,419.74,211.8,207.94
ORD-10055,2023-04-30,2023-05-03,Second Class,CUST-2680,Hannah Garcia,Consumer,East,Connecticut,Office Supplies,Storage,Waller-Rodriguez Storage,9,27.06,0.0,243.54,126.41,117.13
ORD-10056,2022-11-12,2022-11-17,Second Class,CUST-2910,John Pham,Corporate,South,Wyoming,Furniture,Bookcases,Stone-Williams Bookcases,10,428.49,0.5,2142.45,2447.04,-304.59
ORD-10057,2023-02-20,2023-02-24,First Class,CUST-2335,Jennifer Martin,Consumer,West,Montana,Furniture,Desks,Murray Inc Desks,4,728.98,0.15,2478.53,1826.26,652.27
ORD-10058,2021-02-01,2021-02-07,Same Day,CUST-2986,Karen Pena,Consumer,North,North Dakota,Technology,Monitors,Johnson-Coleman Monitors,10,526.72,0.0,5267.2,3569.11,1698.09
ORD-10059,2023-09-27,2023-10-04,Same Day,CUST-1480,Anthony Henry,Home Office,East,North Carolina,Office Supplies,Pens & Pencils,Roach Group Pens & Pencils,7,9.79,0.05,65.1,41.58,23.52
ORD-10060,2021-03-01,2021-03-02,Standard Class,CUST-1734,Ann Brown,Corporate,West,Montana,Technology,Accessories,Harris Inc Accessories,2,22.65,0.1,40.77,28.24,12.53
ORD-10061,2022-05-09,2022-05-13,Second Class,CUST-1944,Courtney Powell,Home Office,East,Mississippi,Technology,Monitors,"Scott, Martinez and Rosales Monitors",10,548.37,0.1,4935.33,3661.52,1273.81
ORD-10062,2022-09-05,2022-09-11,Second Class,CUST-1935,David Leonard,Corporate,South,Arkansas,Office Supplies,Pens & Pencils,"Murray, Graves and Williams Pens & Pencils",8,17.34,0.2,110.98,95.2,15.78
ORD-10063,2023-03-22,2023-03-25,First Class,CUST-2593,Amy Schneider,Home Office,North,Indiana,Office Supplies,Storage,"Turner, Adams and Farrell Storage",-7,17.47,0.05,116.18,80.41,35.77
ORD-10064,2022-05-29,2022-06-04,First Class,CUST-2394,Amanda Bennett,Consumer,North,Iowa,Furniture,Tables,"Martin, Villa and Salas Tables",5,1269.32,0.15,5394.61,3157.64,2236.97
ORD-10065,2023-05-01,2023-05-03,Second Class,CUST-2794,David Kim,Corporate,East,North Carolina,Furniture,Chairs,"Lee, Ward and Martin Chairs",8,333.32,0.0,2666.56,1396.68,1269.88
ORD-10066,2021-06-04,2021-06-06,First Class,CUST-2385,Michael Ford,Home Office,West,West Virginia,Technology,Printers,Moon-Norton Printers,8,555.31,0.3,3109.74,2519.25,590.49
ORD-10067,2022-06-21,2022-06-26,Same Day,CUST-1760,Daniel Middleton,Consumer,South,Arizona,Furniture,Bookcases,Sanchez Ltd Bookcases,7,99.73,0.0,698.11,444.87,253.24
ORD-10068,2022-09-11,2022-09-17,Standard Class,CUST-2937,Christina Gonzalez DVM,Consumer,East,Texas,Office Supplies,Paper,"Hughes, Burton and Hall Paper",9,39.08,0.0,351.72,199.1,152.62
ORD-10069,2023-04-30,2023-05-06,Same Day,CUST-1835,Valerie Davis,Corporate,North,South Carolina,Office Supplies,Paper,Jones-Hunter Paper,9,10.35,0.0,93.15,58.84,34.31
ORD-10070,2023-01-05,2023-01-06,Standard Class,CUST-1250,Michelle Roman,Corporate,North,Maine,Furniture,Bookcases,Little Ltd Bookcases,8,155.6,0.3,871.36,674.47,196.89
ORD-10071,2022-02-25,2022-02-26,First Class,CUST-2200,Amanda Best,Consumer,South,Delaware,Furniture,Desks,Nguyen PLC Desks,10,805.87,0.3,5641.09,3880.11,1760.98
ORD-10072,2021-12-24,2021-12-25,Second Class,CUST-1030,Dr. James Gray,Corporate,South,Nebraska,Office Supplies,Binders,Rich-Jones Binders,10,32.18,0.0,321.8,188.27,133.53
ORD-10073,2023-01-12,2023-01-17,Standard Class,CUST-1453,Dennis Zuniga,Home Office,North,Rhode Island,Furniture,Bookcases,Cooke Inc Bookcases,5,66.94,0.0,334.7,190.46,144.24
ORD-10074,2023-06-28,2023-06-29,Same Day,CUST-1303,Christian Jacobs,Consumer,South,Montana,Furniture,Shelving,Strickland-Peck Shelving,1,118.42,0.0,118.42,56.49,61.93
ORD-10075,2021-07-23,2021-07-30,First Class,CUST-2333,Anne Carter,Home Office,South,Georgia,Office Supplies,Labels,"Chapman, Rogers and Lee Labels",9,13.4,0.1,108.54,72.52,36.02
ORD-10076,2022-10-03,2022-10-09,Same Day,CUST-2406,Stephanie Baker,Corporate,North,New Hampshire,Office Supplies,Storage,"Black, Guzman and Kim Storage",7,72.17,0.0,505.19,266.81,238.38
ORD-10077,2022-11-07,2022-11-13,Second Class,CUST-2362,David Gibson,Corporate,North,Virginia,Technology,Laptops,"Hobbs, Booth and Hansen Laptops",2,730.52,0.1,1314.94,871.68,443.26
ORD-10078,2023-01-23,2023-01-24,Same Day,CUST-2653,Antonio Gonzalez,Corporate,North,Kansas,Office Supplies,Labels,Murray-Watkins Labels,2,7.62,0.05,14.48,7.27,7.21
ORD-10079,2021-10-21,2021-10-26,First Class,CUST-2517,Gregory Humphrey,Home Office,North,Arizona,Furniture,Bookcases,Tucker PLC Bookcases,5,72.74,0.1,327.33,180.16,147.17
ORD-10080,2021-06-23,2021-06-24,First Class,CUST-1101,Helen Drake,Home Office,North,Minnesota,Technology,Accessories,Patrick and Sons Accessories,7,84.27,0.0,589.89,313.29,276.6
ORD-10081,2023-05-31,2023-06-01,Second Class,CUST-1996,Mary Silva,Home Office,East,Maine,Office Supplies,Storage,"Taylor, Richard and Willis Storage",8,56.34,0.05,428.18,215.65,212.53
ORD-10082,2022-08-16,2022-08-19,Second Class,CUST-1881,Ernest Richardson,Consumer,South,Oklahoma,Technology,Monitors,Williams-Scott Monitors,10,446.45,0.0,4464.5,2861.92,1602.58
ORD-10083,2021-03-28,2021-04-01,First Class,CUST-2765,Tracy Murphy,Corporate,West,Oregon,Office Supplies,Labels,Vasquez-Miller Labels,9,14.67,0.05,125.43,87.86,37.57
ORD-10084,2023-08-01,2023-08-08,First Class,CUST-1894,Adam Murray,Consumer,South,Wyoming,Furniture,Tables,Martinez-Henson Tables,7,1099.11,0.0,7693.77,5284.88,2408.89
ORD-10085,2021-06-06,2021-06-11,First Class,CUST-1397,Michael Wallace,Corporate,East,Florida,Office Supplies,Labels,Walker-Snow Labels,2,9.21,0.0,18.42,11.88,6.54
ORD-10086,2021-12-29,2022-01-05,Second Class,CUST-2154,Dawn Townsend,Home Office,West,Oregon,Furniture,Desks,Nichols-Diaz Desks,3,359.9,0.0,1079.7,662.8,416.9
ORD-10087,2023-06-25,2023-07-01,First Class,CUST-1115,Miss Tina Brown,Corporate,North,Louisiana,Furniture,Shelving,"Palmer, Campos and Miller Shelving",10,207.18,0.0,2071.8,967.68,1104.12
ORD-10088,2023-08-06,2023-08-11,Standard Class,CUST-2834,James Smith,Consumer,West,Wyoming,Office Supplies,Storage,"Brown, Smith and Bowman Storage",1,41.63,0.0,41.63,24.01,17.62
ORD-10089,2022-12-05,2022-12-11,Same Day,CUST-1080,Donna Hernandez,Consumer,West,Alabama,Furniture,Desks,"Parrish, Lewis and Patrick Desks",8,453.68,0.05,3447.97,2449.08,998.89
ORD-10090,2021-04-18,2021-04-25,Same Day,CUST-1675,Julian Smith,Consumer,West,Oklahoma,Office Supplies,Labels,"Curtis, Rojas and Olson Labels",3,11.41,0.0,34.23,18.3,15.93
ORD-10091,2023-03-14,2023-03-16,Second Class,CUST-1634,Marissa Juarez,Home Office,West,Maryland,Office Supplies,Pens & Pencils,"Mills, Robinson and Stark Pens & Pencils",10,18.65,0.2,149.2,98.39,50.81
ORD-1316,2022-03-15,2022-03-18,First Class,CUST-1463,Steven Webb,Consumer,South,Alabama,Furniture,Bookcases,Wade Ltd Bookcases,9,417.8,0.0,3760.2,1861.55,1898.65
ORD-10093,2021-09-26,2021-10-01,Standard Class,CUST-2702,Robin King,Home Office,South,Iowa,Technology,Printers,"Yang, Atkinson and Myers Printers",2,519.1,0.05,986.29,694.66,291.63
ORD-10094,2023-07-09,2023-07-11,Same Day,CUST-2656,William Pierce,Corporate,South,Colorado,Furniture,Tables,Harris-Schwartz Tables,6,180.3,0.1,973.62,690.29,283.33
ORD-10095,2021-11-28,2021-12-05,Same Day,CUST-2787,Patricia Cummings PhD,Corporate,North,Connecticut,Office Supplies,Envelopes,Turner-Rosales Envelopes,8,28.57,0.0,228.56,126.77,101.79
ORD-10096,2022-07-13,2022-07-17,Standard Class,CUST-1895,Erin Pittman,Consumer,South,Wyoming,Furniture,Tables,"Jones, Cruz and Kennedy Tables",9,1326.28,0.2,9549.22,7648.67,1900.55
ORD-10097,2022-04-05,2022-04-06,Second Class,CUST-2463,Sandra Grant,Home Office,East,Utah,Office Supplies,Pens & Pencils,Sanders-Cooper Pens & Pencils,7,23.4,0.0,163.8,77.05,86.75
ORD-10098,2021-06-12,2021-06-13,Same Day,CUST-2123,Edgar Fisher,Home Office,West,Illinois,Technology,Monitors,Garcia-Gentry Monitors,8,178.73,0.1,1286.86,645.31,641.55
ORD-10099,2023-10-21,2023-10-26,Same Day,CUST-2177,Andrea Thompson,Consumer,South,Mississippi,Technology,Printers,"Mcgee, Cameron and Andrews Printers",2,203.57,0.0,407.14,268.38,138.76
ORD-10100,2023-12-14,2023-12-19,Standard Class,CUST-2134,Amanda Zuniga,Consumer,West,Alaska,Office Supplies,Storage,"Barrera, Russell and Jordan Storage",6,10.11,0.0,60.66,32.77,27.89
ORD-10101,2021-08-01,2021-08-08,,CUST-1273,Jonathan Newton,Consumer,East,Nevada,Office Supplies,Paper,Cortez Group Paper,6,39.96,0.0,239.76,128.56,111.2
ORD-10102,2021-05-10,2021-05-16,Same Day,CUST-1600,Daniel Garcia,Consumer,North,Kansas,Furniture,Bookcases,"Carroll, Welch and Jones Bookcases",3,417.94,0.15,1065.75,818.59,247.16
ORD-10103,2022-01-27,2022-01-30,Same Day,CUST-2773,Mark Oconnell,Home Office,East,Minnesota,Technology,Laptops,Whitehead LLC Laptops,5,1041.83,0.05,4948.69,3325.12,1623.57
ORD-10104,2023-10-16,2023-10-19,Same Day,CUST-2640,Ashley Torres,Consumer,West,Kansas,Office Supplies,Paper,Aguilar and Sons Paper,7,48.96,0.2,274.18,170.23,103.95
ORD-10105,2023-07-03,2023-07-08,Standard Class,CUST-1909,Scott Martin,Corporate,West,New Hampshire,Technology,Phones,Peters-Wallace Phones,3,802.45,0.05,2286.98,1261.23,1025.75
ORD-10106,2023-01-15,2023-01-20,Standard Class,CUST-2951,Sarah Morrison,Consumer,South,Nebraska,Technology,Accessories,"Campbell, Taylor and Jones Accessories",6,131.81,0.05,751.32,481.93,269.39
ORD-10107,2021-11-11,2021-11-17,First Class,CUST-1909,Rachel Johnson,Consumer,South,Wyoming,Furniture,Tables,"Clayton, Brown and Robinson Tables",2,168.02,0.0,336.04,198.87,137.17
ORD-10108,2021-08-30,2021-09-02,Second Class,CUST-1439,Michael Roberts,Home Office,East,Colorado,Furniture,Bookcases,"Schaefer, Frazier and Baker Bookcases",5,235.13,0.0,1175.65,642.78,532.87
ORD-10109,2022-10-17,2022-10-23,Same Day,CUST-2110,Jacqueline Rogers,Corporate,East,Oklahoma,Furniture,Tables,Tyler Inc Tables,3,396.25,0.15,1010.44,775.81,234.63
ORD-10110,2022-04-30,2022-05-07,Standard Class,CUST-2172,Charles Hill,Corporate,West,Hawaii,Technology,Accessories,"Goodman, Tucker and Lewis Accessories",3,109.34,0.15,278.82,212.56,66.26
ORD-10111,2021-06-01,2021-06-03,Same Day,CUST-1921,Kimberly Wright,Corporate,East,Kentucky,Furniture,Desks,Tanner Inc Desks,2,773.14,0.0,1546.28,993.16,553.12
ORD-10112,2022-09-15,2022-09-17,Standard Class,CUST-1461,Dale Bond,Corporate,East,Oregon,Technology,Tablets,Johnson Group Tablets,3,565.87,0.1,1527.85,983.81,544.04
ORD-10113,2021-11-12,2021-11-14,Standard Class,CUST-2239,Brian Simon,Corporate,North,Utah,Technology,Printers,"Brown, Little and Clark Printers",9,182.08,0.0,1638.72,806.51,832.21
ORD-10114,2022-08-17,2022-08-23,Same Day,CUST-2648,Daniel Clark,Home Office,West,Alabama,Technology,Laptops,Thornton-Christian Laptops,10,663.65,0.0,6636.5,3036.67,3599.83
ORD-10115,2022-10-03,2022-10-10,Same Day,CUST-2762,Brittany Vance,Corporate,West,Iowa,Office Supplies,Storage,Mccarthy-Byrd Storage,1,15.11,0.0,15.11,9.09,6.02
ORD-10116,2021-04-14,2021-04-17,First Class,CUST-1856,Jennifer Rivera,Consumer,South,West Virginia,Technology,Printers,Holt Inc Printers,2,347.79,0.0,695.58,337.51,358.07
ORD-10117,2021-02-17,2021-02-18,Same Day,CUST-2979,Deanna Hall,Consumer,South,South Carolina,Office Supplies,Labels,Wright and Sons Labels,4,14.98,0.1,53.93,31.59,22.34
ORD-10118,2021-08-09,2021-08-13,Same Day,CUST-1749,Lori Smith,Corporate,East,Oregon,Furniture,Bookcases,"Yoder, Brown and Skinner Bookcases",5,81.41,0.0,407.05,184.0,223.05
ORD-10119,2022-07-27,2022-08-03,Standard Class,CUST-1243,David Rose,Consumer,North,New Jersey,Technology,Phones,Lewis-Villa Phones,9,251.16,0.0,2260.44,1271.7,988.74
ORD-10120,2023-10-22,2023-10-23,Second Class,CUST-1682,Adam Brown,Corporate,West,Nebraska,Office Supplies,Pens & Pencils,Koch and Sons Pens & Pencils,6,20.28,0.05,115.6,70.24,45.36
ORD-10121,2022-09-05,2022-09-10,Second Class,CUST-2090,Sarah Frost,Corporate,East,Washington,Technology,Tablets,Gutierrez-Lopez Tablets,3,730.54,0.0,2191.62,1324.01,867.61
ORD-10122,2022-04-12,2022-04-18,Standard Class,CUST-2073,Jessica Robinson MD,Home Office,West,Utah,Office Supplies,Paper,Lowe-Hall Paper,2,25.26,0.3,35.36,26.09,9.27
ORD-10123,2023-04-26,2023-05-02,Standard Class,CUST-2252,Blake Middleton,Corporate,North,Illinois,Technology,Accessories,Williams-Gardner Accessories,10,43.91,0.3,307.37,243.57,63.8
ORD-10124,2023-12-28,2023-12-31,Same Day,CUST-2776,Blake Wolfe,Home Office,East,Texas,Furniture,Desks,"Franklin, Taylor and Johnson Desks",9,670.55,0.0,6034.95,2977.01,3057.94
ORD-10125,2023-09-29,2023-10-02,First Class,CUST-2913,Eric Hudson,Home Office,East,Florida,Furniture,Tables,Nichols LLC Tables,4,385.32,0.0,1541.28,965.19,576.09
ORD-10126,2022-08-18,2022-08-19,First Class,CUST-1709,Rose Ayala,Corporate,East,Washington,Office Supplies,Paper,Anderson-Finley Paper,9,36.54,0.0,328.86,214.14,114.72
ORD-10127,2022-05-06,2022-05-08,First Class,CUST-1462,Raymond Harrison,Home Office,South,Idaho,Furniture,Tables,Little PLC Tables,9,415.3,0.0,3737.7,2257.27,1480.43
ORD-10128,2021-11-20,2021-11-24,Standard Class,CUST-1974,Benjamin Beard,Corporate,South,Alabama,Technology,Laptops,Jimenez PLC Laptops,8,1178.62,0.0,9428.96,6548.2,2880.76
ORD-10129,2021-03-18,2021-03-20,Second Class,CUST-2912,Robert Weber,Consumer,West,Illinois,Office Supplies,Pens & Pencils,Jackson-Stevens Pens & Pencils,1,8.56,0.2,6.85,5.4,1.45
ORD-10130,2022-11-18,2022-11-21,,CUST-2073,Cynthia Guerra,Corporate,South,Iowa,Office Supplies,Binders,Maldonado PLC Binders,5,37.65,0.2,150.6,89.76,60.84
ORD-10131,2022-11-22,2022-11-29,First Class,CUST-1395,Robert Martin,Consumer,West,Wisconsin,Furniture,Tables,Scott Group Tables,2,496.52,0.0,993.04,450.36,542.68
ORD-10132,2021-01-14,2021-01-17,Second Class,CUST-1546,Julia Davis,Corporate,East,Utah,Office Supplies,Labels,Vaughn Ltd Labels,7,7.9,0.1,49.77,37.82,11.95
ORD-10133,2023-10-27,2023-11-02,Standard Class,CUST-2308,Dr. Brandon Martin,Corporate,East,South Dakota,Furniture,Shelving,Bruce-Brooks Shelving,6,42.97,0.1,232.04,126.31,105.73
ORD-10134,2023-08-23,2023-08-30,First Class,CUST-1447,Destiny Baker,Consumer,North,South Carolina,Furniture,Desks,Ross-Weaver Desks,3,341.04,0.0,1023.12,600.89,422.23
ORD-10135,2022-02-19,2022-02-24,Standard Class,CUST-2749,Jose Harris,Home Office,West,Oklahoma,Furniture,Tables,Griffin Group Tables,6,848.88,0.0,5093.28,3441.64,1651.64
ORD-10136,2023-11-18,2023-11-22,Same Day,CUST-1946,Brittany Wu,Home Office,East,Washington,Technology,Accessories,Zuniga-Mcgee Accessories,10,38.76,0.0,387.6,218.36,169.24
ORD-10137,2021-05-04,2021-05-05,Standard Class,CUST-1587,Richard Key,Corporate,South,Nevada,Furniture,Chairs,Brown-Sharp Chairs,1,404.68,0.1,364.21,252.96,111.25
ORD-10138,2023-02-09,2023-02-10,Same Day,CUST-2104,Sandra Andersen,Consumer,East,California,Technology,Accessories,Harvey and Sons Accessories,7,146.97,0.0,1028.79,696.17,332.62
ORD-10139,2022-09-04,2022-09-08,Second Class,CUST-2089,Daniel Hunter,Corporate,South,Washington,Technology,Monitors,Romero Inc Monitors,7,894.64,0.05,5949.36,4002.01,1947.35
ORD-10140,2021-02-02,2021-02-04,Standard Class,CUST-1068,Nathan Lamb,Corporate,North,South Dakota,Technology,Phones,Mckenzie and Sons Phones,5,546.16,0.0,2730.8,1679.58,1051.22
ORD-10141,2022-04-25,2022-05-02,Standard Class,CUST-2182,Linda Gonzales,Home Office,East,Maryland,Technology,Accessories,"Lowery, Flores and Anderson Accessories",8,16.19,0.0,129.52,90.45,39.07
ORD-10142,2021-12-25,2021-12-31,Standard Class,CUST-1096,Steven Williams,Corporate,West,Mississippi,Technology,Printers,Webb Ltd Printers,9,535.65,0.0,4820.85,2882.47,1938.38
ORD-10143,2021-10-23,2021-10-30,Same Day,CUST-1845,Jill Ballard,Corporate,South,Maryland,Furniture,Bookcases,"Beck, Brown and Jackson Bookcases",7,366.38,0.0,2564.66,1298.58,1266.08
ORD-10144,2022-01-26,2022-01-27,First Class,CUST-2234,Kenneth French,Consumer,North,Kentucky,Office Supplies,Binders,"Barrera, Erickson and Wright Binders",6,12.43,0.05,70.85,47.07,23.78
ORD-10145,2022-03-10,2022-03-12,First Class,CUST-2544,Joseph Thomas,Corporate,South,Minnesota,Technology,Tablets,Richards-Robinson Tablets,9,620.8,0.0,5587.2,3783.92,1803.28
ORD-10146,2023-01-06,2023-01-09,First Class,CUST-2018,Charles Davis,Corporate,North,North Carolina,Furniture,Shelving,Hayes and Sons Shelving,7,222.98,0.2,1248.69,910.63,338.06
ORD-10147,2021-10-26,2021-10-27,Same Day,CUST-2186,Mary Hanson,Home Office,West,Minnesota,Furniture,Tables,Spencer-Hopkins Tables,6,1171.05,0.2,5621.04,4679.66,941.38
ORD-10148,2022-11-23,2022-11-26,Same Day,CUST-2481,Shannon Edwards,Home Office,West,Utah,Office Supplies,Binders,"Burnett, Smith and Baker Binders",4,10.26,0.0,41.04,28.15,12.89
ORD-10149,2021-05-01,2021-05-06,Same Day,CUST-2935,Samantha Austin,Home Office,North,Wyoming,Office Supplies,Binders,"Thomas, Andersen and Wells Binders",6,30.11,0.0,180.66,121.47,59.19
ORD-10150,2023-09-17,2023-09-23,Second Class,CUST-2129,Jonathan Gonzalez,Corporate,North,Vermont,Technology,Phones,Beck PLC Phones,4,337.49,0.0,,733.43,616.53
ORD-10151,2022-01-03,2022-01-04,,CUST-1493,Jennifer Jenkins,Consumer,East,Arkansas,Technology,Tablets,Reyes and Sons Tablets,9,619.43,0.3,3902.41,3448.1,454.31
ORD-10152,2021-06-15,2021-06-21,Second Class,CUST-1064,Rodney Hunter,Consumer,West,Ohio,Office Supplies,Pens & Pencils,Berry Ltd Pens & Pencils,2,20.28,0.0,40.56,20.54,20.02
ORD-10153,2022-11-10,2022-11-15,Standard Class,CUST-2832,Darlene Medina,Home Office,North,Georgia,Office Supplies,Storage,"Scott, Lee and Zimmerman Storage",1,48.69,0.05,46.26,27.19,19.07
ORD-10154,2021-03-09,2021-03-11,Standard Class,CUST-2969,Aaron Patterson,Consumer,South,Indiana,Technology,Monitors,Wright-Obrien Monitors,10,825.95,0.0,8259.5,4295.71,3963.79
ORD-10155,2023-02-26,2023-03-05,Same Day,CUST-2411,Connie Bartlett,Home Office,North,Alaska,Furniture,Tables,Thornton LLC Tables,5,1401.85,0.0,7009.25,4101.4,2907.85
ORD-10156,2022-07-14,2022-07-21,Same Day,CUST-1728,James Mccoy,Home Office,West,Pennsylvania,Furniture,Bookcases,"Clark, Cole and Franklin Bookcases",7,83.63,0.0,585.41,311.2,274.21
ORD-10157,2021-11-12,2021-11-16,Second Class,CUST-2514,Austin Hoover,Corporate,East,Connecticut,Office Supplies,Binders,Rice Group Binders,7,28.15,0.0,197.05,92.71,104.34
ORD-10158,2023-07-09,2023-07-14,Standard Class,CUST-1053,Marissa Tran,Consumer,East,Utah,Office Supplies,Paper,Davis Ltd Paper,5,10.03,0.0,50.15,24.92,25.23
ORD-10159,2022-05-13,2022-05-18,,CUST-1347,Gary Wilson,Consumer,East,Illinois,Furniture,Chairs,"Ruiz, Martin and Nelson Chairs",6,569.48,0.15,2904.35,2203.18,701.17
ORD-10160,2022-05-31,2022-06-02,First Class,CUST-2262,Amanda Davis,Consumer,West,Nevada,Office Supplies,Pens & Pencils,Henderson-Rodriguez Pens & Pencils,2,13.34,0.0,26.68,12.52,14.16
ORD-10161,2021-10-06,2021-10-09,First Class,CUST-1411,Crystal Watson,Corporate,East,Arizona,Technology,Monitors,"Bryant, Scott and Flores Monitors",7,378.49,0.0,2649.43,1477.47,1171.96
ORD-10162,2023-03-16,2023-03-19,Second Class,CUST-2212,Caitlin Marquez,Home Office,South,Idaho,Technology,Phones,Berry-Brown Phones,5,1168.73,0.1,5259.28,3039.14,2220.14
ORD-10163,2023-04-18,2023-04-24,First Class,CUST-1495,Nicole Martin,Corporate,South,Tennessee,Furniture,Shelving,Gonzalez-Lopez Shelving,8,47.0,0.3,263.2,175.7,87.5
ORD-10164,2023-05-07,2023-05-12,Same Day,CUST-2436,Joshua Freeman,Home Office,North,West Virginia,Furniture,Tables,"Richmond, Smith and Turner Tables",2,1208.93,0.0,2417.86,1646.26,771.6
ORD-10165,2023-06-01,2023-06-02,Same Day,CUST-2045,Teresa Lambert,Home Office,South,Arkansas,Technology,Monitors,Lawrence-Turner Monitors,-6,643.2,0.0,3859.2,2056.56,1802.64
ORD-10166,2021-06-25,2021-06-26,Standard Class,CUST-1713,Connie Casey,Corporate,East,Hawaii,Office Supplies,Pens & Pencils,Parker-Wade Pens & Pencils,10,11.0,0.1,99.0,57.62,41.38
ORD-10167,2021-08-24,2021-08-25,Same Day,CUST-2386,Susan Osborn,Consumer,South,Alaska,Office Supplies,Binders,Brown-Jones Binders,6,22.28,0.0,133.68,70.19,63.49
ORD-10168,2022-01-17,2022-01-23,Second Class,CUST-2510,Martin Crawford,Home Office,South,Arkansas,Furniture,Desks,Townsend Group Desks,6,707.1,0.05,4030.47,2577.13,1453.34
ORD-10169,2022-01-18,2022-01-21,Standard Class,CUST-1537,Timothy Rose,Home Office,West,Missouri,Office Supplies,Labels,Lane and Sons Labels,1,9.73,0.1,8.76,6.32,2.44
ORD-10170,2022-09-02,2022-09-07,First Class,CUST-1641,Nicholas Benitez,Consumer,South,Alabama,Furniture,Bookcases,"Thomas, Mooney and Parrish Bookcases",10,322.67,0.0,3226.7,1950.03,1276.67
ORD-10171,2023-09-24,2023-09-30,Second Class,CUST-2906,Scott Caldwell,Consumer,South,Connecticut,Office Supplies,Paper,Hall-Jones Paper,3,15.07,0.05,42.95,25.13,17.82
ORD-10172,2022-02-04,2022-02-11,First Class,CUST-2337,David Moore,Corporate,West,Texas,Office Supplies,Pens & Pencils,Parks-Nguyen Pens & Pencils,6,5.23,0.15,26.67,17.92,8.75
ORD-10173,2021-03-08,2021-03-11,Standard Class,CUST-2598,Denise Hunter,Corporate,West,South Carolina,Furniture,Tables,Hernandez-Parker Tables,8,693.57,0.0,5548.56,2802.76,2745.8
ORD-10174,2023-06-23,2023-06-28,First Class,CUST-2507,Noah Bonilla,Home Office,South,Kentucky,Furniture,Shelving,"Smith, Harrison and Holmes Shelving",2,69.43,0.0,138.86,88.76,50.1
ORD-10175,2022-12-20,2022-12-27,Standard Class,CUST-1339,Dawn Martinez,Home Office,South,Vermont,Office Supplies,Paper,"Webster, Morales and Richardson Paper",6,29.74,0.15,151.67,90.87,60.8
ORD-10176,2022-08-16,2022-08-21,Second Class,CUST-2843,Jordan Jones,Home Office,North,Texas,Technology,Monitors,Jones-Chambers Monitors,10,754.08,0.0,7540.8,4720.64,2820.16
ORD-10177,2022-05-22,2022-05-29,Second Class,CUST-1291,Vincent Edwards,Home Office,East,Oklahoma,Technology,Phones,Coleman PLC Phones,5,1118.77,0.15,4754.77,3512.09,1242.68
ORD-10178,2023-01-26,2023-01-30,Standard Class,CUST-1005,John Jones,Home Office,North,Wisconsin,Furniture,Tables,Kent-White Tables,2,637.74,0.05,1211.71,813.06,398.65
ORD-10179,2022-03-10,2022-03-14,Same Day,CUST-1691,Nicole Reeves,Home Office,South,Tennessee,Furniture,Tables,"Fitzgerald, Bailey and Walters Tables",6,996.08,0.15,5080.01,3331.35,1748.66
ORD-1951,2023-06-23,2023-06-27,Same Day,CUST-1414,Mrs. Kayla Nelson,Home Office,South,Wisconsin,Furniture,Tables,Rice Inc Tables,-1,1207.86,0.0,1207.86,802.52,405.34
ORD-10181,2021-12-05,2021-12-06,Standard Class,CUST-2432,Matthew Burns,Consumer,West,Alabama,Furniture,Bookcases,Rodriguez-Gould Bookcases,5,129.95,0.0,649.75,439.2,210.55
ORD-10182,2021-01-17,2021-01-23,Second Class,CUST-2761,Jessica Martin,Corporate,South,Connecticut,Furniture,Chairs,"Ruiz, Smith and Hill Chairs",1,657.03,0.0,657.03,368.77,288.26
ORD-10183,2023-02-23,2023-03-02,First Class,CUST-2313,Lance Simon,Home Office,South,New Hampshire,Office Supplies,Paper,Christian Group Paper,2,17.59,0.1,31.66,18.46,13.2
ORD-10184,2023-04-24,2023-04-29,Second Class,CUST-1177,Tanya Morales,Consumer,South,Wyoming,Technology,Tablets,Morales-Andersen Tablets,10,516.14,0.1,4645.26,2517.96,2127.3
ORD-10185,2022-05-24,2022-05-29,Second Class,CUST-1583,Xavier Blake,Home Office,North,New Mexico,Technology,Tablets,"Boyd, Kemp and Garcia Tablets",6,624.51,0.3,2622.94,2290.03,332.91
ORD-10186,2022-05-06,2022-05-10,First Class,CUST-2306,Heather Perez,Home Office,North,California,Furniture,Bookcases,"Wilson, Smith and Mccarthy Bookcases",10,150.4,0.05,1428.8,971.51,457.29
ORD-10187,2023-08-23,2023-08-30,Same Day,CUST-1028,Amanda Johnson,Corporate,South,Massachusetts,Furniture,Chairs,"Ward, Anderson and Burke Chairs",6,889.24,0.0,5335.44,3311.9,2023.54
ORD-10188,2021-11-09,2021-11-12,Same Day,CUST-2886,Ashley Harris,Consumer,South,South Carolina,Technology,Laptops,"Haley, Romero and Roach Laptops",7,1928.15,0.05,12822.2,7431.06,5391.14
ORD-10189,2023-06-09,2023-06-10,Second Class,CUST-1633,Deborah Williams,Home Office,South,Massachusetts,Furniture,Bookcases,Medina PLC Bookcases,2,231.92,0.0,463.84,218.73,245.11
ORD-10190,2022-07-05,2022-07-11,First Class,CUST-1060,Elizabeth Reid,Corporate,West,South Dakota,Technology,Laptops,Jones Ltd Laptops,1,1591.06,0.0,1591.06,766.47,824.59
ORD-10191,2021-12-08,2021-12-11,First Class,CUST-2831,Christopher Le,Home Office,North,Mississippi,Office Supplies,Labels,"Hall, Brown and Harvey Labels",10,3.15,0.05,29.92,20.94,8.98
ORD-10192,2021-11-04,2021-11-06,,CUST-2132,Kimberly Mullins,Home Office,West,New York,Technology,Accessories,White-Hansen Accessories,1,81.24,0.15,69.05,43.95,25.1
ORD-10193,2021-04-18,2021-04-20,First Class,CUST-1094,Bradley Jones,Corporate,North,New Jersey,Technology,Printers,Smith-Jackson Printers,6,209.1,0.0,1254.6,775.76,478.84
ORD-10194,2022-09-15,2022-09-21,Standard Class,CUST-2211,Patrick Perez,Corporate,South,New Mexico,Office Supplies,Pens & Pencils,"Perez, Rogers and Rice Pens & Pencils",5,19.79,0.0,98.95,51.74,47.21
ORD-10195,2021-01-20,2021-01-23,Standard Class,CUST-2738,Michele Palmer,Home Office,East,Utah,Furniture,Shelving,Fowler Group Shelving,-4,237.73,0.0,950.92,510.27,440.65
ORD-10196,2022-04-20,2022-04-27,Second Class,CUST-1762,Miss Terry Sullivan,Corporate,North,Indiana,Technology,Monitors,Hill-Norman Monitors,4,547.36,0.0,2189.44,1036.17,1153.27
ORD-10197,2022-08-21,2022-08-24,Same Day,CUST-1804,Timothy Jackson,Home Office,East,California,Furniture,Chairs,"Smith, Hardy and Mitchell Chairs",7,494.45,0.0,3461.15,1670.62,1790.53
ORD-10198,2023-08-13,2023-08-16,Standard Class,CUST-2975,Amy Carey,Consumer,West,Maryland,Office Supplies,Storage,Sims Ltd Storage,2,29.04,0.3,40.66,28.52,12.14
ORD-10199,2021-03-24,2021-03-26,First Class,CUST-1186,Jonathan Peterson,Home Office,South,Kentucky,Office Supplies,Storage,"Martin, Lyons and Green Storage",2,28.55,0.0,57.1,35.64,21.46
ORD-10200,2022-05-27,2022-05-28,Standard Class,CUST-1286,Ms. Jennifer Williams,Consumer,North,Delaware,Office Supplies,Storage,Carter Inc Storage,5,45.94,0.0,229.7,152.44,77.26
ORD-10201,2021-06-03,2021-06-04,Standard Class,CUST-2322,Emily Snyder,Corporate,South,Wyoming,Technology,Monitors,Fisher LLC Monitors,7,248.04,0.0,1736.28,893.67,842.61
ORD-10202,2021-03-02,2021-03-06,Same Day,CUST-1439,Kimberly Johnson,Consumer,East,Massachusetts,Technology,Printers,Blanchard-Mitchell Printers,8,143.71,0.0,1149.68,630.89,518.79
ORD-10203,2023-09-09,2023-09-10,First Class,CUST-1858,Christina Garcia,Consumer,South,Ohio,Office Supplies,Storage,"Mccarty, Reed and Lawrence Storage",1,71.84,0.05,68.25,48.18,20.07
ORD-10204,2022-10-21,2022-10-25,Same Day,CUST-2222,Philip Anderson,Consumer,North,Kansas,Furniture,Shelving,Holmes LLC Shelving,7,246.66,0.15,1467.63,1021.15,446.48
ORD-10205,2022-05-09,2022-05-12,Second Class,CUST-2509,Lisa Singh,Consumer,South,Oklahoma,Office Supplies,Paper,Dillon-Thomas Paper,8,49.48,0.05,376.05,188.04,188.01
ORD-10206,2022-12-22,2022-12-27,First Class,CUST-1385,Tyler Ryan,Corporate,East,Virginia,Furniture,Tables,"Powell, Lee and Alexander Tables",3,609.63,0.0,1828.89,835.9,992.99
ORD-1939,2021-09-25,2021-09-28,Same Day,CUST-2729,Alexander Atkinson,Corporate,North,Georgia,Technology,Phones,Jones LLC Phones,1,237.96,0.0,237.96,143.62,94.34
ORD-10208,2023-03-22,2023-03-27,First Class,CUST-1279,Marissa Anderson,Consumer,West,Mississippi,Technology,Monitors,Craig Group Monitors,3,589.96,0.15,1504.4,961.75,542.65
ORD-10209,2021-12-26,2021-12-30,First Class,CUST-1260,Laura Tucker,Consumer,North,Maine,Furniture,Tables,"Barajas, Mcdaniel and Hester Tables",3,1015.87,0.1,2742.85,1820.15,922.7
ORD-10210,2023-10-14,2023-10-16,Second Class,CUST-1710,Bobby Sharp,Corporate,South,Illinois,Furniture,Shelving,Turner PLC Shelving,10,141.82,0.0,1418.2,675.1,743.1
ORD-10211,2021-08-10,2021-08-16,Second Class,CUST-2500,Jocelyn Martin,Corporate,South,Pennsylvania,Furniture,Chairs,"Rodriguez, Phillips and Miller Chairs",-6,753.76,0.0,4522.56,2431.42,2091.14
ORD-10212,2022-04-07,2022-04-09,Same Day,CUST-1068,Matthew Quinn,Corporate,North,Massachusetts,Office Supplies,Storage,"Smith, Davis and Mercer Storage",6,71.72,0.05,408.8,255.83,152.97
ORD-10213,2021-07-10,2021-07-13,Second Class,CUST-1988,Robert Le,Home Office,North,New Hampshire,Office Supplies,Pens & Pencils,"Gates, Gutierrez and Johnson Pens & Pencils",2,23.89,0.0,47.78,28.04,19.74
ORD-10214,2022-06-28,2022-07-04,Second Class,CUST-1101,Christopher Smith,Corporate,West,South Carolina,Office Supplies,Envelopes,Calhoun Group Envelopes,7,7.45,0.0,52.15,28.8,23.35
ORD-10215,2021-12-16,2021-12-22,Same Day,CUST-2728,Jason Burch,Consumer,East,Colorado,Technology,Laptops,Camacho-Adams Laptops,7,1105.16,0.0,7736.12,3531.03,4205.09
ORD-10216,2022-01-18,2022-01-22,Second Class,CUST-1539,Eric Jones,Consumer,East,Alaska,Office Supplies,Storage,"Goodman, Matthews and Bass Storage",5,44.24,0.0,221.2,120.63,100.57
ORD-10217,2021-05-05,2021-05-12,Same Day,CUST-2977,Karen Smith,Home Office,West,Louisiana,Furniture,Chairs,"Williams, Larsen and Smith Chairs",2,203.93,0.0,407.86,243.67,164.19
ORD-10218,2021-10-29,2021-10-30,Standard Class,CUST-2943,Juan Barnes,Consumer,South,Iowa,Furniture,Desks,"Luna, Roman and Mcdonald Desks",2,623.89,0.0,1247.78,842.39,405.39
ORD-10219,2021-05-18,2021-05-19,Second Class,CUST-1667,Wendy Frazier,Corporate,West,South Dakota,Technology,Monitors,Burke-Smith Monitors,2,182.01,0.5,182.01,187.28,-5.27
ORD-10220,2021-07-25,2021-07-26,Second Class,CUST-1585,Victoria Lloyd,Home Office,East,Arizona,Technology,Accessories,Ferguson-Sullivan Accessories,9,97.23,0.15,743.81,522.4,221.41
ORD-10221,2023-04-03,2023-04-04,Second Class,CUST-2414,Tammy Leon PhD,Consumer,North,Idaho,Office Supplies,Pens & Pencils,Rush-Saunders Pens & Pencils,8,10.81,0.05,82.16,42.03,40.13
ORD-10222,2021-07-21,2021-07-28,First Class,CUST-2523,Tiffany Ross,Corporate,East,Iowa,Furniture,Tables,Vasquez-Lee Tables,6,1390.75,0.0,8344.5,5513.31,2831.19
ORD-10223,2023-02-05,2023-02-12,Same Day,CUST-1134,Diana Bailey,Corporate,West,Virginia,Office Supplies,Envelopes,Smith Group Envelopes,2,14.25,0.0,28.5,18.24,10.26
ORD-10224,2023-07-24,2023-07-25,Second Class,CUST-1561,Kerry Hale,Corporate,West,New Jersey,Technology,Tablets,Stewart-Watson Tablets,1,721.57,0.0,721.57,369.71,351.86
ORD-10225,2023-08-30,2023-09-04,Same Day,CUST-2715,Theresa Simpson,Corporate,North,Pennsylvania,Furniture,Tables,Ramos LLC Tables,2,996.87,0.1,1794.37,985.7,808.67
ORD-10226,2022-02-28,2022-03-03,Second Class,CUST-2770,Ian Edwards,Home Office,North,Utah,Office Supplies,Paper,"Le, Patterson and Stephens Paper",3,26.26,0.15,66.96,48.2,18.76
ORD-10227,2022-07-18,2022-07-22,First Class,CUST-1940,John Williams,Corporate,South,Alabama,Office Supplies,Binders,"Cox, Mathis and Murphy Binders",10,26.95,0.15,229.07,169.07,60.0
ORD-10228,2022-08-02,2022-08-05,First Class,CUST-1688,Brandi Cannon,Corporate,East,Kentucky,Office Supplies,Pens & Pencils,"Hunter, Wolfe and Spencer Pens & Pencils",10,17.58,0.0,175.8,105.21,70.59
ORD-10229,2023-04-08,2023-04-14,Second Class,CUST-1052,Jacob Rice,Home Office,West,Oklahoma,Office Supplies,Pens & Pencils,Butler Ltd Pens & Pencils,5,17.09,0.0,85.45,55.66,29.79
ORD-10230,2023-12-31,2024-01-06,Second Class,CUST-2375,Megan Gonzalez,Corporate,East,North Dakota,Office Supplies,Pens & Pencils,Martinez-Jacobs Pens & Pencils,7,22.86,0.0,160.02,100.55,59.47
ORD-10231,2022-01-10,2022-01-16,First Class,CUST-1455,Gabriella Nguyen,Corporate,South,Utah,Technology,Accessories,Johnson Inc Accessories,3,132.71,0.0,398.13,234.8,163.33
ORD-10232,2021-05-26,2021-05-30,Same Day,CUST-2776,Jamie Smith,Home Office,West,Delaware,Furniture,Bookcases,"Brooks, Gallagher and Woods Bookcases",6,245.01,0.0,1470.06,834.46,635.6
ORD-10233,2023-07-27,2023-07-29,Same Day,CUST-2595,Gregory Downs,Consumer,West,Delaware,Furniture,Bookcases,Cook-Andrews Bookcases,3,241.77,0.0,725.31,488.29,237.02
ORD-10234,2021-12-12,2021-12-17,,CUST-2563,Anthony Chase,Consumer,South,Nevada,Office Supplies,Envelopes,Wagner Inc Envelopes,6,29.64,0.05,168.95,113.87,55.08
ORD-10235,2023-02-04,2023-02-05,Standard Class,CUST-2087,Matthew Mullins,Consumer,North,Montana,Furniture,Tables,Thompson-Miller Tables,7,994.21,0.0,6959.47,3478.72,3480.75
ORD-10236,2022-09-19,2022-09-21,First Class,CUST-2942,Heather Johnson,Corporate,West,Washington,Furniture,Chairs,"Martin, Johnson and Osborne Chairs",4,593.88,0.0,2375.52,1296.77,1078.75
ORD-10237,2023-01-06,2023-01-13,Second Class,CUST-2880,Kristy Hunt,Corporate,North,Florida,Furniture,Shelving,Snyder and Sons Shelving,6,195.06,0.0,1170.36,790.4,379.96
ORD-10238,2021-03-18,2021-03-22,,CUST-2095,Ryan Harris,Home Office,North,Washington,Technology,Monitors,Curtis-Campbell Monitors,3,695.38,0.0,2086.14,1003.0,1083.14
ORD-10239,2023-08-30,2023-09-05,Same Day,CUST-2290,Melissa Vasquez,Consumer,East,Indiana,Furniture,Chairs,Mccoy-Gray Chairs,1,622.82,0.0,622.82,365.48,257.34
ORD-10240,2023-11-14,2023-11-20,Second Class,CUST-2607,Jennifer Bailey,Consumer,West,Alabama,Office Supplies,Envelopes,Ramos-Stafford Envelopes,9,5.73,0.0,51.57,34.79,16.78
ORD-10241,2021-03-22,2021-03-27,First Class,CUST-2911,Kyle Brown,Corporate,East,Indiana,Technology,Tablets,Jensen Inc Tablets,5,279.84,0.15,1189.32,732.95,456.37
ORD-10242,2023-11-14,2023-11-15,Same Day,CUST-1524,Stacey Turner,Home Office,South,Oklahoma,Technology,Laptops,Brown Group Laptops,2,617.85,0.2,988.56,583.89,404.67
ORD-10243,2022-10-03,2022-10-07,Standard Class,CUST-2552,Justin Carter,Consumer,North,South Dakota,Office Supplies,Pens & Pencils,Strong-Hunter Pens & Pencils,1,8.07,0.0,8.07,4.36,3.71
ORD-10244,2022-12-03,2022-12-05,First Class,CUST-1934,Rebecca Evans,Corporate,West,Arizona,Technology,Accessories,Ochoa-Burke Accessories,6,100.61,0.0,603.66,285.67,317.99
ORD-10245,2021-08-01,2021-08-05,Standard Class,CUST-2165,Joy Reynolds,Home Office,West,South Carolina,Furniture,Tables,Rosales-Rosario Tables,3,1223.86,0.0,3671.58,2427.24,1244.34
ORD-10246,2023-04-23,2023-04-27,Second Class,CUST-1643,Brianna Simon,Consumer,South,Kansas,Technology,Tablets,Campos-Cohen Tablets,6,396.84,0.05,2261.99,1362.03,899.96
ORD-10247,2023-02-28,2023-03-02,Second Class,CUST-2255,Mary Wright,Consumer,North,Georgia,Furniture,Bookcases,Bolton-Ortiz Bookcases,10,288.4,0.0,2884.0,1776.34,1107.66
ORD-10248,2022-11-09,2022-11-12,Standard Class,CUST-2317,Kenneth Thompson,Corporate,West,North Carolina,Furniture,Desks,"Murphy, Moss and Harrison Desks",8,656.12,0.15,4461.62,2782.78,1678.84
ORD-10249,2021-02-06,2021-02-07,Same Day,CUST-2124,Christopher Walker,Consumer,North,North Carolina,Technology,Laptops,"Coleman, Sandoval and House Laptops",10,1242.73,0.0,12427.3,8639.06,3788.24
ORD-10250,2021-04-22,2021-04-29,Same Day,CUST-2147,Aaron Mullins,Home Office,West,Hawaii,Furniture,Shelving,Butler-Perez Shelving,9,205.76,0.05,1759.25,1001.54,757.71
ORD-10251,2022-08-21,2022-08-26,Standard Class,CUST-1093,Carolyn James,Consumer,West,Nevada,Furniture,Bookcases,Johnson-Johnson Bookcases,2,375.0,0.0,750.0,493.1,256.9
ORD-10252,2022-03-18,2022-03-22,Second Class,CUST-1692,Laura Navarro,Consumer,West,Hawaii,Technology,Accessories,"Rodriguez, Thompson and Orozco Accessories",7,113.95,0.0,797.65,528.88,268.77
ORD-10253,2021-10-03,2021-10-07,Same Day,CUST-2133,Eric Rodriguez,Corporate,West,Wyoming,Technology,Accessories,Miller-Curtis Accessories,-10,127.25,0.0,1272.5,876.81,395.69
ORD-10254,2022-10-22,2022-10-27,Same Day,CUST-2247,Dennis Fleming,Home Office,South,Arizona,Furniture,Desks,"Lewis, Lopez and Owen Desks",3,861.0,0.1,2324.7,1553.78,770.92
ORD-10255,2023-11-16,2023-11-19,Same Day,CUST-1642,Brianna Arnold,Home Office,South,Massachusetts,Office Supplies,Storage,"Nelson, Johnson and Powell Storage",5,77.45,0.0,387.25,260.08,127.17
ORD-10256,2021-12-31,2022-01-05,Second Class,CUST-2454,Amy Aguilar,Consumer,East,Illinois,Technology,Monitors,Smith-Smith Monitors,5,618.13,0.1,2781.59,1893.09,888.5
ORD-10257,2021-01-27,2021-02-01,First Class,CUST-1108,Lori Knight,Home Office,North,Illinois,Furniture,Tables,Foley-Thompson Tables,7,924.27,0.1,5822.9,3594.65,2228.25
ORD-10258,2022-08-28,2022-08-30,Second Class,CUST-2667,Jorge Ward,Corporate,North,Georgia,Technology,Printers,"Burton, Morales and Parker Printers",3,470.1,0.5,705.15,878.12,-172.97
ORD-10259,2023-02-21,2023-02-25,First Class,CUST-2403,Audrey Stewart,Corporate,North,Rhode Island,Furniture,Shelving,Kelley PLC Shelving,9,264.86,0.0,2383.74,1100.68,1283.06
ORD-10260,2023-01-24,2023-01-31,Same Day,CUST-1402,Ms. Karen Cline,Home Office,South,Florida,Technology,Accessories,Gonzalez Group Accessories,10,45.19,0.15,384.11,306.33,77.78
ORD-10261,2022-06-26,2022-06-28,Standard Class,CUST-1011,Jennifer Johnson,Corporate,West,New Mexico,Office Supplies,Storage,"Greene, Stark and Tyler Storage",2,22.42,0.0,44.84,24.98,19.86
ORD-10262,2023-01-04,2023-01-05,First Class,CUST-1450,Stephen Hunter,Consumer,North,Alabama,Furniture,Desks,Wolf-Griffin Desks,6,143.93,0.05,820.4,512.25,308.15
ORD-10263,2022-08-25,2022-08-27,Second Class,CUST-1972,Cory Meadows,Home Office,North,Wyoming,Furniture,Desks,"Burke, Andrews and Palmer Desks",9,557.52,0.0,5017.68,2673.25,2344.43
ORD-10264,2022-10-20,2022-10-24,Second Class,CUST-1790,Timothy Dickerson,Corporate,East,Mississippi,Technology,Accessories,"Flowers, Norman and Gomez Accessories",4,58.44,0.2,187.01,145.08,41.93
ORD-10265,2022-01-30,2022-02-02,Same Day,CUST-1342,Daniel Bishop,Home Office,North,Nebraska,Technology,Tablets,Parker PLC Tablets,6,684.37,0.05,3900.91,2769.93,1130.98
ORD-10266,2023-06-11,2023-06-17,Standard Class,CUST-2405,Yvette Brown,Consumer,North,Minnesota,Furniture,Chairs,Valdez Inc Chairs,4,252.84,0.15,859.66,664.65,195.01
ORD-10267,2022-04-12,2022-04-15,First Class,CUST-1828,Margaret Turner,Corporate,East,Massachusetts,Office Supplies,Envelopes,Mccullough-Reynolds Envelopes,2,11.96,0.0,23.92,14.2,9.72
ORD-10268,2021-05-29,2021-06-01,Standard Class,CUST-2611,Sean Higgins,Home Office,East,New Jersey,Technology,Phones,Pittman and Sons Phones,9,873.3,0.0,7859.7,4687.54,3172.16
ORD-10269,2021-10-07,2021-10-13,Standard Class,CUST-2117,Troy Gill,Corporate,South,Iowa,Furniture,Chairs,Morales PLC Chairs,8,310.84,0.0,2486.72,1450.67,1036.05
ORD-10270,2021-03-27,2021-03-28,,CUST-2121,James Pugh,Consumer,East,Massachusetts,Office Supplies,Envelopes,Williams LLC Envelopes,6,26.95,0.3,113.19,78.48,34.71
ORD-10271,2022-06-02,2022-06-04,Second Class,CUST-2161,Jennifer Johnson,Consumer,West,Virginia,Technology,Accessories,"Hood, Christian and Smith Accessories",6,113.8,0.0,682.8,344.95,337.85
ORD-10272,2022-04-26,2022-04-27,Same Day,CUST-1396,Keith Haley,Corporate,West,Idaho,Furniture,Shelving,"Mendoza, Foster and Oliver Shelving",2,59.02,0.0,118.04,63.66,54.38
ORD-10273,2021-12-12,2021-12-13,First Class,CUST-2458,Ronald Goodwin,Home Office,West,Alabama,Office Supplies,Pens & Pencils,Weiss Inc Pens & Pencils,5,16.18,0.1,72.81,55.79,17.02
ORD-10274,2021-08-11,2021-08-13,First Class,CUST-1574,Dr. Justin Spencer,Consumer,South,New Hampshire,Office Supplies,Pens & Pencils,Chang and Sons Pens & Pencils,6,5.09,0.2,24.43,17.46,6.97
ORD-10275,2022-03-12,2022-03-13,Standard Class,CUST-2105,Cynthia Contreras MD,Corporate,South,New Jersey,Office Supplies,Envelopes,Gilmore-Roman Envelopes,2,26.93,0.1,48.47,32.03,16.44
ORD-10276,2023-01-16,2023-01-21,Same Day,CUST-2974,Sharon Thompson,Home Office,South,Alabama,Office Supplies,Storage,Martinez PLC Storage,-10,25.63,0.1,230.67,121.14,109.53
ORD-10277,2023-01-05,2023-01-06,Second Class,CUST-1128,Leonard Ramos,Corporate,East,Oregon,Furniture,Desks,Evans-Martin Desks,3,590.84,0.05,1683.89,1011.89,672.0
ORD-10278,2021-03-23,2021-03-29,Same Day,CUST-2067,Martha Watson,Home Office,East,Maryland,Technology,Laptops,"Miller, Fitzgerald and Griffin Laptops",9,1536.02,0.2,11059.34,9267.56,1791.78
ORD-10279,2021-06-09,2021-06-14,First Class,CUST-1456,Mary Jackson,Home Office,West,Arkansas,Furniture,Bookcases,Erickson PLC Bookcases,10,314.6,0.0,3146.0,2122.16,1023.84
ORD-10280,2022-04-17,2022-04-18,,CUST-1307,Benjamin Sheppard,Consumer,South,North Carolina,Office Supplies,Pens & Pencils,Salazar PLC Pens & Pencils,8,13.2,0.2,84.48,59.13,25.35
ORD-10281,2023-09-08,2023-09-12,First Class,CUST-2706,Jennifer Potter,Corporate,North,Nebraska,Office Supplies,Labels,Lawson Inc Labels,2,14.91,0.1,26.84,17.01,9.83
ORD-10282,2021-12-07,2021-12-10,Standard Class,CUST-1830,Angie Donovan,Home Office,North,Texas,Technology,Laptops,"Chen, Lambert and Hernandez Laptops",10,779.04,0.0,7790.4,3791.71,3998.69
ORD-10283,2021-10-20,2021-10-27,Same Day,CUST-2276,Candice Perry,Home Office,East,Illinois,Furniture,Bookcases,"Ramos, Dominguez and Vargas Bookcases",4,476.79,0.0,1907.16,1254.13,653.03
ORD-10284,2022-02-19,2022-02-24,Same Day,CUST-1859,Ronald Parker,Consumer,North,Michigan,Technology,Accessories,Bennett-Patterson Accessories,8,105.98,0.05,805.45,404.54,400.91
ORD-10285,2021-01-03,2021-01-10,Standard Class,CUST-1861,Robert Abbott,Corporate,North,Pennsylvania,Technology,Phones,Campbell-Mcdonald Phones,10,1101.61,0.0,11016.1,6773.23,4242.87
ORD-10286,2022-04-22,2022-04-29,Standard Class,CUST-2113,Tina Stark,Corporate,East,California,Furniture,Shelving,Evans Group Shelving,8,151.53,0.15,1030.4,622.64,407.76
ORD-10287,2022-10-09,2022-10-13,Standard Class,CUST-2334,Brent Castillo,Home Office,East,Utah,Technology,Laptops,Li Ltd Laptops,1,1592.81,0.05,1513.17,798.56,714.61
ORD-10288,2023-09-16,2023-09-18,Same Day,CUST-1519,Penny Booth,Corporate,East,Washington,Office Supplies,Labels,Graham-Clark Labels,6,9.62,0.05,54.83,31.94,22.89
ORD-10289,2022-11-25,2022-12-02,Second Class,CUST-2447,Wayne Hart,Consumer,South,Arizona,Furniture,Tables,Harris-Rush Tables,2,1135.38,0.1,2043.68,1310.42,733.26
ORD-10290,2023-01-30,2023-01-31,Same Day,CUST-2906,Joseph Middleton,Corporate,East,New Mexico,Office Supplies,Envelopes,Barrett Ltd Envelopes,2,3.14,0.15,5.34,3.24,2.1
ORD-10291,2023-11-28,2023-12-01,Second Class,CUST-2045,Timothy Reed,Home Office,South,Vermont,Furniture,Shelving,Rojas and Sons Shelving,3,54.94,0.05,156.58,112.52,44.06
ORD-10292,2023-03-30,2023-04-02,,CUST-1410,Kathryn Turner,Home Office,North,Kansas,Furniture,Desks,"Hartman, Mason and Jones Desks",6,841.43,0.0,5048.58,3529.99,1518.59
ORD-10293,2022-04-09,2022-04-14,First Class,CUST-1827,Kim Paul,Home Office,North,New Jersey,Furniture,Chairs,May-Marks Chairs,9,833.73,0.0,7503.57,4906.42,2597.15
ORD-10294,2022-06-12,2022-06-17,First Class,CUST-2421,Samantha Jones,Corporate,West,Nebraska,Office Supplies,Binders,"Ellison, Olsen and Morales Binders",2,18.06,0.05,34.31,23.5,10.81
ORD-10295,2023-09-15,2023-09-16,Same Day,CUST-2615,Megan Johnson,Consumer,South,Arkansas,Furniture,Tables,Schwartz-Robles Tables,6,1182.55,0.3,4966.71,4721.96,244.75
ORD-10296,2022-12-02,2022-12-03,First Class,CUST-1642,Hector Park,Corporate,South,Arizona,Office Supplies,Storage,Compton-Davis Storage,9,76.88,0.05,657.32,327.45,329.87
ORD-10297,2022-02-20,2022-02-27,Second Class,CUST-1319,Edward Parker,Consumer,North,South Dakota,Furniture,Bookcases,"Hernandez, Morris and Little Bookcases",4,140.43,0.0,561.72,281.81,279.91
ORD-10298,2022-10-08,2022-10-12,Standard Class,CUST-2176,Janice Schmidt,Corporate,West,North Carolina,Technology,Accessories,"Huffman, Wise and Hoffman Accessories",8,143.81,0.05,1092.96,624.48,468.48
ORD-10299,2023-10-27,2023-10-30,Same Day,CUST-1357,Bradley Lucas,Corporate,North,New York,Technology,Tablets,Neal-Powers Tablets,4,332.17,0.1,1195.81,777.53,418.28
ORD-10300,2022-06-16,2022-06-18,Standard Class,CUST-1965,Trevor Graham,Home Office,East,Oklahoma,Furniture,Shelving,Morris-Jackson Shelving,1,159.62,0.0,159.62,96.28,63.34
ORD-10301,2022-01-04,2022-01-09,First Class,CUST-1468,Andrew Castillo,Consumer,East,Nevada,Office Supplies,Binders,Russell Inc Binders,4,21.45,0.0,85.8,44.61,41.19
ORD-10302,2023-05-14,2023-05-18,Second Class,CUST-2291,Veronica Lewis,Home Office,East,Mississippi,Technology,Tablets,Atkinson-Moore Tablets,7,430.94,0.0,3016.58,1364.81,1651.77
ORD-10303,2023-09-03,2023-09-10,Second Class,CUST-1685,Randy Tran,Corporate,East,Wisconsin,Office Supplies,Pens & Pencils,"Riley, Bailey and Dixon Pens & Pencils",10,7.77,0.0,77.7,50.77,26.93
ORD-10304,2022-02-12,2022-02-17,First Class,CUST-1357,Travis Davis,Corporate,East,Minnesota,Office Supplies,Labels,Blair-Rowland Labels,5,12.03,0.0,60.15,41.55,18.6
ORD-10305,2021-12-10,2021-12-16,First Class,CUST-2292,Garrett Clarke,Home Office,West,Georgia,Office Supplies,Envelopes,"Lyons, Everett and Chandler Envelopes",8,16.78,0.2,107.39,92.51,14.88
ORD-10306,2023-07-01,2023-07-08,First Class,CUST-2202,Tamara Mayer,Home Office,West,New Mexico,Technology,Laptops,Mathews-Short Laptops,4,826.8,0.0,3307.2,1815.2,1492.0
ORD-10307,2021-06-13,2021-06-15,First Class,CUST-1130,Amanda Strong,Corporate,North,Maryland,Office Supplies,Binders,"Gentry, Chavez and Campos Binders",1,9.8,0.0,9.8,6.13,3.67
ORD-10308,2022-09-26,2022-09-28,Standard Class,CUST-2283,Brandon Mann,Consumer,South,Virginia,Technology,Phones,Jensen-Flores Phones,2,723.98,0.0,1447.96,972.11,475.85
ORD-10309,2022-07-12,2022-07-17,Same Day,CUST-2428,Richard Black,Home Office,South,Virginia,Furniture,Desks,"Anderson, Wallace and Miller Desks",6,131.43,0.15,670.29,526.55,143.74
ORD-10310,2022-04-11,2022-04-18,First Class,CUST-1844,Holly Gaines,Corporate,South,Alabama,Furniture,Shelving,Butler Inc Shelving,10,158.7,0.0,1587.0,905.25,681.75
ORD-10311,2023-09-05,2023-09-08,Standard Class,CUST-1599,Jeffery Ponce,Home Office,South,Rhode Island,Office Supplies,Paper,Hunter and Sons Paper,-3,5.01,0.0,15.03,8.61,6.42
ORD-10312,2023-03-10,2023-03-17,Second Class,CUST-1864,Edwin Washington,Home Office,South,Alabama,Technology,Tablets,Johnson Ltd Tablets,7,392.87,0.2,2200.07,1744.33,455.74
ORD-10313,2022-01-09,2022-01-11,First Class,CUST-2265,John Mosley,Corporate,East,Arizona,Furniture,Shelving,Thomas Inc Shelving,5,249.97,0.0,1249.85,829.11,420.74
ORD-10314,2022-07-06,2022-07-08,Standard Class,CUST-1476,Anne Wright,Consumer,South,West Virginia,Furniture,Shelving,Hanson LLC Shelving,6,167.92,0.0,1007.52,479.14,528.38
ORD-10315,2022-11-08,2022-11-09,First Class,CUST-1114,Christina Rodriguez,Corporate,West,Ohio,Technology,Phones,Davis and Sons Phones,7,417.19,0.0,2920.33,1891.95,1028.38
ORD-10316,2022-05-25,2022-05-29,Same Day,CUST-2510,Erik Duran,Consumer,South,New Jersey,Technology,Tablets,Thompson-Patterson Tablets,4,455.6,0.2,1457.92,875.65,582.27
ORD-10317,2022-10-24,2022-10-26,Same Day,CUST-2919,Melissa Coleman,Home Office,North,Nevada,Office Supplies,Envelopes,Edwards-Murphy Envelopes,9,23.82,0.1,192.94,113.2,79.74
ORD-10318,2023-06-09,2023-06-12,Second Class,CUST-2197,Toni Kelley,Consumer,West,Alabama,Office Supplies,Storage,Campbell-Spencer Storage,4,54.7,0.0,218.8,111.37,107.43
ORD-10319,2021-11-19,2021-11-23,Second Class,CUST-2906,Barbara Graves,Home Office,North,South Dakota,Technology,Laptops,"Tucker, Adams and Garrett Laptops",10,1956.37,0.15,16629.14,9241.3,7387.84
ORD-10320,2022-12-13,2022-12-20,Second Class,CUST-1043,Travis Turner,Home Office,West,North Carolina,Technology,Printers,Lambert-Wilson Printers,9,415.18,0.15,3176.13,2203.06,973.07
ORD-10321,2022-01-18,2022-01-23,First Class,CUST-1563,Keith Cuevas,Home Office,South,Nebraska,Office Supplies,Envelopes,Bradford-Flowers Envelopes,1,6.64,0.0,6.64,3.8,2.84
ORD-1653,2022-01-15,2022-01-16,Same Day,CUST-2270,Carla Martinez,Consumer,East,Delaware,Technology,Tablets,Dominguez-Smith Tablets,5,250.77,0.15,1065.77,722.83,342.94
ORD-10323,2022-08-03,2022-08-06,Same Day,CUST-1197,Andrew Montes,Home Office,North,Arizona,Furniture,Chairs,Huang LLC Chairs,9,619.8,0.15,4741.47,2725.13,2016.34
ORD-10324,2023-03-07,2023-03-13,Standard Class,CUST-2208,Andrew Lynch,Corporate,North,Colorado,Technology,Monitors,Dunn-West Monitors,1,283.98,0.0,283.98,173.35,110.63
ORD-10325,2023-08-17,2023-08-24,Same Day,CUST-2522,Toni Bailey,Corporate,East,Arkansas,Office Supplies,Binders,Park-Miller Binders,2,25.42,0.0,50.84,33.45,17.39
ORD-10326,2023-11-30,2023-12-01,First Class,CUST-1789,William Fisher,Consumer,South,Kansas,Furniture,Chairs,Cohen-Cook Chairs,5,755.39,0.05,3588.1,1903.49,1684.61
ORD-10327,2023-07-29,2023-08-04,Standard Class,CUST-1341,James Bartlett,Consumer,West,Alabama,Furniture,Desks,Cook-Scott Desks,3,727.03,0.05,2072.04,1295.87,776.17
ORD-10328,2022-10-27,2022-11-03,First Class,CUST-1881,Susan Bowers,Home Office,East,Wyoming,Furniture,Bookcases,Parsons-Stewart Bookcases,9,349.31,0.5,1571.89,1847.04,-275.15
ORD-10329,2023-03-25,2023-03-26,First Class,CUST-2220,Joseph Horn,Consumer,South,Kentucky,Furniture,Desks,Walker Ltd Desks,4,719.46,0.0,2877.84,1620.51,1257.33
ORD-10330,2021-11-13,2021-11-14,First Class,CUST-1283,Edward Martinez,Corporate,East,Colorado,Office Supplies,Paper,Alexander-Nguyen Paper,4,21.52,0.0,86.08,49.74,36.34
ORD-10331,2023-09-16,2023-09-18,Second Class,CUST-2439,Kerri Smith,Home Office,North,Idaho,Furniture,Desks,Mitchell-Graham Desks,5,356.29,0.0,1781.45,1123.91,657.54
ORD-10332,2023-05-04,2023-05-11,First Class,CUST-2531,Barry Shannon,Home Office,North,North Dakota,Furniture,Bookcases,"Pearson, Williams and Wilson Bookcases",10,76.44,0.0,764.4,500.14,264.26
ORD-10333,2021-11-10,2021-11-11,Second Class,CUST-2988,Robert Aguilar,Corporate,North,Vermont,Furniture,Tables,Ballard-Rodriguez Tables,9,194.7,0.0,1752.3,1094.21,658.09
ORD-10334,2023-03-29,2023-04-01,Same Day,CUST-2584,Toni Moss,Home Office,South,Nebraska,Technology,Phones,Smith and Sons Phones,7,489.78,0.0,3428.46,1585.07,1843.39
ORD-10335,2023-05-31,2023-06-03,Second Class,CUST-1230,Nathan Williams,Home Office,West,Tennessee,Technology,Phones,Galvan Group Phones,8,759.3,0.0,6074.4,3137.82,2936.58
ORD-10336,2023-06-25,2023-06-30,First Class,CUST-2675,Mark Davis,Consumer,South,Illinois,Office Supplies,Pens & Pencils,Gomez PLC Pens & Pencils,6,10.01,0.0,60.06,32.28,27.78
ORD-10337,2021-01-29,2021-02-01,Second Class,CUST-1921,Jacob Patterson,Corporate,North,Michigan,Furniture,Bookcases,"Johnson, Carlson and Shaw Bookcases",2,128.64,0.0,257.28,168.53,88.75
ORD-10338,2021-10-17,2021-10-23,First Class,CUST-2193,Christopher Jones,Home Office,North,Minnesota,Office Supplies,Binders,Higgins PLC Binders,4,30.38,0.0,121.52,73.61,47.91
ORD-10339,2021-05-17,2021-05-21,Standard Class,CUST-2869,Emily Woods,Home Office,East,North Carolina,Office Supplies,Binders,"Harris, Patterson and Fry Binders",4,5.22,0.15,17.75,14.33,3.42
ORD-10340,2023-12-25,2023-12-26,Standard Class,CUST-1937,Helen Schneider,Home Office,North,West Virginia,Technology,Laptops,Davis-Mcclure Laptops,7,1009.49,0.0,7066.43,4036.1,3030.33
ORD-1700,2022-09-12,2022-09-14,Second Class,CUST-1564,Sara Russell,Consumer,East,Wisconsin,Technology,Monitors,Price-Clark Monitors,5,841.7,0.0,4208.5,2264.08,1944.42
ORD-10342,2023-02-22,2023-02-27,Same Day,CUST-2281,Dr. Stephen Contreras,Home Office,South,California,Office Supplies,Paper,Reese and Sons Paper,5,56.93,0.0,284.65,134.34,150.31
ORD-10343,2021-10-11,2021-10-16,First Class,CUST-2766,Michael Anderson,Consumer,East,Georgia,Office Supplies,Binders,"Moore, Wagner and Williams Binders",7,24.2,0.3,118.58,81.81,36.77
ORD-10344,2021-11-20,2021-11-23,Second Class,CUST-2473,John Perry,Consumer,South,New Mexico,Furniture,Shelving,"Bailey, Smith and Hays Shelving",7,276.49,0.5,967.72,1144.25,-176.53
ORD-10345,2022-07-15,2022-07-17,Same Day,CUST-1378,Kyle Campbell,Consumer,East,Arkansas,Office Supplies,Binders,Woodward-Spence Binders,6,29.9,0.2,143.52,114.17,29.35
ORD-10346,2021-10-02,2021-10-07,First Class,CUST-2330,Mr. Kyle Graham,Corporate,South,Delaware,Furniture,Shelving,"Smith, Banks and Garcia Shelving",10,199.21,0.0,1992.1,1284.82,707.28
ORD-10347,2022-04-01,2022-04-07,Standard Class,CUST-1418,John Nguyen,Consumer,South,New Hampshire,Office Supplies,Storage,"Ayers, Weber and Hale Storage",3,43.17,0.0,129.51,89.04,40.47
ORD-10348,2023-02-19,2023-02-25,Same Day,CUST-2520,John Howard,Home Office,North,Florida,Office Supplies,Labels,Brewer-Herrera Labels,6,10.82,0.15,55.18,29.89,25.29
ORD-10349,2023-03-05,2023-03-10,Same Day,CUST-1388,Gregg Hall,Corporate,West,Colorado,Furniture,Chairs,Lawson Inc Chairs,1,450.32,0.2,360.26,207.06,153.2
ORD-10350,2023-08-08,2023-08-15,Standard Class,CUST-2025,Russell Mcfarland,Consumer,South,Alaska,Office Supplies,Pens & Pencils,Bradford-Hernandez Pens & Pencils,5,19.79,0.0,98.95,66.88,32.07
ORD-10351,2022-02-18,2022-02-22,,CUST-2328,John Martinez,Home Office,South,Wisconsin,Furniture,Shelving,"Hernandez, Hill and Boyd Shelving",7,75.18,0.0,526.26,354.78,171.48
ORD-10352,2021-11-24,2021-11-28,Same Day,CUST-1349,Mercedes Wilson,Corporate,South,South Dakota,Furniture,Chairs,Lewis PLC Chairs,8,154.78,0.05,1176.33,859.09,317.24
ORD-10353,2021-09-27,2021-09-29,Same Day,CUST-1025,Anna Mathis,Corporate,West,New Hampshire,Technology,Monitors,Stewart and Sons Monitors,-1,284.15,0.0,284.15,140.7,143.45
ORD-10354,2021-01-14,2021-01-16,Same Day,CUST-2287,Amy Santiago,Home Office,South,Maryland,Office Supplies,Labels,Waters Ltd Labels,10,16.53,0.2,132.24,92.65,39.59
ORD-10355,2021-08-12,2021-08-16,First Class,CUST-1582,Joseph Higgins,Home Office,South,Vermont,Technology,Monitors,"Oneal, Wolf and King Monitors",6,261.19,0.0,1567.14,739.57,827.57
ORD-10356,2023-05-26,2023-06-02,First Class,CUST-1275,Peggy Johnson,Consumer,East,Michigan,Office Supplies,Envelopes,Hansen-Cochran Envelopes,1,18.63,0.0,18.63,12.2,6.43
ORD-10357,2023-12-20,2023-12-21,Standard Class,CUST-2912,Christopher Parker,Home Office,East,New Jersey,Office Supplies,Labels,Smith and Sons Labels,4,9.45,0.1,34.02,26.26,7.76
ORD-10358,2023-10-14,2023-10-19,First Class,CUST-2654,Dr. David Moore,Consumer,South,Ohio,Office Supplies,Labels,Skinner-Juarez Labels,5,17.26,0.05,81.99,52.09,29.9
ORD-10359,2023-04-30,2023-05-04,Standard Class,CUST-2650,Felicia Sanders,Home Office,South,Kansas,Furniture,Bookcases,"Roberts, Simpson and Evans Bookcases",1,490.87,0.0,490.87,246.33,244.54
ORD-10360,2021-01-13,2021-01-14,First Class,CUST-2483,Stephanie Buckley,Home Office,North,Michigan,Technology,Accessories,Diaz-Perez Accessories,5,38.17,0.0,190.85,101.34,89.51
ORD-10361,2023-09-14,2023-09-16,Same Day,CUST-2099,Michael Smith,Corporate,West,Maine,Technology,Monitors,Kirby and Sons Monitors,6,397.89,0.2,1909.87,1459.65,450.22
ORD-10362,2022-11-11,2022-11-18,First Class,CUST-1135,Gail Snyder,Consumer,East,Arkansas,Office Supplies,Envelopes,"Graves, Williams and Ortiz Envelopes",9,4.51,0.0,40.59,18.46,22.13
ORD-10363,2022-09-24,2022-09-30,Same Day,CUST-1556,Joseph White,Corporate,North,Oklahoma,Technology,Printers,Smith Group Printers,9,591.48,0.15,4524.82,2550.99,1973.83
ORD-10364,2022-02-18,2022-02-19,Standard Class,CUST-1988,Angel Serrano,Home Office,South,Iowa,Office Supplies,Binders,"Hill, Graham and Johnson Binders",5,16.75,0.0,83.75,38.47,45.28
ORD-10365,2021-09-29,2021-10-01,Standard Class,CUST-2461,Travis Brewer,Home Office,North,Tennessee,Technology,Printers,"Harrison, Johnson and Duke Printers",9,560.29,0.0,5042.61,3451.7,1590.91
ORD-10366,2022-10-02,2022-10-03,Standard Class,CUST-2827,Jeffrey Lyons,Consumer,East,Georgia,Technology,Printers,"Miller, Mitchell and Patton Printers",10,564.82,0.2,4518.56,3623.57,894.99
ORD-10367,2021-08-23,2021-08-24,Standard Class,CUST-1209,Kelli Wilson,Consumer,East,Florida,Technology,Monitors,"Smith, Turner and Alvarez Monitors",9,364.93,0.0,3284.37,1607.29,1677.08
ORD-10368,2023-06-28,2023-06-29,First Class,CUST-2383,Samantha Johnson,Consumer,North,Mississippi,Furniture,Bookcases,"Bailey, Abbott and Garcia Bookcases",5,179.26,0.05,851.48,479.24,372.24
ORD-10369,2022-02-10,2022-02-16,Same Day,CUST-1160,Samantha Meyers,Corporate,South,Alabama,Office Supplies,Paper,Ramos-Miller Paper,7,9.74,0.0,68.18,36.01,32.17
ORD-10370,2021-10-22,2021-10-29,Same Day,CUST-1744,Crystal Aguilar,Corporate,South,Louisiana,Technology,Accessories,"Waller, Payne and Hicks Accessories",8,75.56,0.0,604.48,415.19,189.29
ORD-10371,2021-12-16,2021-12-19,Same Day,CUST-1260,Christina Simon,Home Office,North,Virginia,Furniture,Bookcases,Stewart Group Bookcases,6,407.06,0.0,2442.36,1391.32,1051.04
ORD-10372,2023-04-27,2023-04-29,First Class,CUST-2994,Carol Maxwell,Corporate,West,Vermont,Office Supplies,Envelopes,Thomas Inc Envelopes,6,24.51,0.05,139.71,80.91,58.8
ORD-10373,2021-06-09,2021-06-15,First Class,CUST-1996,Yvonne Byrd,Consumer,West,Delaware,Technology,Printers,Johnson-Miller Printers,10,188.28,0.0,1882.8,958.42,924.38
ORD-10374,2023-02-16,2023-02-19,Standard Class,CUST-1185,Keith Anderson,Consumer,South,Montana,Office Supplies,Labels,Jones and Sons Labels,8,3.76,0.0,30.08,18.69,11.39
ORD-10375,2022-10-11,2022-10-14,Same Day,CUST-1623,Lori Mccoy,Corporate,East,Maryland,Furniture,Chairs,Gregory-Howard Chairs,3,700.8,0.0,2102.4,1304.29,798.11
ORD-10376,2021-04-19,2021-04-20,First Class,CUST-1735,John Fisher,Consumer,East,New Jersey,Technology,Tablets,"Mills, Harris and Hardy Tablets",9,155.28,0.0,1397.52,943.7,453.82
ORD-10377,2022-03-09,2022-03-15,Same Day,CUST-2137,Alan Stewart,Corporate,East,Hawaii,Technology,Monitors,Williams-Adams Monitors,10,473.79,0.0,4737.9,2647.53,2090.37
ORD-10378,2023-06-14,2023-06-16,Standard Class,CUST-1851,Joseph Randolph,Corporate,West,Nebraska,Office Supplies,Binders,"Flores, Martinez and Cameron Binders",3,13.67,0.0,41.01,27.53,13.48
ORD-10379,2021-01-16,2021-01-21,First Class,CUST-2458,Angela Wallace,Home Office,East,Nebraska,Furniture,Desks,Sellers Group Desks,7,599.83,0.05,3988.87,2335.35,1653.52
ORD-10380,2021-06-13,2021-06-15,First Class,CUST-2759,Matthew Cardenas,Corporate,West,Michigan,Office Supplies,Labels,Hill-Morse Labels,1,12.37,0.3,8.66,7.06,1.6
ORD-10381,2022-10-02,2022-10-07,Standard Class,CUST-2594,Ricardo Ruiz,Consumer,West,Connecticut,Furniture,Chairs,Jackson LLC Chairs,10,509.15,0.0,5091.5,2977.51,2113.99
ORD-10382,2022-09-15,2022-09-21,First Class,CUST-2288,David White,Corporate,South,New Hampshire,Office Supplies,Labels,Duncan Ltd Labels,10,18.31,0.1,164.79,84.01,80.78
ORD-10383,2021-06-07,2021-06-14,First Class,CUST-2261,Rachel Harris,Corporate,East,New Hampshire,Furniture,Chairs,Roberts Inc Chairs,5,618.18,0.15,2627.26,1488.9,1138.36
ORD-10384,2021-12-26,2021-12-29,Second Class,CUST-1370,Crystal Robinson,Home Office,North,Georgia,Office Supplies,Paper,Alvarez and Sons Paper,10,45.78,0.0,457.8,248.33,209.47
ORD-10385,2023-02-24,2023-02-26,Same Day,CUST-1342,Justin Page,Consumer,East,Nebraska,Office Supplies,Paper,Arellano-Evans Paper,10,58.2,0.2,465.6,321.98,143.62
ORD-10386,2023-12-27,2023-12-29,Same Day,CUST-1971,Roberto Everett,Corporate,South,Indiana,Technology,Accessories,Barnes LLC Accessories,2,47.02,0.0,94.04,59.86,34.18
ORD-10387,2022-12-26,2023-01-02,Standard Class,CUST-2757,Hannah Reeves,Corporate,East,Massachusetts,Furniture,Tables,Holland-Bauer Tables,8,136.37,0.0,1090.96,635.84,455.12
ORD-10388,2022-02-04,2022-02-09,Second Class,CUST-1368,Cathy Macdonald,Corporate,North,Missouri,Office Supplies,Pens & Pencils,Moore Group Pens & Pencils,5,20.45,0.1,92.03,61.06,30.97
ORD-10389,2022-05-31,2022-06-02,Same Day,CUST-1116,Kristen Frazier,Home Office,South,Iowa,Furniture,Chairs,Burnett-Walker Chairs,1,761.99,0.0,761.99,481.05,280.94
ORD-10390,2022-01-14,2022-01-15,Same Day,CUST-1956,Judy Wood,Home Office,North,California,Furniture,Chairs,Shaffer Ltd Chairs,2,660.62,0.0,1321.24,891.8,429.44
ORD-10391,2022-07-22,2022-07-29,First Class,CUST-1123,Richard Kramer,Corporate,East,Texas,Furniture,Tables,Avila-Mata Tables,5,1393.32,0.1,6269.94,4494.73,1775.21
ORD-10392,2023-06-03,2023-06-05,Same Day,CUST-1904,Nicholas Schroeder,Home Office,East,Illinois,Technology,Phones,"Ramos, Wise and Gonzalez Phones",4,269.4,0.05,1023.72,630.57,393.15
ORD-10393,2021-01-02,2021-01-03,Standard Class,CUST-2433,Robert Gregory,Corporate,West,Alaska,Technology,Laptops,"Rhodes, Warner and Garcia Laptops",10,702.09,0.1,6318.81,3420.68,2898.13
ORD-10394,2023-09-15,2023-09-16,Standard Class,CUST-1735,Thomas Gibson,Corporate,East,Indiana,Furniture,Chairs,"Jordan, Ruiz and Curtis Chairs",8,502.61,0.0,4020.88,1812.72,2208.16
ORD-10395,2022-08-17,2022-08-23,First Class,CUST-2981,Harry Ellis,Corporate,South,West Virginia,Office Supplies,Paper,"Snyder, Turner and Garrett Paper",2,39.77,0.0,79.54,44.93,34.61
ORD-10396,2022-01-24,2022-01-26,Standard Class,CUST-2214,Brandi Martinez,Consumer,West,Tennessee,Office Supplies,Envelopes,"Green, Johnson and Lane Envelopes",2,13.53,0.05,25.71,15.14,10.57
ORD-10397,2022-11-26,2022-11-27,Same Day,CUST-1830,James Taylor,Consumer,South,Indiana,Office Supplies,Paper,"Day, Rodriguez and Glover Paper",5,48.6,0.0,243.0,110.35,132.65
ORD-10398,2021-02-09,2021-02-13,Standard Class,CUST-1497,Gerald White,Home Office,South,Alaska,Furniture,Shelving,Conley PLC Shelving,9,159.18,0.0,1432.62,695.39,737.23
ORD-10399,2021-08-06,2021-08-07,Second Class,CUST-1451,Jessica Johnson,Consumer,South,Kentucky,Technology,Monitors,"Cameron, Allen and Adkins Monitors",5,624.5,0.15,2654.12,1455.05,1199.07
ORD-10400,2022-03-13,2022-03-20,Second Class,CUST-1129,Anne Walsh,Consumer,East,Montana,Office Supplies,Pens & Pencils,Proctor-Livingston Pens & Pencils,7,20.66,0.0,144.62,99.96,44.66
ORD-10401,2023-02-10,2023-02-17,Standard Class,CUST-1165,Christopher Jackson,Consumer,North,California,Technology,Phones,Fuller Inc Phones,6,368.05,0.05,2097.89,1430.46,667.43
ORD-10402,2022-07-09,2022-07-14,Same Day,CUST-1357,Daniel Hall,Home Office,North,Louisiana,Technology,Laptops,Dickerson-Ramos Laptops,10,1589.44,0.2,12715.52,7971.68,4743.84
ORD-10403,2022-04-28,2022-04-30,First Class,CUST-1195,Adam Mills,Home Office,East,Nevada,Furniture,Desks,Davis-Tucker Desks,10,888.92,0.3,6222.44,4010.3,2212.14
ORD-10404,2023-08-30,2023-09-03,Second Class,CUST-1088,Tamara Becker,Consumer,East,Massachusetts,Furniture,Shelving,Ryan-Ewing Shelving,4,97.01,0.0,388.04,268.58,119.46
ORD-10405,2021-12-27,2021-12-29,Same Day,CUST-1237,Matthew King,Consumer,South,Texas,Office Supplies,Binders,Castillo-Duncan Binders,6,19.08,0.05,108.76,72.71,36.05
ORD-10406,2022-04-12,2022-04-13,First Class,CUST-1409,Jennifer Gross,Corporate,South,Alabama,Furniture,Tables,Franklin Group Tables,6,937.94,0.0,5627.64,2687.39,2940.25
ORD-10407,2023-07-27,2023-08-02,Same Day,CUST-1552,Joseph Moreno,Consumer,East,South Carolina,Technology,Phones,Williams LLC Phones,1,785.09,0.2,628.07,426.6,201.47
ORD-10408,2022-12-05,2022-12-07,Same Day,CUST-2616,Samantha Watson,Home Office,South,South Dakota,Technology,Laptops,Sanchez and Sons Laptops,1,1569.09,0.0,1569.09,773.25,795.84
ORD-10409,2022-07-26,2022-07-27,Second Class,CUST-1505,Erika Mendoza,Consumer,East,Maryland,Furniture,Shelving,Gardner-Lopez Shelving,2,262.3,0.0,524.6,345.84,178.76
ORD-10410,2023-08-22,2023-08-28,Standard Class,CUST-2087,David Ramirez,Corporate,West,New York,Office Supplies,Labels,"Watts, Mitchell and Armstrong Labels",10,6.0,0.3,42.0,27.66,14.34
ORD-10411,2022-08-29,2022-08-31,Same Day,CUST-1982,Jacqueline Pacheco,Home Office,East,Arkansas,Furniture,Chairs,Cox Inc Chairs,4,451.0,0.0,1804.0,871.65,932.35
ORD-10412,2023-04-11,2023-04-13,,CUST-1950,Heather Banks,Home Office,North,Delaware,Technology,Accessories,Powers-Miller Accessories,10,74.3,0.1,668.7,477.72,190.98
ORD-10413,2022-03-01,2022-03-08,First Class,CUST-1687,Christopher Wolfe,Home Office,North,Nevada,Furniture,Chairs,Hernandez Inc Chairs,6,395.6,0.05,2254.92,1431.58,823.34
ORD-10414,2021-05-18,2021-05-23,Standard Class,CUST-1685,Terri Martinez,Consumer,North,Alaska,Furniture,Bookcases,"Carter, White and Tran Bookcases",2,450.71,0.0,901.42,445.14,456.28
ORD-10415,2023-10-29,2023-11-04,Second Class,CUST-1763,Samuel Silva,Corporate,West,South Dakota,Furniture,Tables,Mason-Smith Tables,10,1137.58,0.2,9100.64,7672.79,1427.85
ORD-10416,2021-05-15,2021-05-17,First Class,CUST-1164,Mrs. Deborah Guerrero MD,Corporate,South,Idaho,Office Supplies,Labels,Williams-Berry Labels,2,11.48,0.0,22.96,12.45,10.51
ORD-10417,2021-02-16,2021-02-19,Second Class,CUST-2908,Andrew Harrington PhD,Consumer,West,Utah,Office Supplies,Paper,Cooper PLC Paper,5,11.02,0.0,55.1,31.97,23.13
ORD-10418,2022-11-19,2022-11-23,Second Class,CUST-2611,Jeffrey Skinner,Corporate,West,Oklahoma,Office Supplies,Storage,Spence Group Storage,1,41.07,0.0,41.07,23.82,17.25
ORD-10419,2023-09-19,2023-09-22,First Class,CUST-1096,Danielle Caldwell,Consumer,East,Iowa,Furniture,Shelving,Salas Inc Shelving,8,258.9,0.0,2071.2,1066.67,1004.53
ORD-10420,2021-11-11,2021-11-13,First Class,CUST-1648,Calvin Dunn,Home Office,South,West Virginia,Office Supplies,Storage,Hernandez-Schmidt Storage,10,76.93,0.2,615.44,379.91,235.53
ORD-10421,2023-07-08,2023-07-13,First Class,CUST-1248,Katie Arroyo,Consumer,West,Missouri,Office Supplies,Pens & Pencils,"Anderson, Smith and Salazar Pens & Pencils",4,10.5,0.05,39.9,20.45,19.45
ORD-10422,2022-08-17,2022-08-24,First Class,CUST-1301,Robert Cooper,Home Office,West,Vermont,Office Supplies,Binders,Anderson Ltd Binders,6,38.07,0.0,228.42,119.67,108.75
ORD-10423,2022-03-28,2022-04-01,Standard Class,CUST-2245,Larry Dixon,Home Office,South,Idaho,Office Supplies,Envelopes,"Crawford, Bailey and Johnson Envelopes",8,6.03,0.2,38.59,26.55,12.04
ORD-10424,2023-11-15,2023-11-19,Same Day,CUST-2239,Sarah Schneider,Home Office,North,Arkansas,Furniture,Shelving,"Freeman, James and Campbell Shelving",5,97.76,0.0,488.8,336.98,151.82
ORD-10425,2023-07-02,2023-07-09,First Class,CUST-2818,Tamara Castillo,Corporate,West,Tennessee,Furniture,Bookcases,"Pham, Hayes and Marsh Bookcases",7,234.93,0.0,1644.51,866.69,777.82
ORD-10426,2023-12-12,2023-12-15,Standard Class,CUST-2548,Mr. Jose Hudson,Corporate,North,Massachusetts,Office Supplies,Pens & Pencils,"Murray, Conner and Miller Pens & Pencils",7,5.77,0.1,36.35,21.24,15.11
ORD-10427,2022-08-16,2022-08-21,Second Class,CUST-1618,Brad Barber,Home Office,East,Illinois,Technology,Phones,"Boone, Kirk and Stewart Phones",5,838.81,0.0,4194.05,2759.98,1434.07
ORD-10428,2023-08-26,2023-08-27,,CUST-1854,Heather Anderson,Consumer,West,Kansas,Office Supplies,Labels,Henry and Sons Labels,4,15.32,0.0,61.28,42.22,19.06
ORD-10429,2022-06-13,2022-06-19,First Class,CUST-2675,Amy Cooper,Consumer,East,Maine,Furniture,Desks,"Davenport, Cook and Gibson Desks",5,131.29,0.0,656.45,388.22,268.23
ORD-10430,2023-01-02,2023-01-04,First Class,CUST-2303,John Clark,Corporate,North,Pennsylvania,Furniture,Shelving,"Nelson, Moreno and Williams Shelving",5,44.56,0.0,222.8,138.88,83.92
ORD-10431,2021-12-09,2021-12-14,Second Class,CUST-2730,David Dickerson,Home Office,East,Missouri,Office Supplies,Pens & Pencils,Diaz Ltd Pens & Pencils,2,14.18,0.05,26.94,17.01,9.93
ORD-1530,2023-09-21,2023-09-25,Second Class,CUST-1209,Jodi Castillo,Consumer,South,New Jersey,Office Supplies,Envelopes,Hall and Sons Envelopes,6,21.85,0.0,131.1,68.22,62.88
ORD-10433,2021-08-27,2021-09-03,Standard Class,CUST-1713,Kayla Wong,Corporate,East,Virginia,Furniture,Desks,Zamora-Patel Desks,9,1014.73,0.05,8675.94,6201.09,2474.85
ORD-10434,2021-08-31,2021-09-02,Second Class,CUST-2409,Amy Kaufman PhD,Consumer,East,Texas,Technology,Phones,"Beasley, White and Brown Phones",10,1089.73,0.05,10352.43,4982.14,5370.29
ORD-10435,2023-06-03,2023-06-04,Standard Class,CUST-2351,Susan King,Home Office,North,Utah,Technology,Monitors,Simmons-Li Monitors,2,247.66,0.0,495.32,318.82,176.5
ORD-10436,2022-02-25,2022-03-02,Standard Class,CUST-1719,Gregory Taylor,Consumer,North,Indiana,Office Supplies,Paper,"Blake, Kirby and Vazquez Paper",1,54.97,0.0,54.97,37.38,17.59
ORD-10437,2021-01-29,2021-02-03,Second Class,CUST-1577,Gary Wilson,Consumer,North,Minnesota,Technology,Accessories,"Moreno, Ramirez and Sherman Accessories",10,141.86,0.0,1418.6,662.61,755.99
ORD-10438,2022-01-06,2022-01-13,Second Class,CUST-1438,Patricia Patton,Home Office,South,Alaska,Furniture,Chairs,Hoffman Ltd Chairs,9,837.87,0.15,6409.71,5198.93,1210.78
ORD-10439,2022-08-14,2022-08-19,Second Class,CUST-2011,Sara Phillips,Consumer,West,South Carolina,Office Supplies,Paper,Alexander-Vargas Paper,6,46.88,0.0,281.28,151.98,129.3
ORD-10440,2023-05-27,2023-05-29,Second Class,CUST-2643,Paul Campbell,Corporate,East,North Carolina,Office Supplies,Storage,Jimenez Inc Storage,5,52.03,0.1,234.13,135.97,98.16
ORD-10441,2021-07-28,2021-08-03,Standard Class,CUST-1132,David Martinez,Corporate,South,Michigan,Technology,Laptops,Diaz-Burke Laptops,8,1998.21,0.1,14387.11,8771.39,5615.72
ORD-10442,2022-07-14,2022-07-21,Same Day,CUST-1819,Charlene Miller,Corporate,West,Louisiana,Office Supplies,Binders,Hamilton Inc Binders,7,25.01,0.0,175.07,110.01,65.06
ORD-10443,2023-10-16,2023-10-18,Same Day,CUST-1203,Xavier Robertson,Home Office,North,Massachusetts,Furniture,Shelving,Wilson-Bell Shelving,8,287.04,0.05,2181.5,1177.26,1004.24
ORD-10444,2021-06-06,2021-06-12,Second Class,CUST-2623,Kelsey Long,Corporate,South,Ohio,Technology,Phones,"Scott, Pitts and Perry Phones",3,878.11,0.0,2634.33,1595.9,1038.43
ORD-10445,2023-06-01,2023-06-02,Standard Class,CUST-1770,David Malone,Corporate,West,Pennsylvania,Office Supplies,Envelopes,Burton PLC Envelopes,9,16.44,0.0,147.96,67.75,80.21
ORD-10446,2023-09-26,2023-10-03,Same Day,CUST-2351,Mrs. Kristina Thompson,Home Office,West,Texas,Technology,Laptops,Richardson Inc Laptops,5,847.62,0.2,3390.48,2665.47,725.01
ORD-10447,2022-08-06,2022-08-09,Same Day,CUST-1262,Sandy Gaines,Corporate,East,Missouri,Office Supplies,Labels,Pittman and Sons Labels,9,17.38,0.0,156.42,84.18,72.24
ORD-10448,2022-05-16,2022-05-18,First Class,CUST-1173,Carla Nguyen,Home Office,North,New Jersey,Furniture,Shelving,"Knapp, Mosley and Powell Shelving",6,46.99,0.0,281.94,130.85,151.09
ORD-10449,2022-07-01,2022-07-02,Same Day,CUST-1648,Jessica Miller,Corporate,West,Connecticut,Office Supplies,Paper,Jenkins-Reyes Paper,1,23.57,0.05,22.39,15.92,6.47
ORD-10450,2022-11-27,2022-11-29,First Class,CUST-1892,Laura Robertson,Consumer,West,Indiana,Office Supplies,Labels,Jackson-Huff Labels,8,3.76,0.0,30.08,19.64,10.44
ORD-10451,2022-04-08,2022-04-13,First Class,CUST-2728,Rebecca Chavez,Home Office,North,South Dakota,Furniture,Chairs,Mason Group Chairs,9,769.11,0.0,6921.99,3810.6,3111.39
ORD-10452,2022-09-11,2022-09-16,Second Class,CUST-2105,Ellen Williams,Corporate,South,Alabama,Furniture,Bookcases,Gilbert PLC Bookcases,10,180.28,0.15,1532.38,845.81,686.57
ORD-10453,2023-11-24,2023-12-01,Second Class,CUST-2353,Bonnie Stevens,Home Office,West,Oklahoma,Office Supplies,Storage,Newman-Taylor Storage,9,27.59,0.0,248.31,150.71,97.6
ORD-10454,2021-10-30,2021-11-01,Standard Class,CUST-1614,David Barron,Corporate,West,Nebraska,Office Supplies,Envelopes,Patel-Lewis Envelopes,10,17.38,0.15,147.73,94.04,53.69
ORD-10455,2023-04-12,2023-04-14,Second Class,CUST-1502,Patrick Wright,Corporate,West,Texas,Office Supplies,Paper,Rice PLC Paper,7,39.87,0.0,279.09,167.54,111.55
ORD-10456,2022-07-23,2022-07-29,Second Class,CUST-1086,Stephen Dunlap,Home Office,West,Kentucky,Office Supplies,Labels,"Martin, Yoder and Curtis Labels",7,19.84,0.05,131.94,63.51,68.43
ORD-10457,2023-01-15,2023-01-21,Standard Class,CUST-2931,Sarah Green,Home Office,South,Tennessee,Technology,Laptops,Dean-Jones Laptops,2,1803.42,0.0,3606.84,1990.08,1616.76
ORD-10458,2021-09-08,2021-09-15,First Class,CUST-2196,Danielle Vaughan,Home Office,West,Michigan,Technology,Laptops,Pennington LLC Laptops,9,1399.36,0.2,10075.39,5951.56,4123.83
ORD-10459,2021-04-25,2021-04-29,First Class,CUST-1231,James Spears,Corporate,West,Michigan,Furniture,Desks,Schmidt-Price Desks,4,1129.05,0.0,4516.2,2319.41,2196.79
ORD-10460,2022-09-24,2022-09-25,First Class,CUST-1071,Maria Zavala,Home Office,North,West Virginia,Office Supplies,Envelopes,Rodriguez Group Envelopes,5,9.65,0.2,38.6,26.15,12.45
ORD-10461,2022-04-30,2022-05-07,First Class,CUST-2967,Monique Patrick,Corporate,East,Tennessee,Furniture,Desks,"Dorsey, Wise and Diaz Desks",7,378.28,0.0,,1645.21,1002.75
ORD-10462,2023-04-13,2023-04-20,Second Class,CUST-2685,Brad Pham,Corporate,West,Alabama,Office Supplies,Paper,Bennett LLC Paper,4,56.5,0.0,226.0,137.37,88.63
ORD-10463,2023-11-03,2023-11-04,Standard Class,CUST-2665,Arthur Jones,Home Office,East,Vermont,Furniture,Tables,"Lambert, Bowman and Webb Tables",6,1398.57,0.1,7552.28,5241.45,2310.83
ORD-10464,2023-04-01,2023-04-03,Same Day,CUST-1168,James Raymond,Consumer,South,Pennsylvania,Office Supplies,Envelopes,Schneider-Barrett Envelopes,1,3.74,0.05,3.55,1.81,1.74
ORD-10465,2021-10-01,2021-10-04,First Class,CUST-1670,Michael Evans,Corporate,South,Arkansas,Technology,Tablets,Carrillo PLC Tablets,3,613.82,0.15,1565.24,1230.79,334.45
ORD-10466,2022-04-14,2022-04-15,Second Class,CUST-2436,Nicholas Gonzales,Consumer,North,Illinois,Technology,Phones,"Mueller, Osborn and Wise Phones",7,567.6,0.2,3178.56,1810.76,1367.8
ORD-10467,2023-12-13,2023-12-17,Second Class,CUST-2694,Pamela Howard,Home Office,West,Utah,Office Supplies,Labels,Rivera and Sons Labels,5,9.72,0.0,48.6,23.3,25.3
ORD-10468,2021-09-24,2021-09-28,First Class,CUST-2687,Joseph Cox,Corporate,South,Tennessee,Technology,Monitors,Jackson and Sons Monitors,4,685.17,0.3,1918.48,1571.9,346.58
ORD-10469,2023-01-28,2023-02-02,Second Class,CUST-1021,Elizabeth Davis,Corporate,South,Montana,Office Supplies,Binders,Roberts PLC Binders,3,18.12,0.0,54.36,36.79,17.57
ORD-10470,2021-04-17,2021-04-20,First Class,CUST-1725,Katrina Gibbs,Home Office,North,North Carolina,Office Supplies,Envelopes,Hall LLC Envelopes,4,13.73,0.1,49.43,32.36,17.07
ORD-10471,2021-03-26,2021-03-31,First Class,CUST-2009,Amy Brown,Corporate,West,Arkansas,Technology,Printers,Fisher-Harris Printers,7,342.36,0.0,2396.52,1612.99,783.53
ORD-10472,2022-07-30,2022-08-05,First Class,CUST-2848,Nancy Patrick,Corporate,East,South Dakota,Technology,Laptops,Cox-Kent Laptops,9,1044.24,0.0,9398.16,4529.61,4868.55
ORD-10473,2023-06-21,2023-06-22,Second Class,CUST-1375,Julie Klein,Consumer,West,Virginia,Furniture,Bookcases,Garcia and Sons Bookcases,3,251.74,0.0,755.22,514.09,241.13
ORD-10474,2023-09-21,2023-09-25,Same Day,CUST-2775,Holly Holmes,Consumer,North,Rhode Island,Office Supplies,Binders,Ferguson Ltd Binders,7,29.12,0.0,203.84,109.9,93.94
ORD-10475,2022-03-11,2022-03-16,First Class,CUST-2570,Tricia Harrell,Home Office,South,Idaho,Office Supplies,Paper,"Miller, Stark and Davis Paper",5,16.21,0.0,,49.91,31.14
ORD-10476,2021-09-07,2021-09-11,Standard Class,CUST-1217,Xavier Roberson,Corporate,South,Connecticut,Office Supplies,Paper,Bullock LLC Paper,8,18.54,0.1,133.49,103.13,30.36
ORD-10477,2023-07-17,2023-07-20,Standard Class,CUST-2857,Mason Holmes,Home Office,South,New Mexico,Technology,Laptops,Moody-Kelly Laptops,8,1244.33,0.0,9954.64,4588.71,5365.93
ORD-10478,2021-07-09,2021-07-13,Standard Class,CUST-2578,Danny Manning,Corporate,North,South Carolina,Technology,Laptops,"Miller, Gutierrez and Clark Laptops",5,1722.18,0.0,8610.9,5171.47,3439.43
ORD-10479,2023-06-05,2023-06-11,Second Class,CUST-2402,Dr. Kelly Schultz,Home Office,South,North Carolina,Technology,Monitors,Duran Inc Monitors,7,272.21,0.0,1905.47,1091.28,814.19
ORD-10480,2023-05-17,2023-05-18,Same Day,CUST-2257,Willie Jones,Consumer,West,North Carolina,Office Supplies,Envelopes,"Hogan, Reynolds and Kerr Envelopes",6,5.6,0.05,31.92,19.85,12.07
ORD-10481,2023-10-12,2023-10-17,Second Class,CUST-1595,Tyler Evans,Corporate,West,Indiana,Furniture,Tables,Ruiz-Schultz Tables,9,248.27,0.0,2234.43,1404.14,830.29
ORD-10482,2021-04-08,2021-04-13,Second Class,CUST-1220,Ashley Adams,Home Office,West,Pennsylvania,Technology,Phones,White-Moore Phones,3,500.39,0.1,1351.05,786.42,564.63
ORD-10483,2023-08-06,2023-08-08,Standard Class,CUST-1092,Nathaniel Schwartz,Consumer,West,Pennsylvania,Office Supplies,Paper,"Hernandez, Joseph and Mayer Paper",10,30.56,0.15,259.76,138.76,121.0
ORD-10484,2022-01-19,2022-01-21,First Class,CUST-2237,Jacob Barnes,Corporate,North,Pennsylvania,Furniture,Bookcases,"Mitchell, Austin and Galvan Bookcases",8,198.14,0.1,1426.61,1077.13,349.48
ORD-10485,2023-09-24,2023-09-27,Same Day,CUST-1738,Joseph Roth,Home Office,West,New Mexico,Office Supplies,Labels,Kelley Inc Labels,7,2.32,0.0,16.24,8.95,7.29
ORD-10486,2021-10-25,2021-10-31,Second Class,CUST-2757,Jesse Guerrero,Home Office,South,South Carolina,Office Supplies,Paper,Newman-Campbell Paper,1,11.88,0.0,11.88,5.97,5.91
ORD-10487,2023-07-01,2023-07-05,,CUST-2198,Trevor Wheeler,Consumer,South,Arizona,Technology,Printers,Rose-Cook Printers,3,480.25,0.0,1440.75,703.24,737.51
ORD-10488,2023-05-02,2023-05-09,,CUST-2497,Matthew Moore,Home Office,East,Arizona,Office Supplies,Labels,Miller PLC Labels,7,16.93,0.0,118.51,74.46,44.05
ORD-10489,2021-02-08,2021-02-12,Same Day,CUST-1548,Yolanda Fisher,Home Office,West,Wisconsin,Technology,Phones,Simmons-Ford Phones,9,599.68,0.05,5127.26,2510.61,2616.65
ORD-10490,2022-12-06,2022-12-10,Second Class,CUST-2861,Laurie Taylor,Home Office,East,Iowa,Office Supplies,Paper,"Simmons, Ware and Ortiz Paper",6,32.21,0.0,193.26,96.25,97.01
ORD-10491,2023-01-08,2023-01-15,Same Day,CUST-1331,Tyler Henry,Home Office,South,Colorado,Furniture,Tables,Harris Inc Tables,5,301.0,0.1,1354.5,930.51,423.99
ORD-10492,2023-10-09,2023-10-12,Same Day,CUST-1037,Stanley Berry,Corporate,East,New Hampshire,Office Supplies,Envelopes,Holloway Ltd Envelopes,8,23.23,0.0,185.84,102.95,82.89
ORD-10493,2022-04-04,2022-04-08,Same Day,CUST-1727,Deborah Holland,Consumer,East,Montana,Office Supplies,Envelopes,Sanchez-Lawson Envelopes,9,7.28,0.0,65.52,33.2,32.32
ORD-10494,2021-08-16,2021-08-17,Same Day,CUST-2757,Kristen Leblanc,Consumer,North,Idaho,Technology,Accessories,Smith-Mayo Accessories,10,132.32,0.1,1190.88,913.88,277.0
ORD-10495,2023-11-03,2023-11-07,Second Class,CUST-2325,Nancy Contreras,Corporate,East,Oklahoma,Furniture,Chairs,"Garner, Campos and Cowan Chairs",2,216.98,0.2,347.17,272.11,75.06
ORD-10496,2022-12-01,2022-12-04,Standard Class,CUST-1762,Pamela Costa,Home Office,West,Maryland,Technology,Laptops,"Garza, Ferguson and Ryan Laptops",8,1788.03,0.3,10012.97,9330.46,682.51
ORD-10497,2023-04-19,2023-04-23,Second Class,CUST-2397,Amanda Ayala,Corporate,North,Michigan,Office Supplies,Envelopes,"Clark, Patterson and Miller Envelopes",3,20.95,0.1,56.56,35.02,21.54
ORD-10498,2023-06-08,2023-06-09,First Class,CUST-2889,Maria Paul,Home Office,South,Mississippi,Office Supplies,Binders,Scott Ltd Binders,9,31.5,0.3,198.45,182.32,16.13
ORD-10499,2022-12-06,2022-12-07,First Class,CUST-2250,Tracy Arias,Consumer,West,Iowa,Furniture,Chairs,Bowen Ltd Chairs,9,881.74,0.3,5554.96,4193.39,1361.57
ORD-10500,2023-04-09,2023-04-16,Same Day,CUST-1075,Becky Day,Home Office,East,South Dakota,Office Supplies,Envelopes,Joseph PLC Envelopes,9,8.54,0.05,73.02,51.64,21.38
ORD-10501,2023-12-04,2023-12-07,Second Class,CUST-1057,Sean Walsh,Home Office,East,Virginia,Office Supplies,Envelopes,Moore Ltd Envelopes,3,22.41,0.05,63.87,39.53,24.34
ORD-10502,2021-09-11,2021-09-12,First Class,CUST-1919,Dustin Hull,Corporate,North,Vermont,Technology,Printers,Perez LLC Printers,9,457.78,0.0,4120.02,2376.74,1743.28
ORD-10503,2021-10-14,2021-10-20,Second Class,CUST-1215,Lucas Roy,Corporate,South,Rhode Island,Office Supplies,Pens & Pencils,Ryan-Payne Pens & Pencils,10,24.61,0.05,233.79,128.25,105.54
ORD-10504,2022-03-16,2022-03-20,Standard Class,CUST-1824,Brian Gonzalez,Home Office,West,Tennessee,Office Supplies,Storage,Atkins-Evans Storage,7,16.86,0.15,100.32,56.95,43.37
ORD-10505,2021-11-30,2021-12-02,Same Day,CUST-1937,Brian Lewis,Consumer,North,Nevada,Office Supplies,Labels,Frank-Mcconnell Labels,7,10.98,0.5,38.43,42.6,-4.17
ORD-10506,2023-04-17,2023-04-18,First Class,CUST-1082,Joshua Martin,Home Office,South,Massachusetts,Furniture,Desks,"Johnson, Frazier and Schroeder Desks",1,600.98,0.1,540.88,288.29,252.59
ORD-10507,2021-04-10,2021-04-13,Second Class,CUST-2677,Elizabeth Savage,Home Office,West,Oklahoma,Technology,Printers,"Ballard, Soto and Craig Printers",6,238.56,0.0,1431.36,855.1,576.26
ORD-10508,2023-02-12,2023-02-16,First Class,CUST-1271,Jose Velasquez,Consumer,West,Illinois,Technology,Laptops,"Stanley, Tyler and Moore Laptops",2,1366.55,0.2,2186.48,1845.04,341.44
ORD-10509,2022-11-26,2022-12-01,Same Day,CUST-1907,Amanda Rubio,Home Office,East,Georgia,Office Supplies,Envelopes,Salas-Campbell Envelopes,6,15.13,0.0,90.78,61.28,29.5
ORD-10510,2021-06-24,2021-06-26,First Class,CUST-2551,Lori Williams,Consumer,South,Washington,Furniture,Chairs,"Nelson, Simpson and Peterson Chairs",1,790.08,0.05,750.58,379.99,370.59
ORD-10511,2023-06-29,2023-06-30,Standard Class,CUST-1822,Peter Parker,Home Office,North,Montana,Office Supplies,Labels,Martinez and Sons Labels,2,18.14,0.1,32.65,18.19,14.46
ORD-10512,2021-07-23,2021-07-28,First Class,CUST-1523,Melanie Cannon,Consumer,South,Iowa,Office Supplies,Paper,Anderson LLC Paper,3,23.7,0.0,71.1,33.61,37.49
ORD-10513,2021-07-22,2021-07-25,Standard Class,CUST-1528,David Schultz,Corporate,North,North Dakota,Office Supplies,Storage,"Walsh, Price and Estes Storage",1,57.5,0.05,54.62,30.16,24.46
ORD-10514,2022-10-14,2022-10-18,Same Day,CUST-1059,Sharon Huynh,Corporate,South,Arkansas,Technology,Monitors,"Robinson, Burns and Morrison Monitors",10,329.72,0.05,3132.34,1705.71,1426.63
ORD-10515,2021-06-21,2021-06-28,Second Class,CUST-2982,Darius Crawford,Consumer,East,Mississippi,Technology,Printers,"Contreras, Marshall and Clark Printers",10,368.12,0.1,3313.08,2030.87,1282.21
ORD-10516,2022-08-16,2022-08-22,Same Day,CUST-2911,Richard Lee,Corporate,East,Idaho,Furniture,Desks,"Durham, Foster and George Desks",9,960.23,0.3,,5644.66,404.79
ORD-10517,2021-04-04,2021-04-06,Second Class,CUST-1615,Chris Bryant,Consumer,West,California,Furniture,Bookcases,Martin PLC Bookcases,7,429.37,0.5,1502.8,1735.98,-233.18
ORD-10518,2022-10-14,2022-10-20,Second Class,CUST-2541,Anna Huff,Home Office,West,Maine,Furniture,Chairs,Ortiz Inc Chairs,9,761.01,0.5,3424.55,4721.45,-1296.9
ORD-1708,2021-01-05,2021-01-10,First Class,CUST-2377,Victoria Finley,Consumer,West,Minnesota,Office Supplies,Binders,Jackson and Sons Binders,6,27.5,0.0,165.0,79.77,85.23
ORD-10520,2023-07-01,2023-07-07,Standard Class,CUST-1770,Richard Potter,Home Office,East,New Hampshire,Furniture,Tables,Snyder Ltd Tables,9,1172.2,0.0,10549.8,7101.52,3448.28
ORD-10521,2021-02-10,2021-02-17,Second Class,CUST-1732,Erin Martinez,Consumer,North,North Dakota,Office Supplies,Binders,Lee Inc Binders,1,34.05,0.0,34.05,17.21,16.84
ORD-10522,2022-03-05,2022-03-06,First Class,CUST-1811,William Williams,Consumer,East,New York,Furniture,Bookcases,Barry-Cox Bookcases,4,415.7,0.0,1662.8,953.13,709.67
ORD-10523,2021-05-14,2021-05-16,Second Class,CUST-1466,Kenneth Terry,Home Office,East,Florida,Furniture,Shelving,James-Brown Shelving,9,168.44,0.0,1515.96,730.79,785.17
ORD-1437,2021-04-17,2021-04-24,Same Day,CUST-1833,Lauren Lang,Corporate,North,Washington,Technology,Accessories,Simpson Group Accessories,9,13.24,0.05,113.2,72.72,40.48
ORD-10525,2023-12-27,2023-12-31,Second Class,CUST-1685,Kayla Lopez,Consumer,North,Iowa,Furniture,Shelving,Kim-Boyle Shelving,6,161.31,0.05,919.47,657.76,261.71
ORD-10526,2021-07-18,2021-07-19,Second Class,CUST-2213,Dustin Murphy,Home Office,East,New Mexico,Furniture,Desks,Elliott PLC Desks,7,1175.91,0.3,5761.96,4343.71,1418.25
ORD-10527,2021-05-30,2021-06-06,First Class,CUST-1195,Mark Robbins,Home Office,West,Louisiana,Office Supplies,Binders,Phelps-Cooper Binders,4,6.99,0.3,19.57,14.24,5.33
ORD-10528,2023-06-25,2023-06-26,Standard Class,CUST-1134,Derek Cooper,Consumer,North,Rhode Island,Furniture,Chairs,Johnson PLC Chairs,1,150.14,0.2,120.11,69.89,50.22
ORD-10529,2021-01-22,2021-01-26,Same Day,CUST-2802,Joseph Crawford,Home Office,North,South Carolina,Furniture,Chairs,"Sellers, Chandler and Lee Chairs",7,321.83,0.0,2252.81,1351.45,901.36
ORD-10530,2021-05-19,2021-05-24,Second Class,CUST-2173,James Hart,Consumer,East,Indiana,Office Supplies,Envelopes,"Myers, Walker and Myers Envelopes",1,28.31,0.0,28.31,12.83,15.48
ORD-10531,2023-06-12,2023-06-17,Standard Class,CUST-1637,Paul Finley,Home Office,South,Oregon,Office Supplies,Storage,Baker-Walker Storage,10,43.7,0.0,437.0,230.7,206.3
ORD-10532,2021-04-22,2021-04-26,Second Class,CUST-2311,Joshua Jones,Consumer,North,Kentucky,Technology,Phones,Jensen Ltd Phones,6,508.67,0.0,3052.02,1760.33,1291.69
ORD-10533,2021-11-29,2021-11-30,First Class,CUST-1086,Karen Contreras,Corporate,South,Massachusetts,Office Supplies,Binders,"Murray, Morgan and Mcdonald Binders",8,27.71,0.05,210.6,122.96,87.64
ORD-10534,2022-11-10,2022-11-17,Same Day,CUST-1377,Melissa Baker,Consumer,East,Wisconsin,Technology,Accessories,"Wells, Costa and Perez Accessories",4,41.22,0.0,164.88,113.46,51.42
ORD-10535,2023-01-08,2023-01-09,Second Class,CUST-1581,Norman Gomez,Consumer,South,Colorado,Technology,Laptops,Thomas Inc Laptops,9,1101.04,0.0,9909.36,6720.3,3189.06
ORD-10536,2021-02-12,2021-02-19,Second Class,CUST-2612,Nicholas Mccoy,Consumer,East,Massachusetts,Office Supplies,Envelopes,Brown PLC Envelopes,9,7.71,0.0,69.39,47.02,22.37
ORD-10537,2021-10-23,2021-10-25,Same Day,CUST-1774,Lisa Ruiz,Home Office,East,Wyoming,Technology,Printers,Yoder-Davis Printers,6,317.23,0.15,1617.87,887.63,730.24
ORD-10538,2021-11-01,2021-11-04,Second Class,CUST-1573,Benjamin Dean,Consumer,West,Missouri,Office Supplies,Labels,"Monroe, Morris and Pearson Labels",4,9.73,0.2,31.14,20.38,10.76
ORD-10539,2023-11-09,2023-11-12,Second Class,CUST-1659,Gary Gallegos,Home Office,East,Massachusetts,Technology,Accessories,"Howard, Drake and Schwartz Accessories",8,21.4,0.15,145.52,109.2,36.32
ORD-10540,2023-07-15,2023-07-22,Standard Class,CUST-1870,Toni Morgan,Corporate,South,Minnesota,Furniture,Tables,"Hughes, Baker and Ortiz Tables",8,1107.6,0.0,8860.8,5969.71,2891.09
ORD-10541,2023-11-16,2023-11-21,First Class,CUST-1885,Donna Lawrence,Corporate,East,Georgia,Office Supplies,Pens & Pencils,Hall LLC Pens & Pencils,3,14.66,0.1,39.58,20.24,19.34
ORD-10542,2023-10-25,2023-10-30,Standard Class,CUST-1566,Brianna Castillo,Consumer,North,California,Office Supplies,Pens & Pencils,"Robertson, Chang and Calhoun Pens & Pencils",1,8.28,0.0,8.28,3.9,4.38
ORD-10543,2022-07-17,2022-07-19,First Class,CUST-2751,Robert Shelton,Home Office,East,New Hampshire,Technology,Laptops,Walker and Sons Laptops,9,1104.33,0.0,9938.97,6324.19,3614.78
ORD-10544,2021-01-25,2021-01-29,Same Day,CUST-2948,Zachary Chung,Consumer,West,Texas,Technology,Printers,Drake Group Printers,6,226.56,0.15,1155.46,869.24,286.22
ORD-10545,2021-06-25,2021-06-28,Same Day,CUST-2929,Catherine Pham,Home Office,West,Idaho,Technology,Monitors,Gibbs Inc Monitors,4,692.5,0.0,2770.0,1566.02,1203.98
ORD-10546,2023-10-21,2023-10-28,Second Class,CUST-1461,George Ramirez,Corporate,West,Delaware,Technology,Phones,Anthony PLC Phones,9,649.97,0.0,5849.73,3711.37,2138.36
ORD-10547,2022-11-08,2022-11-13,Standard Class,CUST-2244,Sally Arroyo,Home Office,West,Idaho,Furniture,Tables,Riddle-Evans Tables,9,1172.72,0.0,10554.48,5155.05,5399.43
ORD-10548,2022-09-16,2022-09-17,Standard Class,CUST-1363,Lisa Montgomery,Consumer,West,Indiana,Office Supplies,Binders,Decker LLC Binders,2,38.1,0.05,72.39,52.61,19.78
ORD-10549,2021-01-23,2021-01-25,Standard Class,CUST-1800,Ronald Roy,Consumer,North,New York,Technology,Monitors,Perez-Owens Monitors,7,299.25,0.0,2094.75,1135.7,959.05
ORD-10550,2023-06-05,2023-06-12,Second Class,CUST-2236,James Brown,Home Office,East,New Hampshire,Technology,Tablets,Jones Inc Tablets,2,421.97,0.0,843.94,423.17,420.77
ORD-10551,2023-03-29,2023-04-03,,CUST-2864,Annette Smith,Home Office,West,Colorado,Furniture,Desks,Baker and Sons Desks,8,652.72,0.0,5221.76,2433.3,2788.46
ORD-10552,2022-09-02,2022-09-06,Same Day,CUST-1358,Arthur Rogers,Corporate,South,Alabama,Office Supplies,Storage,"Little, Leblanc and Davis Storage",2,50.33,0.0,100.66,66.5,34.16
ORD-10553,2022-05-06,2022-05-13,Standard Class,CUST-2101,Chelsea Williams,Corporate,North,Montana,Technology,Tablets,"Solis, Luna and Jacobson Tablets",8,626.61,0.0,5012.88,3440.95,1571.93
ORD-10554,2022-10-30,2022-11-03,First Class,CUST-2036,Vickie Willis,Consumer,West,New Mexico,Furniture,Desks,Fitzpatrick-Anderson Desks,7,1099.61,0.5,3848.63,3666.26,182.37
ORD-10555,2021-08-23,2021-08-29,Second Class,CUST-2533,Kendra Dawson,Corporate,West,Maine,Technology,Laptops,Noble PLC Laptops,8,1494.41,0.0,11955.28,5411.97,6543.31
ORD-10556,2021-12-16,2021-12-23,Same Day,CUST-1602,Lawrence Bell,Consumer,West,Tennessee,Office Supplies,Paper,Pineda and Sons Paper,4,9.54,0.1,34.34,25.2,9.14
ORD-10557,2023-12-27,2023-12-29,First Class,CUST-2300,Jasmine English,Home Office,North,Washington,Technology,Laptops,Evans-Roberts Laptops,1,1539.95,0.1,1385.96,968.02,417.94
ORD-10558,2023-02-07,2023-02-09,Same Day,CUST-1057,Richard Gonzales,Consumer,East,Illinois,Office Supplies,Envelopes,Ramirez-Hampton Envelopes,1,11.32,0.05,10.75,7.72,3.03
ORD-10559,2023-11-16,2023-11-17,Second Class,CUST-2283,Joel Baker,Consumer,South,Wisconsin,Technology,Accessories,Sharp-Harrington Accessories,4,103.65,0.3,290.22,191.13,99.09
ORD-10560,2022-10-10,2022-10-11,First Class,CUST-1135,Ashley Brennan,Home Office,East,Rhode Island,Furniture,Tables,"Todd, Hull and Hubbard Tables",2,1415.71,0.0,2831.42,1558.8,1272.62
ORD-10561,2021-12-18,2021-12-21,Same Day,CUST-2292,Kathy Nichols,Home Office,West,North Dakota,Furniture,Shelving,"Martin, Lamb and Russell Shelving",2,135.93,0.2,217.49,129.26,88.23
ORD-10562,2023-07-09,2023-07-13,Standard Class,CUST-2031,Jeffrey King,Home Office,North,California,Furniture,Desks,Brown-Lang Desks,6,465.25,0.3,1954.05,1680.86,273.19
ORD-10563,2023-02-07,2023-02-11,Second Class,CUST-1418,Robert Harris,Home Office,North,Rhode Island,Technology,Laptops,Goodwin-Brown Laptops,2,1462.89,0.0,2925.78,1360.43,1565.35
ORD-10564,2021-03-23,2021-03-28,First Class,CUST-2664,Jenny Lozano,Corporate,North,Maryland,Technology,Accessories,"Rodriguez, Casey and Arnold Accessories",8,93.73,0.1,674.86,484.95,189.91
ORD-10565,2022-04-01,2022-04-06,Second Class,CUST-1375,Richard Vincent,Corporate,North,Maine,Technology,Accessories,"Clark, Johnson and Campbell Accessories",4,56.38,0.0,225.52,140.74,84.78
ORD-10566,2022-02-23,2022-02-25,Second Class,CUST-1956,Mr. Paul Soto DDS,Corporate,South,North Dakota,Technology,Phones,Harper-Peters Phones,4,269.98,0.0,1079.92,532.85,547.07
ORD-10567,2023-09-13,2023-09-14,Same Day,CUST-1773,Diana Kirk,Consumer,West,Minnesota,Furniture,Desks,"Mack, Morales and Rodriguez Desks",3,369.42,0.05,1052.85,554.52,498.33
ORD-1390,2021-06-20,2021-06-27,Same Day,CUST-2100,Carlos Ramirez,Consumer,South,Wisconsin,Office Supplies,Storage,Edwards-Davis Storage,7,45.37,0.1,285.83,176.85,108.98
ORD-10569,2023-08-20,2023-08-22,Same Day,CUST-1026,Dr. Kenneth Butler,Home Office,East,California,Office Supplies,Storage,Evans-Conrad Storage,8,42.46,0.0,339.68,164.46,175.22
ORD-10570,2021-05-26,2021-05-30,Same Day,CUST-1254,Sean Taylor,Corporate,South,Massachusetts,Office Supplies,Storage,Miller PLC Storage,7,74.8,0.3,366.52,364.89,1.63
ORD-10571,2023-05-19,2023-05-25,First Class,CUST-2887,Taylor Welch,Corporate,North,Ohio,Technology,Phones,Gonzalez Inc Phones,6,1157.1,0.05,6595.47,4253.92,2341.55
ORD-10572,2021-11-27,2021-11-28,Second Class,CUST-2457,Thomas Roy,Corporate,West,Colorado,Furniture,Desks,Moses-Owens Desks,8,387.46,0.3,2169.78,2132.41,37.37
ORD-10573,2022-09-11,2022-09-16,Same Day,CUST-1783,Taylor Sullivan,Home Office,East,Michigan,Furniture,Shelving,"Rodriguez, Escobar and Washington Shelving",2,293.28,0.05,557.23,326.55,230.68
ORD-10574,2022-03-06,2022-03-12,First Class,CUST-1344,Latoya Ferguson,Corporate,North,Kentucky,Furniture,Tables,Stevens-Nguyen Tables,2,1158.4,0.0,2316.8,1198.38,1118.42
ORD-10575,2021-10-03,2021-10-05,Same Day,CUST-1225,Debra Chambers,Corporate,South,Connecticut,Technology,Laptops,King LLC Laptops,7,1683.24,0.05,11193.55,6405.81,4787.74
ORD-10576,2021-08-12,2021-08-19,Same Day,CUST-1175,Michael Johns,Corporate,North,Texas,Technology,Monitors,Carlson-Rose Monitors,3,194.24,0.15,495.31,395.23,100.08
ORD-1272,2021-01-15,2021-01-21,Standard Class,CUST-1198,Brianna Cox,Consumer,North,North Carolina,Office Supplies,Paper,Mckay Group Paper,10,23.82,0.0,238.2,151.96,86.24
ORD-10578,2022-12-04,2022-12-07,First Class,CUST-2362,Mark Martin,Corporate,West,Illinois,Office Supplies,Labels,"Schultz, Murphy and Perez Labels",5,11.36,0.2,45.44,30.34,15.1
ORD-10579,2021-10-12,2021-10-13,,CUST-1572,Alexandra Russo,Home Office,South,South Carolina,Furniture,Chairs,"Gross, Williams and Moyer Chairs",6,879.75,0.15,4486.72,2905.56,1581.16
ORD-10580,2022-10-22,2022-10-23,Standard Class,CUST-2985,Rebecca Ward,Home Office,East,Georgia,Office Supplies,Storage,Garrison-Terry Storage,8,53.28,0.05,404.93,293.84,111.09
ORD-10581,2023-09-03,2023-09-09,Standard Class,CUST-2503,Mark Pope,Corporate,East,Hawaii,Furniture,Tables,Smith-Garza Tables,8,442.31,0.0,3538.48,2423.05,1115.43
ORD-10582,2022-09-10,2022-09-17,Standard Class,CUST-2791,Douglas Martinez,Corporate,South,Oregon,Furniture,Desks,Combs and Sons Desks,9,883.14,0.2,6358.61,5160.05,1198.56
ORD-10583,2021-03-01,2021-03-03,Standard Class,CUST-1785,Nicholas Rogers,Corporate,South,Utah,Office Supplies,Paper,"Brown, Wilson and Abbott Paper",9,31.52,0.0,283.68,198.11,85.57
ORD-10584,2022-04-04,2022-04-09,Same Day,CUST-2318,Tara Reynolds,Corporate,West,Massachusetts,Furniture,Bookcases,Wright PLC Bookcases,2,353.01,0.1,635.42,439.81,195.61
ORD-10585,2021-06-29,2021-06-30,Second Class,CUST-2919,Catherine Trevino,Consumer,North,Virginia,Furniture,Tables,"Holder, Gray and Mayer Tables",9,1022.41,0.3,6441.18,4406.9,2034.28
ORD-10586,2022-01-24,2022-01-31,Standard Class,CUST-2579,Steven Edwards,Corporate,South,Minnesota,Furniture,Bookcases,Washington PLC Bookcases,6,116.06,0.3,487.45,416.09,71.36
ORD-10587,2022-08-31,2022-09-07,Same Day,CUST-1301,Megan Hoover,Home Office,East,New Jersey,Furniture,Shelving,Faulkner and Sons Shelving,2,193.6,0.0,387.2,253.24,133.96
ORD-10588,2023-09-07,2023-09-13,Standard Class,CUST-2442,Joseph Adams,Corporate,North,Hawaii,Technology,Accessories,"Thompson, Wilkinson and Leonard Accessories",1,103.15,0.05,97.99,68.28,29.71
ORD-10589,2022-01-02,2022-01-09,Second Class,CUST-2669,Michael Hudson,Home Office,South,Michigan,Office Supplies,Binders,"Graham, Moss and White Binders",4,33.63,0.15,114.34,62.3,52.04
ORD-10590,2022-08-03,2022-08-06,Same Day,CUST-2753,Abigail Richards,Home Office,West,Massachusetts,Technology,Tablets,Roberts and Sons Tablets,7,404.99,0.1,2551.44,1649.82,901.62
ORD-10591,2021-10-09,2021-10-13,First Class,CUST-1296,Barry Brown,Consumer,South,South Dakota,Technology,Monitors,Sullivan-Williamson Monitors,10,392.56,0.15,3336.76,1927.17,1409.59
ORD-10592,2021-10-30,2021-11-03,Standard Class,CUST-2723,Sarah Stephenson MD,Consumer,North,Nebraska,Furniture,Desks,Maxwell Group Desks,1,908.85,0.0,908.85,633.58,275.27
ORD-10593,2023-04-08,2023-04-10,First Class,CUST-2000,Benjamin Williams,Corporate,South,Georgia,Technology,Printers,"Rivera, Le and Wright Printers",3,586.56,0.3,1231.78,1218.46,13.32
ORD-10594,2023-01-23,2023-01-24,Same Day,CUST-2001,Rebecca Cooper,Home Office,South,Maryland,Furniture,Tables,Monroe PLC Tables,2,1190.67,0.15,2024.14,1460.47,563.67
ORD-10595,2023-09-19,2023-09-25,Standard Class,CUST-1256,Morgan May,Consumer,East,Kansas,Technology,Tablets,"Stark, Gould and Wallace Tablets",10,522.44,0.0,5224.4,2587.51,2636.89
ORD-10596,2023-12-22,2023-12-26,Standard Class,CUST-2103,Juan Wilson,Home Office,North,Mississippi,Technology,Accessories,"York, Woods and Washington Accessories",9,137.24,0.0,1235.16,808.25,426.91
ORD-10597,2021-09-09,2021-09-10,Standard Class,CUST-1330,Johnny Sanchez,Consumer,East,Connecticut,Technology,Accessories,"Chan, Adams and Warren Accessories",3,135.66,0.15,345.93,264.59,81.34
ORD-10598,2021-01-01,2021-01-03,Second Class,CUST-2063,Juan Mendoza,Corporate,West,North Carolina,Technology,Laptops,Gill PLC Laptops,9,1971.9,0.0,17747.1,12179.96,5567.14
ORD-10599,2021-07-22,2021-07-28,First Class,CUST-1385,Darren Herrera,Consumer,East,Arizona,Technology,Tablets,"Peterson, Williams and Mason Tablets",6,468.79,0.05,2672.1,1624.77,1047.33
ORD-10600,2023-02-21,2023-02-27,Same Day,CUST-1170,Samantha Fox,Corporate,West,Arizona,Technology,Monitors,"Pratt, Clark and Mullen Monitors",4,601.61,0.05,2286.12,1236.29,1049.83
ORD-10601,2023-11-14,2023-11-19,Second Class,CUST-1647,Mrs. Mary Jones,Corporate,West,Louisiana,Furniture,Desks,Smith PLC Desks,2,689.49,0.05,1310.03,814.85,495.18
ORD-10602,2023-01-14,2023-01-17,Same Day,CUST-2634,Jonathan Buchanan,Consumer,East,Minnesota,Technology,Tablets,"Jenkins, Carpenter and Allen Tablets",5,310.87,0.0,1554.35,948.22,606.13
ORD-10603,2022-09-20,2022-09-25,Standard Class,CUST-2083,Natalie Jordan,Corporate,East,Kansas,Technology,Laptops,"Cook, Porter and Shannon Laptops",4,1128.02,0.0,4512.08,2852.0,1660.08
ORD-10604,2023-12-25,2023-12-30,Same Day,CUST-1976,Clifford Day,Home Office,South,Florida,Furniture,Bookcases,Cruz Inc Bookcases,1,327.29,0.0,327.29,213.24,114.05
ORD-10605,2023-01-29,2023-02-04,First Class,CUST-1856,Elizabeth Stokes,Home Office,West,Florida,Office Supplies,Paper,Wilkerson-Barton Paper,3,42.77,0.1,115.48,81.01,34.47
ORD-10606,2022-04-14,2022-04-17,Same Day,CUST-1625,Tammy Abbott,Corporate,East,Nevada,Technology,Phones,"Ballard, Dunn and Espinoza Phones",8,1186.25,0.05,9015.5,5975.06,3040.44
ORD-10607,2023-10-07,2023-10-14,Standard Class,CUST-1868,Joshua White,Home Office,South,South Dakota,Technology,Accessories,Wright LLC Accessories,4,21.13,0.3,59.16,44.07,15.09
ORD-10608,2023-05-21,2023-05-27,Second Class,CUST-2513,Jennifer Foster,Home Office,North,Arkansas,Office Supplies,Storage,Jackson-Black Storage,9,46.05,0.1,373.0,263.79,109.21
ORD-10609,2021-04-15,2021-04-19,First Class,CUST-2986,Jeanette Yates,Consumer,East,Mississippi,Furniture,Tables,"Simpson, Sloan and Smith Tables",9,1451.21,0.2,10448.71,7554.69,2894.02
ORD-10610,2023-03-18,2023-03-20,First Class,CUST-2964,Jonathan Gray,Home Office,North,Wyoming,Furniture,Desks,Garrett Inc Desks,2,1014.9,0.0,2029.8,1287.92,741.88
ORD-10611,2022-12-18,2022-12-24,First Class,CUST-1207,Justin Price,Corporate,West,Alaska,Office Supplies,Labels,"Zimmerman, Ryan and Johnson Labels",1,17.27,0.0,17.27,8.23,9.04
ORD-10612,2022-04-09,2022-04-13,Standard Class,CUST-1877,Valerie Ryan,Consumer,East,Maryland,Technology,Laptops,"Terrell, Graham and Howard Laptops",3,1340.74,0.0,4022.22,2470.28,1551.94
ORD-1904,2022-02-11,2022-02-12,Same Day,CUST-1808,Tracey Holloway,Corporate,East,Montana,Technology,Phones,Lee Inc Phones,8,856.28,0.0,6850.24,4573.42,2276.82
ORD-10614,2021-09-18,2021-09-21,Standard Class,CUST-1818,Erik Cummings,Home Office,West,Mississippi,Technology,Monitors,Mosley and Sons Monitors,8,649.65,0.3,3638.04,3053.52,584.52
ORD-10615,2022-12-02,2022-12-06,Standard Class,CUST-1889,Peter Moore,Corporate,East,North Carolina,Technology,Laptops,Russell-Beasley Laptops,1,1940.75,0.0,1940.75,988.09,952.66
ORD-10616,2022-06-24,2022-06-30,Second Class,CUST-1406,Robert Vincent,Corporate,North,Missouri,Office Supplies,Storage,Small Group Storage,7,15.78,0.0,110.46,70.88,39.58
ORD-10617,2021-03-20,2021-03-23,Second Class,CUST-1873,Mrs. Christine Mcgrath,Consumer,South,Arkansas,Furniture,Shelving,"Ayala, Berry and Fields Shelving",4,198.89,0.5,397.78,384.31,13.47
ORD-10618,2021-05-06,2021-05-11,Second Class,CUST-1225,Matthew Stark,Corporate,East,Tennessee,Technology,Laptops,Davis Group Laptops,9,1132.49,0.0,10192.41,5672.27,4520.14
ORD-1676,2022-03-11,2022-03-14,Standard Class,CUST-1206,Andrea Barry,Corporate,South,New York,Office Supplies,Pens & Pencils,Grant-Li Pens & Pencils,4,18.37,0.0,73.48,46.75,26.73
ORD-10620,2023-01-11,2023-01-17,Second Class,CUST-1761,Brian Shaw,Consumer,East,Missouri,Office Supplies,Storage,Jackson PLC Storage,5,35.45,0.0,177.25,112.61,64.64
ORD-10621,2022-01-26,2022-01-28,Standard Class,CUST-1153,Sharon Horton,Home Office,East,Colorado,Technology,Tablets,Simon-Travis Tablets,2,399.63,0.0,799.26,553.15,246.11
ORD-10622,2022-06-02,2022-06-09,Second Class,CUST-2997,Kelly Dunlap,Corporate,East,Utah,Office Supplies,Envelopes,Jackson and Sons Envelopes,4,15.8,0.05,60.04,37.14,22.9
ORD-10623,2021-09-22,2021-09-25,Standard Class,CUST-2626,Matthew Garcia,Home Office,South,Connecticut,Office Supplies,Envelopes,Valdez LLC Envelopes,7,22.37,0.0,156.59,81.2,75.39
ORD-10624,2023-03-11,2023-03-15,Second Class,CUST-1007,Julie Jordan,Consumer,South,Montana,Furniture,Tables,"Stephens, Bell and Le Tables",9,803.14,0.2,5782.61,4173.02,1609.59
ORD-10625,2022-07-04,2022-07-09,First Class,CUST-2092,Tabitha Richardson,Consumer,East,Oregon,Furniture,Chairs,Sanchez-Reynolds Chairs,9,800.91,0.0,7208.19,3640.74,3567.45
ORD-10626,2022-03-07,2022-03-12,Standard Class,CUST-2295,Joan Everett,Home Office,East,Oklahoma,Technology,Accessories,"Evans, Martinez and Taylor Accessories",5,30.74,0.2,122.96,78.73,44.23
ORD-10627,2021-01-22,2021-01-29,First Class,CUST-1572,Terri Marquez,Consumer,East,South Carolina,Office Supplies,Paper,Reid-Coleman Paper,9,57.05,0.0,513.45,238.4,275.05
ORD-10628,2022-02-27,2022-03-06,Same Day,CUST-1417,Christopher Williams,Home Office,West,Massachusetts,Technology,Tablets,Harris-Clark Tablets,10,577.26,0.0,5772.6,2969.06,2803.54
ORD-10629,2021-12-27,2021-12-29,Standard Class,CUST-1369,Melissa Rogers,Home Office,East,South Carolina,Technology,Phones,"Rowe, Roth and Fernandez Phones",7,431.72,0.0,3022.04,1706.99,1315.05
ORD-10630,2022-05-18,2022-05-22,Second Class,CUST-1205,Michael Taylor,Home Office,South,Alabama,Technology,Printers,"Simmons, Lucas and Thomas Printers",3,164.72,0.15,420.04,231.27,188.77
ORD-10631,2021-03-31,2021-04-02,Standard Class,CUST-1292,Todd Smith,Home Office,North,Washington,Furniture,Chairs,"Gonzalez, Kelly and Shepherd Chairs",7,574.7,0.0,4022.9,2458.48,1564.42
ORD-10632,2023-06-29,2023-07-06,Second Class,CUST-1316,Nicholas Jensen,Consumer,North,Texas,Technology,Laptops,Bryant-Harper Laptops,6,1359.32,0.15,6932.53,4817.81,2114.72
ORD-10633,2023-05-01,2023-05-03,First Class,CUST-1464,Andrea Riley,Corporate,West,Maine,Furniture,Bookcases,"Ramirez, Tapia and Esparza Bookcases",-2,336.09,0.0,672.18,451.45,220.73
ORD-10634,2022-04-05,2022-04-06,Standard Class,CUST-1156,Meghan Scott,Home Office,East,Alaska,Technology,Printers,"Kennedy, Riley and Jones Printers",4,420.79,0.2,1346.53,1174.33,172.2
ORD-10635,2022-01-07,2022-01-13,Second Class,CUST-2407,Travis Edwards,Corporate,East,West Virginia,Technology,Printers,Garza PLC Printers,2,560.13,0.2,896.21,597.9,298.31
ORD-10636,2021-11-01,2021-11-08,Standard Class,CUST-1799,Jacob Pittman,Corporate,West,Oklahoma,Office Supplies,Paper,"Orr, Johnson and Cruz Paper",8,19.91,0.1,143.35,105.99,37.36
ORD-10637,2022-10-16,2022-10-20,Second Class,CUST-1847,Kathy Espinoza,Home Office,East,South Carolina,Technology,Laptops,Alexander-Edwards Laptops,5,1408.98,0.0,7044.9,3848.31,3196.59
ORD-10638,2023-02-27,2023-02-28,Same Day,CUST-2183,Michael Day,Home Office,South,Texas,Technology,Accessories,Malone-Rocha Accessories,7,139.02,0.0,973.14,637.75,335.39
ORD-10639,2021-08-14,2021-08-15,First Class,CUST-2739,Michael Stevens,Consumer,East,Maryland,Furniture,Chairs,Combs Ltd Chairs,1,272.86,0.0,272.86,188.11,84.75
ORD-10640,2021-10-10,2021-10-11,Second Class,CUST-1773,Craig Hernandez,Home Office,North,Arkansas,Office Supplies,Binders,"Wilson, Chambers and Rivas Binders",9,33.9,0.3,213.57,154.43,59.14
ORD-10641,2021-06-11,2021-06-13,Second Class,CUST-2666,Charles Brown,Corporate,South,Massachusetts,Furniture,Tables,Salinas-Neal Tables,2,632.92,0.1,1139.26,685.21,454.05
ORD-10642,2021-01-28,2021-01-31,Same Day,CUST-2315,Sarah Patel,Consumer,South,Alabama,Technology,Phones,Contreras-Valdez Phones,9,943.56,0.1,7642.84,4763.98,2878.86
ORD-10643,2022-04-11,2022-04-15,First Class,CUST-1188,Jonathon Rich,Home Office,West,Massachusetts,Furniture,Desks,"Allen, Phillips and Miller Desks",7,111.95,0.1,705.28,450.97,254.31
ORD-10644,2022-10-04,2022-10-10,Standard Class,CUST-1337,Ryan Wallace,Consumer,East,Virginia,Technology,Accessories,Howell Ltd Accessories,10,39.66,0.0,396.6,224.92,171.68
ORD-10645,2021-08-07,2021-08-08,First Class,CUST-2863,Edgar Owens,Corporate,South,Hawaii,Furniture,Tables,Moreno LLC Tables,2,388.73,0.0,777.46,404.71,372.75
ORD-10646,2021-04-04,2021-04-05,Standard Class,CUST-1017,Todd Bates,Corporate,East,North Carolina,Furniture,Desks,Stewart-Garcia Desks,1,802.23,0.0,802.23,519.49,282.74
ORD-10647,2023-10-29,2023-10-30,Standard Class,CUST-1048,Norma Harris,Home Office,West,New Jersey,Office Supplies,Labels,Ellison-Jones Labels,7,5.51,0.1,34.71,26.0,8.71
ORD-10648,2022-04-20,2022-04-22,Same Day,CUST-2574,Mrs. Shelly Hebert,Home Office,South,Washington,Office Supplies,Labels,"Bailey, Webb and Sanchez Labels",1,17.64,0.0,17.64,10.7,6.94
ORD-10649,2022-08-19,2022-08-22,First Class,CUST-1081,Stephanie Garrett,Home Office,West,Connecticut,Furniture,Shelving,"Lewis, Park and Gibson Shelving",10,297.99,0.1,2681.91,1438.69,1243.22
ORD-10650,2022-09-26,2022-10-01,Same Day,CUST-2833,Stacy Lee,Consumer,West,Arkansas,Technology,Monitors,"Lara, Hopkins and Williams Monitors",10,897.76,0.0,8977.6,4073.46,4904.14
ORD-10651,2023-08-02,2023-08-05,First Class,CUST-2562,Leslie Conrad,Corporate,South,New Jersey,Technology,Phones,Brown PLC Phones,5,513.72,0.0,2568.6,1201.55,1367.05
ORD-10652,2022-10-05,2022-10-08,Second Class,CUST-1921,Julia Wilson,Corporate,North,Michigan,Technology,Tablets,Whitney-Maddox Tablets,6,467.37,0.15,2383.59,1621.18,762.41
ORD-10653,2021-11-21,2021-11-26,Second Class,CUST-1795,Alexis Swanson,Corporate,North,Colorado,Furniture,Chairs,Mack-Harvey Chairs,4,687.65,0.1,2475.54,1437.64,1037.9
ORD-10654,2023-03-24,2023-03-31,Standard Class,CUST-1132,Melissa Clark,Corporate,East,New York,Office Supplies,Storage,Barnett and Sons Storage,9,42.79,0.2,308.09,183.73,124.36
ORD-10655,2022-03-14,2022-03-17,Second Class,CUST-2585,Jeremiah Sparks,Corporate,North,New Hampshire,Furniture,Tables,Palmer Group Tables,8,413.44,0.0,3307.52,1608.71,1698.81
ORD-10656,2021-06-21,2021-06-23,Same Day,CUST-1610,Stephen King,Home Office,West,Kentucky,Office Supplies,Storage,Martin-Smith Storage,4,78.5,0.0,314.0,191.2,122.8
ORD-10657,2021-12-03,2021-12-05,Same Day,CUST-1973,Julia Green,Home Office,South,Vermont,Office Supplies,Labels,Doyle-Rocha Labels,5,5.85,0.0,29.25,18.67,10.58
ORD-10658,2021-06-09,2021-06-15,,CUST-1663,Jamie Carter,Home Office,East,Wyoming,Furniture,Tables,Williams Inc Tables,10,609.48,0.0,6094.8,3652.5,2442.3
ORD-10659,2023-07-12,2023-07-19,Same Day,CUST-2308,Shelley Barrera,Home Office,North,Louisiana,Technology,Monitors,Lindsey and Sons Monitors,3,822.38,0.0,2467.14,1555.71,911.43
ORD-10660,2022-03-06,2022-03-08,Second Class,CUST-1029,Angela Robbins,Corporate,East,Minnesota,Technology,Monitors,Jackson-Hansen Monitors,4,709.28,0.0,2837.12,1430.01,1407.11
ORD-10661,2023-04-21,2023-04-24,Same Day,CUST-2071,Cynthia Cannon,Corporate,North,Texas,Technology,Printers,"Summers, Gallagher and Morrison Printers",9,546.26,0.15,4178.89,2772.81,1406.08
ORD-10662,2023-06-15,2023-06-21,Same Day,CUST-2894,Michelle Tucker,Consumer,North,Pennsylvania,Technology,Phones,"Wood, Cruz and Bradshaw Phones",3,628.38,0.05,1790.88,1246.59,544.29
ORD-10663,2021-03-08,2021-03-14,Standard Class,CUST-1456,Stanley Moore,Corporate,West,Missouri,Technology,Laptops,Moss Inc Laptops,10,1509.47,0.2,12075.76,8692.14,3383.62
ORD-10664,2023-03-22,2023-03-23,Same Day,CUST-2039,Kathryn Norris,Corporate,East,Montana,Technology,Monitors,"Hines, Anderson and Richardson Monitors",2,792.26,0.0,1584.52,1038.03,546.49
ORD-10665,2021-02-23,2021-02-25,,CUST-2062,Christopher Powers,Home Office,East,Mississippi,Furniture,Bookcases,Winters and Sons Bookcases,7,195.25,0.1,1230.08,626.2,603.88
ORD-10666,2021-04-16,2021-04-23,Second Class,CUST-2923,Jessica Stafford,Home Office,West,Texas,Office Supplies,Binders,Baker PLC Binders,7,38.49,0.0,269.43,147.74,121.69
ORD-10667,2021-08-31,2021-09-06,Standard Class,CUST-2560,Matthew Marshall,Home Office,East,Louisiana,Furniture,Desks,Norman and Sons Desks,6,543.43,0.05,3097.55,1570.24,1527.31
ORD-1788,2021-02-26,2021-03-03,,CUST-1161,William Burton,Home Office,West,Indiana,Furniture,Desks,Farmer and Sons Desks,4,1143.57,0.0,4574.28,2736.89,1837.39
ORD-10669,2022-09-01,2022-09-03,Second Class,CUST-2597,Julie Vega,Corporate,East,Missouri,Technology,Accessories,"Jensen, Lopez and Williams Accessories",8,112.78,0.05,857.13,608.54,248.59
ORD-10670,2021-09-09,2021-09-10,Standard Class,CUST-1369,Rachel Smith,Consumer,North,Michigan,Furniture,Chairs,Brown-Moyer Chairs,3,305.47,0.05,870.59,624.81,245.78
ORD-10671,2021-06-06,2021-06-08,Standard Class,CUST-1642,Courtney Shields,Home Office,West,Pennsylvania,Office Supplies,Pens & Pencils,"Frost, Butler and Berry Pens & Pencils",4,22.99,0.0,91.96,52.57,39.39
ORD-10672,2022-12-12,2022-12-16,Standard Class,CUST-1010,Jennifer Mcpherson,Consumer,East,New Hampshire,Technology,Monitors,Morrison and Sons Monitors,3,374.07,0.1,1009.99,601.17,408.82
ORD-10673,2022-03-21,2022-03-22,Second Class,CUST-2490,Veronica Phillips,Home Office,South,Kentucky,Technology,Monitors,Cole PLC Monitors,9,604.58,0.0,5441.22,2944.91,2496.31
ORD-10674,2023-06-13,2023-06-18,First Class,CUST-1512,Kimberly Davidson,Consumer,South,Oklahoma,Office Supplies,Pens & Pencils,"Davis, Jenkins and Gordon Pens & Pencils",2,13.08,0.0,26.16,17.06,9.1
ORD-10675,2023-09-27,2023-10-01,First Class,CUST-2530,Scott Bates,Corporate,East,Hawaii,Furniture,Bookcases,Harvey LLC Bookcases,2,483.22,0.05,918.12,484.63,433.49
ORD-10676,2023-11-14,2023-11-17,Standard Class,CUST-2693,Derrick Suarez,Home Office,East,New Hampshire,Furniture,Chairs,Mercer LLC Chairs,7,577.98,0.0,4045.86,2720.28,1325.58
ORD-10677,2023-02-01,2023-02-03,Second Class,CUST-1652,Tyler Davis,Home Office,North,Louisiana,Office Supplies,Paper,"Sanders, Johnson and Hernandez Paper",6,11.31,0.0,67.86,41.68,26.18
ORD-10678,2023-12-16,2023-12-18,Standard Class,CUST-2244,Jeremy Wilson,Home Office,North,Maryland,Furniture,Bookcases,"Gonzalez, Tucker and Roth Bookcases",10,154.06,0.15,1309.51,925.05,384.46
ORD-10679,2021-04-06,2021-04-09,Second Class,CUST-1350,Karina Reyes,Home Office,East,Michigan,Furniture,Tables,"Finley, Butler and Alvarado Tables",7,1061.34,0.0,7429.38,4260.63,3168.75
ORD-10680,2023-04-05,2023-04-06,Standard Class,CUST-1080,Teresa Collins,Corporate,North,Oklahoma,Furniture,Tables,Dunn Group Tables,1,446.26,0.0,446.26,232.54,213.72
ORD-10681,2022-10-04,2022-10-08,First Class,CUST-2426,Kevin Williams,Corporate,West,Massachusetts,Technology,Phones,Rivers-Little Phones,7,295.12,0.1,1859.26,1217.01,642.25
ORD-10682,2023-06-12,2023-06-14,Standard Class,CUST-2847,Wendy Morgan,Corporate,North,Alaska,Furniture,Chairs,"Vaughn, Osborn and Miller Chairs",10,771.32,0.0,7713.2,5386.78,2326.42
ORD-10683,2023-02-17,2023-02-20,Standard Class,CUST-2194,Patricia Smith,Corporate,North,Michigan,Furniture,Chairs,"Melendez, Davis and Jackson Chairs",1,292.94,0.0,292.94,182.2,110.74
ORD-10684,2023-12-05,2023-12-10,Same Day,CUST-2003,Alex Martin,Corporate,East,Kansas,Technology,Printers,Walker Ltd Printers,10,528.19,0.2,4225.52,3259.24,966.28
ORD-10685,2022-02-26,2022-03-04,First Class,CUST-1123,Timothy Morse,Consumer,North,Louisiana,Furniture,Tables,Martinez Ltd Tables,5,431.65,0.1,1942.42,1442.18,500.24
ORD-10686,2023-11-19,2023-11-26,Second Class,CUST-2451,Amy Oliver,Corporate,South,Oklahoma,Furniture,Desks,"Miller, Simmons and Jackson Desks",7,614.97,0.0,4304.79,2756.79,1548.0
ORD-10687,2023-03-31,2023-04-02,Same Day,CUST-2405,Sara Freeman,Corporate,North,Mississippi,Furniture,Chairs,Knox Ltd Chairs,4,829.58,0.2,2654.66,1919.2,735.46
ORD-10688,2023-12-24,2023-12-28,Second Class,CUST-2127,Thomas Perez,Consumer,East,Vermont,Technology,Phones,Ryan-Lawrence Phones,2,1076.2,0.0,2152.4,1224.84,927.56
ORD-10689,2023-02-23,2023-03-01,Same Day,CUST-1387,Jim Evans,Corporate,South,Nevada,Office Supplies,Binders,Webb Inc Binders,9,8.57,0.0,77.13,36.59,40.54
ORD-10690,2022-03-26,2022-03-27,Standard Class,CUST-1545,Bradley Blackburn,Consumer,North,Arkansas,Furniture,Bookcases,Fernandez LLC Bookcases,8,293.01,0.05,2226.88,1616.81,610.07
ORD-10691,2022-07-04,2022-07-08,Same Day,CUST-1711,Rebecca Hunter,Home Office,East,New Jersey,Furniture,Chairs,Conway-Cruz Chairs,10,305.88,0.1,2752.92,1937.69,815.23
ORD-10692,2022-05-04,2022-05-06,Same Day,CUST-1383,Dawn Thomas,Corporate,West,Massachusetts,Furniture,Shelving,"Luna, Thompson and Morris Shelving",1,114.87,0.0,114.87,76.18,38.69
ORD-10693,2021-01-20,2021-01-25,First Class,CUST-1002,Dale Reynolds,Corporate,South,California,Technology,Laptops,"Meyer, Harris and Lopez Laptops",7,1532.44,0.0,10727.08,5285.03,5442.05
ORD-10694,2021-10-28,2021-11-04,Second Class,CUST-2507,Nicole Bradley,Corporate,West,Oregon,Office Supplies,Paper,"Lopez, Smith and Benson Paper",1,7.48,0.05,7.11,3.68,3.43
ORD-10695,2022-09-09,2022-09-15,First Class,CUST-2359,Travis Rodriguez,Home Office,West,Georgia,Office Supplies,Envelopes,"Hickman, King and White Envelopes",9,12.47,0.0,112.23,73.73,38.5
ORD-10696,2023-10-17,2023-10-18,Second Class,CUST-2993,Elizabeth Lopez,Corporate,East,Mississippi,Technology,Printers,"Lopez, Morgan and Johnson Printers",1,436.61,0.0,436.61,211.93,224.68
ORD-10697,2021-12-25,2021-12-28,Same Day,CUST-1678,Sean Conley,Corporate,West,Alaska,Technology,Accessories,Johnson LLC Accessories,7,22.5,0.05,149.62,105.37,44.25
ORD-10698,2022-12-12,2022-12-15,Standard Class,CUST-2898,Denise Johnson,Home Office,South,Oklahoma,Office Supplies,Pens & Pencils,"Jefferson, Murphy and Turner Pens & Pencils",10,6.38,0.05,,35.97,24.64
ORD-10699,2022-08-27,2022-08-28,First Class,CUST-2690,Jennifer Rogers,Home Office,North,Missouri,Office Supplies,Envelopes,Larson-Hill Envelopes,5,7.06,0.05,33.53,16.46,17.07
ORD-10700,2022-08-04,2022-08-11,Standard Class,CUST-2574,Heidi Russo,Home Office,South,Idaho,Technology,Phones,White Ltd Phones,7,505.82,0.0,3540.74,1903.34,1637.4
ORD-10701,2022-12-28,2022-12-30,First Class,CUST-1865,Kathy Haley,Corporate,North,North Carolina,Technology,Accessories,Dunn Group Accessories,4,47.89,0.0,191.56,108.86,82.7
ORD-10702,2022-02-13,2022-02-16,First Class,CUST-1616,David Martin,Corporate,North,Kansas,Office Supplies,Pens & Pencils,"Allen, Cannon and Jones Pens & Pencils",3,15.73,0.05,44.83,22.88,21.95
ORD-10703,2022-10-04,2022-10-09,Same Day,CUST-1959,Daniel Reynolds,Corporate,West,Montana,Office Supplies,Labels,Johnson Group Labels,8,18.69,0.05,142.04,86.97,55.07
ORD-10704,2022-09-12,2022-09-19,Same Day,CUST-1260,Thomas Nunez,Home Office,East,Connecticut,Office Supplies,Storage,Smith LLC Storage,8,77.3,0.0,618.4,300.01,318.39
ORD-10705,2022-07-08,2022-07-15,Same Day,CUST-2217,Holly Miles,Consumer,East,Ohio,Technology,Phones,Jones Ltd Phones,1,325.94,0.0,325.94,153.57,172.37
ORD-10706,2023-10-12,2023-10-14,Standard Class,CUST-2745,Daniel Maxwell,Consumer,East,Kentucky,Furniture,Tables,"Harper, Willis and Fox Tables",1,1073.02,0.0,1073.02,621.35,451.67
ORD-10707,2021-09-05,2021-09-10,Second Class,CUST-1970,Dalton Vazquez,Consumer,West,Connecticut,Furniture,Bookcases,Martin Ltd Bookcases,1,376.42,0.15,319.96,169.39,150.57
ORD-10708,2023-06-19,2023-06-26,Second Class,CUST-1299,Willie Taylor,Home Office,North,Wisconsin,Office Supplies,Paper,Warner-Soto Paper,5,55.93,0.0,279.65,164.07,115.58
ORD-10709,2021-07-24,2021-07-29,Second Class,CUST-1801,Samantha Quinn,Corporate,North,Washington,Technology,Monitors,Paul-Jones Monitors,4,763.91,0.0,3055.64,1596.6,1459.04
ORD-1310,2023-06-30,2023-07-01,Same Day,CUST-1285,Brent Booth,Corporate,West,Michigan,Office Supplies,Storage,Huffman and Sons Storage,3,66.94,0.0,200.82,92.08,108.74
ORD-10711,2023-03-11,2023-03-16,Second Class,CUST-1720,Aaron Johnson,Home Office,East,Oregon,Office Supplies,Paper,Fleming PLC Paper,6,59.0,0.05,336.3,221.8,114.5
ORD-10712,2023-09-18,2023-09-22,First Class,CUST-1369,Malik Wallace,Home Office,East,South Carolina,Office Supplies,Envelopes,"Aguirre, Young and Long Envelopes",3,26.18,0.0,78.54,36.68,41.86
ORD-10713,2021-11-22,2021-11-24,Same Day,CUST-2913,Kyle Campbell,Home Office,West,South Dakota,Technology,Accessories,Garcia-Smith Accessories,10,55.37,0.0,553.7,253.25,300.45
ORD-10714,2021-05-12,2021-05-13,Same Day,CUST-2734,Aaron Banks,Home Office,North,Idaho,Office Supplies,Binders,Byrd Ltd Binders,4,39.31,0.0,157.24,87.27,69.97
ORD-10715,2022-02-14,2022-02-16,Same Day,CUST-1585,Jose Hill,Consumer,South,Washington,Office Supplies,Pens & Pencils,Lindsey-Powell Pens & Pencils,1,15.95,0.2,12.76,11.12,1.64
ORD-10716,2022-02-21,2022-02-22,Standard Class,CUST-1736,Elizabeth West,Corporate,North,Delaware,Furniture,Desks,Williams-Flores Desks,9,577.47,0.15,4417.65,3207.55,1210.1
ORD-10717,2021-10-10,2021-10-17,Same Day,CUST-1770,Jacob Watson,Consumer,North,Maine,Office Supplies,Binders,"Meyer, Schneider and Carter Binders",9,28.25,0.0,254.25,137.07,117.18
ORD-10718,2022-08-17,2022-08-24,First Class,CUST-1139,Jason Fowler II,Consumer,East,Utah,Technology,Tablets,Waters Ltd Tablets,2,343.85,0.0,687.7,450.67,237.03
ORD-10719,2021-08-16,2021-08-21,Same Day,CUST-1538,Michael Graves,Home Office,North,Missouri,Technology,Tablets,"Nguyen, Gray and Lutz Tablets",9,523.98,0.2,3772.66,2765.76,1006.9
ORD-10720,2022-11-07,2022-11-14,Second Class,CUST-1482,Wendy Valdez,Corporate,North,Missouri,Technology,Printers,Payne Group Printers,4,299.13,0.0,1196.52,782.75,413.77
ORD-10721,2021-06-15,2021-06-20,Same Day,CUST-2481,Tina Charles,Consumer,North,Vermont,Furniture,Shelving,"Scott, Kennedy and Vazquez Shelving",1,222.8,0.0,222.8,134.37,88.43
ORD-10722,2022-02-06,2022-02-11,Second Class,CUST-2400,Crystal Smith,Home Office,North,North Dakota,Technology,Phones,Steele-Rocha Phones,6,707.6,0.0,4245.6,1969.28,2276.32
ORD-10723,2021-08-30,2021-09-04,Same Day,CUST-1396,Jenna Tate,Corporate,West,Vermont,Furniture,Tables,Harrison Inc Tables,7,191.95,0.1,1209.28,643.47,565.81
ORD-10724,2022-05-27,2022-06-03,Standard Class,CUST-1898,Brenda Reilly,Consumer,East,Rhode Island,Technology,Monitors,"Hoffman, Peterson and Johnson Monitors",10,324.03,0.0,3240.3,1470.2,1770.1
ORD-10725,2021-06-07,2021-06-08,Same Day,CUST-2013,Benjamin Valdez,Home Office,East,Connecticut,Technology,Printers,Williams Group Printers,4,261.83,0.5,523.66,503.34,20.32
ORD-10726,2023-10-29,2023-10-30,Second Class,CUST-2444,Carla Shepherd,Home Office,West,Missouri,Technology,Phones,"Hernandez, Hernandez and Russell Phones",6,913.13,0.15,4656.96,2831.89,1825.07
ORD-10727,2023-02-02,2023-02-08,First Class,CUST-1481,Marissa Black,Home Office,West,Utah,Office Supplies,Paper,"Warner, Navarro and Clark Paper",3,16.2,0.15,41.31,24.43,16.88
ORD-10728,2021-06-23,2021-06-24,First Class,CUST-2014,Patricia Walker,Consumer,West,Colorado,Furniture,Tables,Bailey Ltd Tables,1,1435.2,0.0,1435.2,753.63,681.57
ORD-10729,2022-12-14,2022-12-15,Standard Class,CUST-1688,Melvin Jordan,Corporate,South,Wisconsin,Office Supplies,Storage,"Pugh, Jones and Schultz Storage",4,13.11,0.0,52.44,24.01,28.43
ORD-10730,2022-08-12,2022-08-19,Standard Class,CUST-1868,Sheila Rowe,Home Office,East,Florida,Technology,Printers,"Garcia, Burnett and Lopez Printers",10,457.41,0.0,4574.1,2691.05,1883.05
ORD-10731,2021-06-25,2021-06-27,,CUST-2169,Megan Harris,Corporate,North,Mississippi,Technology,Phones,Cruz-Mckenzie Phones,4,667.33,0.0,2669.32,1835.8,833.52
ORD-10732,2022-10-20,2022-10-27,Standard Class,CUST-1947,Anthony Lopez,Consumer,West,Kansas,Furniture,Bookcases,"Cummings, Brown and Jensen Bookcases",5,219.15,0.15,931.39,648.8,282.59
ORD-10733,2021-06-12,2021-06-15,Second Class,CUST-2952,Alex Lopez,Consumer,West,Louisiana,Technology,Phones,"Mayer, Mccall and Peterson Phones",6,237.0,0.0,1422.0,845.94,576.06
ORD-10734,2021-04-12,2021-04-14,Second Class,CUST-2401,Michael Williams,Home Office,West,Indiana,Technology,Printers,Cook Group Printers,5,478.31,0.0,2391.55,1164.03,1227.52
ORD-10735,2022-12-25,2022-12-30,First Class,CUST-1716,Carrie Rodriguez,Consumer,North,North Dakota,Furniture,Bookcases,Mora-Christensen Bookcases,4,78.46,0.0,313.84,142.49,171.35
ORD-10736,2021-05-27,2021-06-02,First Class,CUST-1050,Kevin Green,Corporate,East,Georgia,Furniture,Tables,"Munoz, Austin and Brown Tables",2,276.19,0.0,552.38,342.62,209.76
ORD-10737,2021-11-04,2021-11-09,Standard Class,CUST-2654,Larry Cruz,Corporate,East,Arkansas,Office Supplies,Storage,"Ray, Brady and Silva Storage",6,72.82,0.0,436.92,201.49,235.43
ORD-10738,2022-04-05,2022-04-10,Standard Class,CUST-2122,Bethany Berry,Home Office,West,California,Technology,Phones,Moon Ltd Phones,1,1030.73,0.1,927.66,710.85,216.81
ORD-10739,2022-08-24,2022-08-26,Same Day,CUST-1741,Kylie Brown,Consumer,West,South Carolina,Furniture,Chairs,Curry PLC Chairs,9,775.03,0.15,5928.98,3478.96,2450.02
ORD-10740,2023-11-02,2023-11-03,Same Day,CUST-2239,Donald Warren,Consumer,West,Washington,Office Supplies,Envelopes,Brown-Lopez Envelopes,4,29.25,0.0,117.0,62.95,54.05
ORD-10741,2022-06-18,2022-06-25,Same Day,CUST-1166,Janet Lee,Corporate,West,Mississippi,Office Supplies,Binders,Collins-Thomas Binders,3,24.07,0.2,57.77,44.52,13.25
ORD-10742,2023-08-21,2023-08-27,Standard Class,CUST-2707,Jesus Simpson,Corporate,North,Wisconsin,Furniture,Desks,Anderson-Gilmore Desks,4,733.61,0.2,2347.55,1627.61,719.94
ORD-10743,2023-04-04,2023-04-10,Same Day,CUST-1243,Heather Maldonado,Corporate,East,Mississippi,Furniture,Desks,Ellis-Bray Desks,3,1188.93,0.05,3388.45,1921.04,1467.41
ORD-10744,2023-06-12,2023-06-15,Same Day,CUST-2502,Thomas Cisneros,Consumer,North,Missouri,Furniture,Shelving,"Jones, Evans and Conway Shelving",1,200.32,0.0,200.32,121.74,78.58
ORD-10745,2022-07-27,2022-08-03,First Class,CUST-1698,Kayla Mckenzie,Consumer,West,Utah,Technology,Laptops,Graham LLC Laptops,6,1430.97,0.1,7727.24,4955.45,2771.79
ORD-10746,2022-10-06,2022-10-07,Second Class,CUST-1589,Rachel Yates,Corporate,West,Indiana,Office Supplies,Pens & Pencils,Mendez-Rivera Pens & Pencils,3,10.83,0.3,22.74,16.88,5.86
ORD-10747,2021-10-16,2021-10-17,Standard Class,CUST-2545,Karen Kerr,Consumer,North,Connecticut,Office Supplies,Binders,Shaw and Sons Binders,5,35.76,0.2,143.04,110.25,32.79
ORD-10748,2022-02-21,2022-02-24,Same Day,CUST-2499,Charles Hammond,Corporate,South,Texas,Furniture,Chairs,"King, Boyd and Rhodes Chairs",9,867.08,0.05,7413.53,3561.96,3851.57
ORD-10749,2022-07-25,2022-07-31,First Class,CUST-2645,Erica Huffman,Consumer,South,Iowa,Office Supplies,Pens & Pencils,Young-Johnson Pens & Pencils,2,23.11,0.0,46.22,22.38,23.84
ORD-10750,2021-03-20,2021-03-24,Standard Class,CUST-2067,Dr. Alexander Hunter,Corporate,South,Maine,Furniture,Chairs,Adams PLC Chairs,9,348.23,0.0,3134.07,1656.99,1477.08
ORD-10751,2021-11-07,2021-11-11,Second Class,CUST-1578,Ashley White,Consumer,South,North Carolina,Furniture,Chairs,Blackburn-Hogan Chairs,1,858.33,0.0,858.33,443.17,415.16
ORD-10752,2022-06-23,2022-06-28,Second Class,CUST-2306,James Cohen,Corporate,West,Arkansas,Furniture,Chairs,Hill-Terry Chairs,4,859.68,0.0,3438.72,1580.79,1857.93
ORD-10753,2023-01-02,2023-01-07,Same Day,CUST-1230,Jeffrey Sweeney,Corporate,West,Washington,Furniture,Desks,Bell-Leon Desks,4,1065.68,0.2,3410.18,2336.19,1073.99
ORD-10754,2023-03-27,2023-04-02,First Class,CUST-2720,Brandi Robinson,Corporate,West,Georgia,Office Supplies,Pens & Pencils,"Wilson, Roberts and Campbell Pens & Pencils",7,7.69,0.0,53.83,28.9,24.93
ORD-10755,2022-06-20,2022-06-26,Same Day,CUST-1905,Monique Paul,Corporate,West,West Virginia,Furniture,Desks,Simpson-Johnson Desks,5,131.86,0.05,626.34,423.9,202.44
ORD-10756,2021-12-08,2021-12-13,First Class,CUST-2941,Lisa Lee,Home Office,East,Oklahoma,Office Supplies,Paper,"Rodriguez, Miller and Taylor Paper",4,19.76,0.0,79.04,39.94,39.1
ORD-10757,2021-05-10,2021-05-16,First Class,CUST-2096,Dr. Richard Blanchard,Consumer,South,West Virginia,Technology,Tablets,"Adams, Nelson and Turner Tablets",1,500.85,0.15,425.72,321.4,104.32
ORD-10758,2022-05-25,2022-05-26,First Class,CUST-2925,Gary Smith,Home Office,North,Virginia,Furniture,Tables,Jacobson LLC Tables,4,1306.42,0.0,5225.68,2633.24,2592.44
ORD-10759,2021-03-11,2021-03-14,Second Class,CUST-1773,Phillip Guzman,Home Office,West,Pennsylvania,Furniture,Tables,Mcpherson Group Tables,1,1212.05,0.0,1212.05,753.92,458.13
ORD-10760,2021-11-07,2021-11-08,Same Day,CUST-1397,James Brown,Home Office,East,Maine,Technology,Accessories,Jimenez-Anderson Accessories,2,132.73,0.0,265.46,168.74,96.72
ORD-10761,2023-08-24,2023-08-28,Standard Class,CUST-2980,Joanna Jackson,Corporate,East,Indiana,Office Supplies,Storage,Meza-Weber Storage,1,45.86,0.0,45.86,28.16,17.7
ORD-10762,2021-08-10,2021-08-14,Same Day,CUST-1813,Kimberly Duran,Consumer,West,Idaho,Office Supplies,Pens & Pencils,"Moreno, Farrell and Mathis Pens & Pencils",9,22.88,0.05,195.62,141.65,53.97
ORD-10763,2023-10-01,2023-10-06,Standard Class,CUST-2262,Ellen Brooks,Corporate,South,Tennessee,Office Supplies,Storage,Pittman Ltd Storage,5,49.42,0.0,247.1,121.65,125.45
ORD-10764,2023-04-13,2023-04-20,Standard Class,CUST-2546,Melissa Rice,Home Office,West,North Dakota,Technology,Phones,Patel and Sons Phones,-5,452.02,0.1,2034.09,1336.46,697.63
ORD-10765,2021-06-08,2021-06-12,Standard Class,CUST-2064,Scott Lee,Home Office,North,Iowa,Furniture,Tables,"Potts, Wood and Gardner Tables",4,551.96,0.0,2207.84,1228.5,979.34
ORD-10766,2021-10-14,2021-10-20,Second Class,CUST-1018,Greg Hamilton,Corporate,North,New Mexico,Technology,Monitors,"Vaughan, Long and Flores Monitors",2,478.2,0.0,956.4,555.81,400.59
ORD-10767,2022-08-18,2022-08-23,First Class,CUST-2949,Nicholas Crawford,Home Office,East,Connecticut,Office Supplies,Pens & Pencils,White Ltd Pens & Pencils,5,18.56,0.05,88.16,45.61,42.55
ORD-10768,2023-08-29,2023-08-30,Second Class,CUST-1963,Ashley Thomas,Consumer,North,Connecticut,Furniture,Shelving,"Webster, Everett and Benton Shelving",8,105.32,0.0,842.56,529.78,312.78
ORD-10769,2021-05-17,2021-05-20,Standard Class,CUST-1706,Michael Myers,Home Office,North,Minnesota,Office Supplies,Envelopes,"Juarez, Jackson and Wilson Envelopes",2,8.07,0.05,15.33,9.66,5.67
ORD-10770,2022-02-19,2022-02-20,Same Day,CUST-1443,Rebecca Chaney,Corporate,South,Kansas,Technology,Printers,Lamb LLC Printers,7,227.78,0.05,1514.74,941.17,573.57
ORD-10771,2022-07-22,2022-07-29,First Class,CUST-2862,Jacqueline Vazquez,Corporate,South,Louisiana,Office Supplies,Labels,Mitchell and Sons Labels,9,3.84,0.05,32.83,22.93,9.9
ORD-10772,2021-01-01,2021-01-04,Second Class,CUST-1280,Leslie Jennings,Home Office,West,Virginia,Technology,Laptops,Nunez-Chan Laptops,4,1696.71,0.0,6786.84,3860.8,2926.04
ORD-10773,2023-08-30,2023-09-02,Same Day,CUST-2086,Kathleen Bell,Consumer,South,North Carolina,Office Supplies,Envelopes,"Dunn, Peck and Mccall Envelopes",5,15.74,0.05,74.77,43.0,31.77
ORD-10774,2021-09-04,2021-09-09,Same Day,CUST-1364,Randy Morrison,Consumer,East,Nevada,Technology,Accessories,Curry-Roberts Accessories,3,126.7,0.15,323.09,194.85,128.24
ORD-10775,2021-01-22,2021-01-24,Second Class,CUST-1011,Jordan Snyder,Home Office,East,Minnesota,Office Supplies,Envelopes,"Moss, Smith and Wright Envelopes",7,12.34,0.0,86.38,42.74,43.64
ORD-10776,2023-09-08,2023-09-12,,CUST-1518,Derek Hampton,Corporate,North,Rhode Island,Office Supplies,Paper,"Bowman, Wade and Rosario Paper",5,55.11,0.05,261.77,168.58,93.19
ORD-10777,2021-08-01,2021-08-02,Same Day,CUST-2460,Alicia Murphy,Consumer,South,Vermont,Furniture,Chairs,Rhodes LLC Chairs,8,787.81,0.5,3151.24,4017.73,-866.49
ORD-10778,2022-07-23,2022-07-30,Standard Class,CUST-1034,Jeanne Gordon,Corporate,East,Florida,Technology,Laptops,Cooper-Coleman Laptops,2,1187.4,0.0,2374.8,1577.99,796.81
ORD-10779,2021-05-06,2021-05-07,Standard Class,CUST-1302,David Robinson,Home Office,East,Oregon,Furniture,Desks,Morrow Inc Desks,10,1096.3,0.1,9866.7,6038.35,3828.35
ORD-10780,2021-01-07,2021-01-10,Same Day,CUST-1699,Charlene Weaver,Corporate,North,Maine,Technology,Monitors,"Smith, Brooks and Martinez Monitors",5,482.55,0.05,2292.11,1536.22,755.89
ORD-10781,2021-12-13,2021-12-20,First Class,CUST-1942,Kimberly Davis,Consumer,South,Washington,Furniture,Tables,Smith Ltd Tables,-2,241.66,0.0,483.32,334.19,149.13
ORD-10782,2021-12-31,2022-01-03,First Class,CUST-1462,Steven Dennis,Consumer,East,Maine,Office Supplies,Envelopes,King Group Envelopes,4,20.34,0.1,73.22,50.97,22.25
ORD-10783,2023-12-08,2023-12-12,Same Day,CUST-1349,Brandon Martin,Consumer,West,Indiana,Technology,Monitors,"Burton, Collins and Stanley Monitors",5,884.46,0.1,3980.07,2392.04,1588.03
ORD-10784,2023-10-29,2023-11-03,First Class,CUST-1185,Thomas Perez,Home Office,South,Washington,Technology,Tablets,Price-Dennis Tablets,7,519.66,0.0,3637.62,2273.2,1364.42
ORD-10785,2022-10-24,2022-10-27,Second Class,CUST-2845,Sean Allen,Consumer,East,Georgia,Office Supplies,Binders,Odom and Sons Binders,1,20.3,0.2,16.24,11.51,4.73
ORD-10786,2023-01-04,2023-01-07,First Class,CUST-2540,Kristin Munoz,Consumer,West,New York,Furniture,Chairs,Reed-Garner Chairs,1,596.17,0.0,596.17,283.21,312.96
ORD-10787,2022-11-23,2022-11-27,Second Class,CUST-2988,Julia Ward,Consumer,North,Wisconsin,Furniture,Tables,Coffey-Douglas Tables,7,939.13,0.1,5916.52,3571.63,2344.89
ORD-10788,2023-12-10,2023-12-12,,CUST-1285,Christie Howell,Consumer,East,Delaware,Office Supplies,Storage,"Manning, Short and Baker Storage",10,64.19,0.0,641.9,436.87,205.03
ORD-10789,2022-02-15,2022-02-17,Second Class,CUST-1483,Victor Craig,Consumer,West,Arkansas,Technology,Laptops,May Group Laptops,3,1032.98,0.15,2634.1,1904.77,729.33
ORD-10790,2023-03-19,2023-03-25,Same Day,CUST-1770,Kelli Baxter,Corporate,South,Virginia,Technology,Accessories,Macdonald-Ortega Accessories,9,44.26,0.15,338.59,189.2,149.39
ORD-10791,2023-05-20,2023-05-25,First Class,CUST-2000,Sarah Ford,Home Office,North,Massachusetts,Technology,Phones,"Jackson, Mora and Cox Phones",3,328.5,0.0,985.5,623.42,362.08
ORD-10792,2021-06-08,2021-06-14,Standard Class,CUST-1090,Matthew Garcia,Consumer,East,Connecticut,Technology,Tablets,"Molina, Kelly and Torres Tablets",4,265.8,0.0,1063.2,678.24,384.96
ORD-10793,2022-06-19,2022-06-23,Same Day,CUST-2059,Tracey Barajas,Consumer,West,Maine,Office Supplies,Paper,Mathews-Melendez Paper,3,23.68,0.0,71.04,40.5,30.54
ORD-10794,2023-11-05,2023-11-09,Standard Class,CUST-2339,Alexander Owens,Home Office,West,Michigan,Technology,Printers,Howard-Dean Printers,2,436.75,0.1,786.15,421.19,364.96
ORD-10795,2022-11-18,2022-11-25,Same Day,CUST-2608,Michelle Mendoza,Consumer,West,Idaho,Office Supplies,Paper,Sanchez Ltd Paper,5,21.66,0.1,97.47,69.88,27.59
ORD-10796,2023-07-21,2023-07-25,First Class,CUST-1248,Melissa Rice,Corporate,West,Wisconsin,Furniture,Tables,Blackwell Group Tables,2,1321.03,0.0,2642.06,1725.82,916.24
ORD-10797,2022-07-02,2022-07-04,First Class,CUST-1914,Chelsey Gonzales,Corporate,East,Connecticut,Office Supplies,Paper,Jackson-Hughes Paper,6,53.9,0.0,323.4,147.43,175.97
ORD-10798,2021-07-13,2021-07-15,Same Day,CUST-1882,Jacqueline Sanchez,Corporate,East,Louisiana,Furniture,Chairs,"Willis, Carpenter and Golden Chairs",6,568.54,0.1,3070.12,1606.73,1463.39
ORD-10799,2021-07-27,2021-07-31,First Class,CUST-1691,Katrina Cooper,Home Office,East,Utah,Office Supplies,Envelopes,Byrd-Melton Envelopes,9,19.67,0.05,168.18,86.16,82.02
ORD-10800,2021-08-27,2021-09-03,Standard Class,CUST-1620,Jeffrey Simmons,Home Office,South,Wisconsin,Office Supplies,Storage,"Pearson, Case and Day Storage",5,11.57,0.1,52.07,32.3,19.77
ORD-10801,2022-07-21,2022-07-26,First Class,CUST-2863,Sharon Benson,Consumer,East,Kansas,Furniture,Chairs,Clay-Smith Chairs,8,386.87,0.0,3094.96,1994.94,1100.02
ORD-10802,2022-10-14,2022-10-15,First Class,CUST-1664,Angela Gonzales,Consumer,North,Virginia,Office Supplies,Paper,Wilson-Warren Paper,1,27.4,0.15,23.29,16.43,6.86
ORD-10803,2021-01-26,2021-01-29,First Class,CUST-1910,Haley Shaw,Consumer,West,North Carolina,Furniture,Bookcases,Moore Ltd Bookcases,10,380.39,0.15,3233.31,2164.04,1069.27
ORD-10804,2021-06-10,2021-06-16,Standard Class,CUST-1170,Katherine Green,Consumer,East,Alabama,Furniture,Tables,Ponce-Cox Tables,3,410.68,0.1,1108.84,730.39,378.45
ORD-10805,2022-12-22,2022-12-27,,CUST-1047,Jennifer Gross,Corporate,West,Massachusetts,Office Supplies,Pens & Pencils,Wilson-Meyer Pens & Pencils,8,19.27,0.1,138.74,75.8,62.94
ORD-10806,2021-08-15,2021-08-20,Standard Class,CUST-2570,Kristina Hardin,Home Office,West,Massachusetts,Technology,Phones,Smith Group Phones,3,1121.18,0.0,3363.54,1697.16,1666.38
ORD-10807,2022-10-13,2022-10-18,First Class,CUST-2759,Keith Wilkins,Corporate,West,New York,Furniture,Tables,"Henry, Moss and Miller Tables",4,605.79,0.0,2423.16,1472.24,950.92
ORD-10808,2022-11-16,2022-11-23,Same Day,CUST-2858,Sylvia Mercado,Consumer,West,North Dakota,Office Supplies,Pens & Pencils,"Campbell, Fleming and Hunt Pens & Pencils",8,21.0,0.0,168.0,97.97,70.03
ORD-10809,2023-10-28,2023-10-29,,CUST-2936,Erin Brown DVM,Consumer,East,Iowa,Furniture,Tables,Rodriguez and Sons Tables,7,1464.46,0.0,10251.22,6175.61,4075.61
ORD-10810,2023-03-09,2023-03-14,Standard Class,CUST-2870,Kayla Scott,Consumer,West,Vermont,Furniture,Desks,Sims-Ward Desks,8,283.1,0.1,2038.32,1519.4,518.92
ORD-10811,2021-03-05,2021-03-07,Second Class,CUST-2400,Heidi Chapman,Home Office,West,Montana,Office Supplies,Envelopes,Burnett-Yates Envelopes,3,26.62,0.0,79.86,41.79,38.07
ORD-10812,2022-05-17,2022-05-21,First Class,CUST-2533,Ashley Martinez,Consumer,West,New Hampshire,Technology,Monitors,"Salas, Vaughn and Burke Monitors",9,879.6,0.05,7520.58,5361.14,2159.44
ORD-10813,2023-12-30,2024-01-05,Standard Class,CUST-2486,Kristin Richards,Consumer,East,Colorado,Furniture,Tables,Lawson and Sons Tables,2,1309.79,0.15,2226.64,1576.32,650.32
ORD-10814,2021-10-26,2021-11-02,Same Day,CUST-2543,Lawrence Peck,Consumer,South,Arizona,Office Supplies,Envelopes,"Ramos, Frank and Massey Envelopes",6,23.76,0.0,142.56,68.57,73.99
ORD-10815,2021-06-01,2021-06-05,Second Class,CUST-1501,Jason Brown,Corporate,East,Indiana,Office Supplies,Storage,Charles-Scott Storage,3,55.96,0.2,134.3,89.4,44.9
ORD-10816,2022-08-14,2022-08-15,Standard Class,CUST-1742,Angelica Austin,Home Office,East,North Dakota,Office Supplies,Envelopes,"Chan, Morris and Robinson Envelopes",8,15.01,0.1,108.07,58.48,49.59
ORD-10817,2021-09-21,2021-09-23,First Class,CUST-1526,Jim Hutchinson,Home Office,South,Virginia,Office Supplies,Envelopes,Stevens Group Envelopes,5,7.27,0.0,36.35,23.67,12.68
ORD-10818,2022-12-06,2022-12-12,Same Day,CUST-1643,Heather Kaufman,Home Office,East,Arkansas,Technology,Monitors,Barron LLC Monitors,3,587.42,0.05,1674.15,1189.53,484.62
ORD-1969,2022-04-06,2022-04-09,Same Day,CUST-2246,Robin Ball,Home Office,North,Montana,Office Supplies,Storage,Fleming LLC Storage,9,55.39,0.0,498.51,232.4,266.11
ORD-10820,2023-12-10,2023-12-12,Standard Class,CUST-1067,Jennifer Mcneil,Corporate,North,Iowa,Furniture,Desks,Gonzales Ltd Desks,8,492.15,0.05,3740.34,2604.21,1136.13
ORD-10821,2023-12-07,2023-12-09,Standard Class,CUST-1374,Michael Mendoza,Home Office,South,Wyoming,Office Supplies,Labels,"Rojas, Mcclure and Stone Labels",9,3.21,0.3,20.22,13.4,6.82
ORD-10822,2021-05-11,2021-05-13,First Class,CUST-1466,David Murphy,Consumer,West,Mississippi,Technology,Accessories,Callahan LLC Accessories,3,110.43,0.0,331.29,164.82,166.47
ORD-10823,2023-09-02,2023-09-04,Second Class,CUST-2225,Billy Taylor,Corporate,East,Michigan,Office Supplies,Paper,"Hernandez, Travis and Gomez Paper",1,34.53,0.0,34.53,19.35,15.18
ORD-10824,2023-07-24,2023-07-25,Second Class,CUST-1554,Brenda Fuentes,Corporate,South,Oklahoma,Furniture,Chairs,Haas Ltd Chairs,2,557.01,0.1,1002.62,678.14,324.48
ORD-10825,2023-10-28,2023-10-31,Second Class,CUST-2549,Brian Martinez,Consumer,West,Illinois,Office Supplies,Labels,Roberson Ltd Labels,5,10.7,0.3,37.45,33.14,4.31
ORD-10826,2021-07-13,2021-07-20,Standard Class,CUST-2103,Timothy Williams,Consumer,South,New Jersey,Technology,Printers,Grimes Inc Printers,9,544.55,0.0,4900.95,3029.98,1870.97
ORD-10827,2022-03-07,2022-03-12,Same Day,CUST-1393,Samantha Nguyen,Corporate,South,Kansas,Technology,Monitors,Becker-Becker Monitors,9,309.91,0.0,2789.19,1464.37,1324.82
ORD-10828,2022-06-23,2022-06-27,Same Day,CUST-1759,Tony Blackwell,Consumer,East,New Mexico,Technology,Tablets,Long-Phillips Tablets,6,580.68,0.3,2438.86,1802.47,636.39
ORD-10829,2023-04-08,2023-04-09,Same Day,CUST-2649,Benjamin Myers,Consumer,West,Rhode Island,Office Supplies,Envelopes,Williams-Francis Envelopes,6,12.56,0.0,75.36,34.02,41.34
ORD-10830,2023-05-26,2023-06-02,First Class,CUST-2513,Laura Castillo,Consumer,South,Vermont,Office Supplies,Paper,Jones-Stanley Paper,4,50.02,0.0,200.08,91.22,108.86
ORD-10831,2023-08-21,2023-08-22,First Class,CUST-2965,Kathleen Spencer,Home Office,West,West Virginia,Furniture,Shelving,"Robinson, Acosta and Gilbert Shelving",5,154.43,0.0,772.15,529.21,242.94
ORD-10832,2022-08-06,2022-08-07,First Class,CUST-1151,Gloria Carroll,Corporate,West,Washington,Technology,Printers,Elliott Ltd Printers,10,593.2,0.0,5932.0,3217.29,2714.71
ORD-10833,2022-06-18,2022-06-23,Second Class,CUST-1044,Tammy Williams,Consumer,North,Arizona,Technology,Monitors,Decker Group Monitors,10,592.36,0.0,5923.6,3475.06,2448.54
ORD-10834,2023-08-02,2023-08-05,Second Class,CUST-2441,Andrew Rodriguez,Corporate,East,California,Furniture,Bookcases,"Patterson, Perez and Thompson Bookcases",6,481.17,0.2,2309.62,1637.18,672.44
ORD-10835,2023-11-16,2023-11-19,Standard Class,CUST-1065,Michael Moore,Home Office,East,Louisiana,Furniture,Chairs,"Clark, Terrell and Novak Chairs",7,195.02,0.0,1365.14,634.89,730.25
ORD-10836,2023-12-26,2023-12-28,Standard Class,CUST-1179,Andrew Marks,Home Office,West,Tennessee,Furniture,Tables,Morton-Parker Tables,6,510.05,0.05,2907.28,1974.34,932.94
ORD-10837,2022-11-27,2022-12-01,Second Class,CUST-2679,Heidi Johnson,Corporate,North,Illinois,Furniture,Desks,Moon LLC Desks,7,927.1,0.15,5516.24,3038.84,2477.4
ORD-10838,2022-06-15,2022-06-22,,CUST-1668,Anthony Herring,Home Office,West,Utah,Office Supplies,Labels,Reed PLC Labels,10,7.29,0.15,61.97,40.59,21.38
ORD-10839,2022-09-24,2022-09-26,Second Class,CUST-2934,Joshua Wilson,Consumer,South,Missouri,Furniture,Desks,"Mack, Mack and Shepard Desks",10,946.92,0.2,7575.36,4612.17,2963.19
ORD-10840,2022-07-10,2022-07-12,Second Class,CUST-1727,Erica Dominguez,Consumer,South,California,Furniture,Bookcases,Butler Inc Bookcases,6,480.05,0.2,2304.24,1413.72,890.52
ORD-10841,2023-03-29,2023-03-31,Second Class,CUST-2668,Jessica Rodriguez,Consumer,North,Tennessee,Office Supplies,Paper,Patel LLC Paper,7,50.88,0.0,356.16,200.06,156.1
ORD-10842,2023-01-04,2023-01-10,Standard Class,CUST-1430,Steven Stark,Consumer,East,Arizona,Technology,Tablets,Romero Ltd Tablets,9,743.63,0.0,6692.67,4250.92,2441.75
ORD-10843,2022-12-28,2022-12-31,Same Day,CUST-1889,Sheryl Martin,Home Office,East,Massachusetts,Office Supplies,Pens & Pencils,Erickson-Duncan Pens & Pencils,8,13.7,0.0,109.6,72.82,36.78
ORD-10844,2022-10-25,2022-10-26,,CUST-2156,Robert Chavez,Consumer,South,Utah,Technology,Accessories,Nguyen Ltd Accessories,7,21.82,0.2,122.19,96.59,25.6
ORD-10845,2023-02-01,2023-02-06,Second Class,CUST-1353,Leslie Wilkinson,Consumer,South,Arizona,Furniture,Desks,"Tran, Meyers and Ferguson Desks",8,254.24,0.1,1830.53,1251.34,579.19
ORD-10846,2023-02-04,2023-02-11,,CUST-2604,Erin Roberts,Consumer,East,Arkansas,Furniture,Desks,"Lee, Richards and Hogan Desks",2,501.57,0.15,852.67,552.64,300.03
ORD-10847,2021-12-14,2021-12-16,Same Day,CUST-1456,Brittany Montgomery,Consumer,West,Oklahoma,Technology,Phones,Smith-Sandoval Phones,3,234.22,0.2,562.13,443.12,119.01
ORD-10848,2021-01-02,2021-01-05,Same Day,CUST-1526,Tina Simpson,Consumer,East,Maine,Technology,Laptops,"Kaiser, Webb and Roberson Laptops",8,1956.22,0.5,7824.88,9402.65,-1577.77
ORD-10849,2022-02-06,2022-02-08,Same Day,CUST-2929,Brian Singh,Consumer,South,New York,Furniture,Shelving,"Bird, Lee and Villegas Shelving",10,135.05,0.1,1215.45,895.37,320.08
ORD-10850,2022-09-09,2022-09-12,Second Class,CUST-2209,Brenda Dean,Home Office,East,Michigan,Furniture,Chairs,Perry and Sons Chairs,7,689.41,0.0,4825.87,2394.39,2431.48
ORD-10851,2021-04-09,2021-04-16,Standard Class,CUST-1292,Julie Oneal,Home Office,North,Vermont,Technology,Printers,Bright Group Printers,3,299.45,0.05,853.43,583.88,269.55
ORD-10852,2023-04-11,2023-04-15,First Class,CUST-1538,David Smith,Home Office,West,Louisiana,Technology,Monitors,"Tyler, Meadows and Maldonado Monitors",1,447.57,0.05,425.19,298.7,126.49
ORD-10853,2023-09-26,2023-10-03,Second Class,CUST-2368,Rebecca Johnson,Corporate,East,Delaware,Technology,Accessories,Morris Inc Accessories,9,49.1,0.2,353.52,288.01,65.51
ORD-10854,2021-09-04,2021-09-09,Second Class,CUST-1711,Jacob Evans,Corporate,West,Maryland,Technology,Printers,Medina-Bennett Printers,1,301.79,0.3,211.25,198.43,12.82
ORD-10855,2023-11-13,2023-11-15,Second Class,CUST-2589,Zachary Sampson,Consumer,South,Montana,Office Supplies,Labels,"Chen, Alvarez and Brown Labels",2,19.72,0.3,27.61,27.03,0.58
ORD-10856,2022-04-17,2022-04-23,Standard Class,CUST-1766,Olivia Baker,Consumer,North,Alabama,Furniture,Bookcases,"Johnson, Steele and Munoz Bookcases",3,291.25,0.05,830.06,472.41,357.65
ORD-10857,2023-05-19,2023-05-26,Second Class,CUST-2984,Jeffrey Sims,Corporate,East,Arkansas,Furniture,Desks,"Clark, Paul and Ayers Desks",10,798.4,0.0,7984.0,5499.24,2484.76
ORD-1257,2022-10-01,2022-10-03,First Class,CUST-2964,Melissa Stevens,Consumer,North,Hawaii,Office Supplies,Labels,Morgan LLC Labels,8,19.5,0.0,156.0,97.83,58.17
ORD-10859,2023-05-09,2023-05-13,Second Class,CUST-1717,Stacey Rodriguez,Consumer,South,Wisconsin,Office Supplies,Binders,"Cunningham, King and Nelson Binders",3,8.32,0.1,22.46,12.23,10.23
ORD-10860,2022-07-19,2022-07-26,Second Class,CUST-2066,James Weiss,Corporate,North,Iowa,Office Supplies,Binders,"Hernandez, Munoz and Colon Binders",2,36.03,0.1,64.85,34.99,29.86
ORD-10861,2022-12-01,2022-12-04,Same Day,CUST-2716,Courtney Nicholson,Corporate,North,Kentucky,Furniture,Shelving,"Davis, Williams and Austin Shelving",8,162.49,0.0,1299.92,871.02,428.9
ORD-10862,2021-07-31,2021-08-01,Same Day,CUST-2226,Matthew Soto,Corporate,South,Louisiana,Furniture,Tables,"Lyons, Vargas and Miranda Tables",3,707.76,0.2,1698.62,1074.72,623.9
ORD-10863,2022-05-31,2022-06-06,First Class,CUST-2712,Nicholas Christian,Corporate,East,Nebraska,Furniture,Tables,Kelly and Sons Tables,7,1274.66,0.0,8922.62,5649.01,3273.61
ORD-10864,2023-09-27,2023-10-02,Same Day,CUST-2242,Maria Williams,Home Office,West,North Carolina,Technology,Laptops,Stevenson-Henderson Laptops,8,741.58,0.0,5932.64,2823.89,3108.75
ORD-10865,2023-05-14,2023-05-21,Second Class,CUST-1711,Laura Schwartz,Home Office,West,North Dakota,Technology,Tablets,Phillips-Fuller Tablets,2,220.07,0.05,418.13,272.07,146.06
ORD-10866,2022-01-06,2022-01-07,Same Day,CUST-1598,Lisa Wagner,Corporate,North,California,Office Supplies,Labels,Harris Ltd Labels,1,17.54,0.3,12.28,8.01,4.27
ORD-10867,2023-07-03,2023-07-10,First Class,CUST-2300,Suzanne Hill,Corporate,South,Idaho,Furniture,Tables,"Bailey, Thomas and Warren Tables",5,1292.21,0.0,6461.05,3309.19,3151.86
ORD-10868,2023-10-21,2023-10-28,First Class,CUST-2102,Karen Dickerson,Home Office,South,Kentucky,Technology,Tablets,Sanchez-Conley Tablets,9,651.03,0.05,5566.31,2888.71,2677.6
ORD-10869,2022-02-19,2022-02-22,Same Day,CUST-1690,Keith Sweeney,Corporate,East,Pennsylvania,Office Supplies,Pens & Pencils,"Yang, Goodman and Fisher Pens & Pencils",2,4.33,0.05,8.23,5.53,2.7
ORD-10870,2023-03-27,2023-04-01,First Class,CUST-1185,Leslie Drake,Home Office,West,Virginia,Technology,Monitors,White Group Monitors,2,392.07,0.0,784.14,458.38,325.76
ORD-10871,2022-08-25,2022-08-30,Same Day,CUST-1460,Krista Anderson,Corporate,North,Oklahoma,Office Supplies,Binders,Lara-Richmond Binders,9,29.49,0.0,265.41,182.87,82.54
ORD-10872,2022-03-19,2022-03-21,Second Class,CUST-1042,Tyler Williams,Home Office,West,Iowa,Technology,Tablets,Scott-Edwards Tablets,-5,250.76,0.0,1253.8,635.0,618.8
ORD-10873,2023-03-04,2023-03-10,Same Day,CUST-1745,Tammy Gill,Corporate,West,Mississippi,Office Supplies,Storage,"Hart, York and Boyd Storage",10,48.94,0.0,489.4,328.95,160.45
ORD-10874,2022-05-21,2022-05-28,Second Class,CUST-2878,Kathleen Booth,Home Office,West,West Virginia,Office Supplies,Pens & Pencils,Roach-Ibarra Pens & Pencils,4,22.7,0.0,90.8,59.64,31.16
ORD-10875,2021-04-19,2021-04-23,Second Class,CUST-1893,Meredith Meza,Consumer,South,Massachusetts,Furniture,Bookcases,"Russell, Hernandez and Jackson Bookcases",10,106.12,0.0,1061.2,629.89,431.31
ORD-10876,2022-07-20,2022-07-25,Second Class,CUST-1056,Gregory Wood,Home Office,West,Texas,Technology,Tablets,Mccarthy-Stevens Tablets,1,441.5,0.2,353.2,237.79,115.41
ORD-10877,2022-09-16,2022-09-19,Same Day,CUST-2040,Samantha Barber,Corporate,South,Texas,Office Supplies,Envelopes,Allen-Gutierrez Envelopes,3,23.64,0.5,35.46,44.28,-8.82
ORD-10878,2021-05-26,2021-05-31,First Class,CUST-1330,Tiffany Lee,Home Office,South,Illinois,Furniture,Shelving,"Bauer, Chavez and Castaneda Shelving",1,121.76,0.3,85.23,78.37,6.86
ORD-10879,2022-11-11,2022-11-12,,CUST-2435,Stephanie Clarke,Home Office,West,Iowa,Technology,Tablets,Rogers LLC Tablets,3,652.93,0.15,1664.97,1238.28,426.69
ORD-10880,2022-06-01,2022-06-05,First Class,CUST-1410,David Schwartz,Consumer,East,New Jersey,Office Supplies,Storage,Anderson PLC Storage,3,58.75,0.15,149.81,110.48,39.33
ORD-10881,2021-05-02,2021-05-08,,CUST-2973,Amanda Anderson,Home Office,North,Maine,Furniture,Chairs,Nichols-Brewer Chairs,2,358.57,0.05,681.28,498.77,182.51
ORD-10882,2022-01-22,2022-01-28,First Class,CUST-1447,Kimberly Wood,Corporate,North,North Dakota,Technology,Printers,"Jensen, Duran and Holt Printers",1,280.07,0.15,238.06,192.95,45.11
ORD-10883,2023-07-01,2023-07-02,Second Class,CUST-2819,Paul Miles,Consumer,East,Connecticut,Furniture,Desks,Franklin-Kane Desks,10,759.69,0.0,7596.9,4965.26,2631.64
ORD-10884,2022-11-22,2022-11-26,Standard Class,CUST-1796,Heather Nichols,Corporate,North,Alaska,Office Supplies,Paper,"Sanders, Wells and Garcia Paper",3,24.2,0.05,68.97,43.62,25.35
ORD-10885,2023-01-04,2023-01-05,Same Day,CUST-2660,Andrew Bowman,Home Office,North,Connecticut,Furniture,Shelving,"Sanchez, Holt and Fuller Shelving",4,57.02,0.0,228.08,125.69,102.39
ORD-10886,2022-08-02,2022-08-05,Same Day,CUST-1599,Brandon Jones,Home Office,West,Iowa,Furniture,Chairs,"Rose, Chen and Martinez Chairs",6,624.08,0.2,2995.58,2287.13,708.45
ORD-10887,2022-08-12,2022-08-19,Same Day,CUST-2702,Cynthia Smith,Consumer,South,West Virginia,Office Supplies,Storage,"Thomas, Morales and Johnson Storage",8,36.39,0.0,291.12,153.27,137.85
ORD-10888,2022-09-13,2022-09-17,Standard Class,CUST-1107,Brent Vasquez,Home Office,West,Wisconsin,Technology,Printers,Bell-Rojas Printers,10,543.89,0.05,5166.95,2511.69,2655.26
ORD-10889,2022-01-16,2022-01-18,Standard Class,CUST-1416,Thomas Harmon,Corporate,South,Florida,Furniture,Shelving,"Wiley, Harrison and Roman Shelving",3,176.24,0.05,502.28,250.96,251.32
ORD-1246,2022-11-09,2022-11-11,First Class,CUST-1761,Janet Cameron,Corporate,North,Maine,Furniture,Shelving,Jones and Sons Shelving,7,44.05,0.0,308.35,189.6,118.75
ORD-10891,2022-09-27,2022-09-29,Same Day,CUST-2871,Mary Brown,Corporate,West,Wyoming,Technology,Monitors,"Evans, Mcguire and Green Monitors",10,599.06,0.1,5391.54,3759.36,1632.18
ORD-10892,2021-01-22,2021-01-28,Second Class,CUST-2571,Scott Townsend,Corporate,South,Mississippi,Furniture,Chairs,Haley-Rhodes Chairs,7,421.03,0.0,2947.21,1685.96,1261.25
ORD-10893,2021-12-09,2021-12-15,Same Day,CUST-2905,Mackenzie Wilson,Home Office,West,Michigan,Furniture,Desks,Smith-Pitts Desks,2,177.58,0.0,355.16,207.5,147.66
ORD-10894,2021-06-27,2021-07-02,Same Day,CUST-2061,Benjamin Cain,Consumer,West,Indiana,Office Supplies,Labels,Russell-Perkins Labels,10,7.16,0.0,71.6,48.04,23.56
ORD-10895,2023-06-17,2023-06-23,Standard Class,CUST-1084,Luis Thomas,Home Office,South,Hawaii,Office Supplies,Paper,"Smith, Cain and Brown Paper",1,11.13,0.15,9.46,6.72,2.74
ORD-10896,2022-02-15,2022-02-21,First Class,CUST-2939,Ann Simmons,Corporate,North,North Carolina,Technology,Accessories,Mcmillan-Gates Accessories,10,54.51,0.0,545.1,293.01,252.09
ORD-10897,2023-12-19,2023-12-22,Same Day,CUST-2974,Frances Baxter,Corporate,North,Arkansas,Technology,Monitors,Smith Group Monitors,6,620.41,0.1,3350.21,1903.83,1446.38
ORD-10898,2021-03-20,2021-03-22,Second Class,CUST-1012,Juan Murray,Corporate,North,Vermont,Technology,Accessories,Richardson Group Accessories,9,19.12,0.05,163.48,91.27,72.21
ORD-10899,2023-09-03,2023-09-08,Standard Class,CUST-2261,David Martin,Corporate,West,California,Furniture,Chairs,Newman Ltd Chairs,10,747.24,0.0,7472.4,3500.68,3971.72
ORD-10900,2023-07-20,2023-07-25,Same Day,CUST-1587,Gregory Coleman,Home Office,South,Louisiana,Furniture,Desks,Ortiz Ltd Desks,10,851.17,0.0,8511.7,5742.37,2769.33
ORD-10901,2022-04-10,2022-04-14,First Class,CUST-1426,Ashley Schneider,Corporate,West,Wisconsin,Office Supplies,Pens & Pencils,Marshall LLC Pens & Pencils,6,22.28,0.1,120.31,75.53,44.78
ORD-10902,2023-12-22,2023-12-24,First Class,CUST-2164,David Schwartz,Consumer,East,Alabama,Office Supplies,Storage,Mcdonald-Horton Storage,8,61.34,0.3,343.5,269.76,73.74
ORD-10903,2023-07-16,2023-07-19,Same Day,CUST-2781,Melvin Boyle,Home Office,West,Oklahoma,Office Supplies,Labels,Martinez PLC Labels,7,17.52,0.0,122.64,58.52,64.12
ORD-10904,2022-02-27,2022-03-03,Same Day,CUST-2527,Jacqueline Gordon,Home Office,South,Delaware,Technology,Monitors,Long-Lopez Monitors,9,312.88,0.2,2252.74,1579.01,673.73
ORD-10905,2023-09-24,2023-09-27,Second Class,CUST-2086,Justin Hanson,Home Office,North,New Hampshire,Furniture,Tables,Farrell-Williams Tables,4,913.6,0.0,3654.4,1763.76,1890.64
ORD-10906,2023-01-01,2023-01-03,Standard Class,CUST-1629,Andrew Hess,Consumer,East,Ohio,Furniture,Chairs,Rivera PLC Chairs,2,725.31,0.0,1450.62,685.4,765.22
ORD-10907,2021-11-24,2021-11-26,First Class,CUST-2864,Joe Howard,Home Office,West,North Carolina,Furniture,Bookcases,"Anderson, Obrien and Powell Bookcases",8,316.72,0.0,2533.76,1648.42,885.34
ORD-10908,2021-10-28,2021-11-01,Second Class,CUST-2802,Larry Smith,Corporate,West,Massachusetts,Technology,Tablets,Warren LLC Tablets,8,509.01,0.1,3664.87,2508.27,1156.6
ORD-10909,2022-01-08,2022-01-12,First Class,CUST-2938,Lisa Garcia,Home Office,East,Kansas,Office Supplies,Storage,Cobb Ltd Storage,1,21.93,0.05,20.83,13.08,7.75
ORD-10910,2022-02-08,2022-02-14,Same Day,CUST-2943,Kyle Hall,Consumer,East,Iowa,Office Supplies,Paper,Hahn-Roberts Paper,2,53.76,0.0,107.52,51.37,56.15
ORD-10911,2023-12-02,2023-12-03,First Class,CUST-1106,April Moses,Home Office,South,Massachusetts,Furniture,Tables,"Robbins, Mathis and Steele Tables",10,142.02,0.0,1420.2,738.59,681.61
ORD-10912,2021-03-06,2021-03-08,Same Day,CUST-1021,Allen Powell,Home Office,North,Rhode Island,Furniture,Bookcases,"Lloyd, Cannon and Miller Bookcases",7,175.77,0.0,1230.39,656.08,574.31
ORD-10913,2023-11-16,2023-11-23,First Class,CUST-2448,Adam Medina,Corporate,South,Oregon,Office Supplies,Storage,"Mendoza, Hill and Munoz Storage",8,23.97,0.0,191.76,102.38,89.38
ORD-10914,2022-10-15,2022-10-22,Same Day,CUST-2660,Cheryl Roth,Consumer,North,Massachusetts,Office Supplies,Envelopes,"Shaw, Osborne and Gonzalez Envelopes",4,10.06,0.0,40.24,18.96,21.28
ORD-10915,2021-01-28,2021-02-03,Standard Class,CUST-2264,Angela Valentine,Consumer,South,New Hampshire,Technology,Laptops,Brooks Inc Laptops,2,847.95,0.0,1695.9,767.24,928.66
ORD-10916,2021-06-16,2021-06-18,Standard Class,CUST-1007,Heather Brown,Corporate,South,Texas,Furniture,Tables,Mcdaniel-Richards Tables,6,990.78,0.15,5052.98,2881.26,2171.72
ORD-10917,2023-10-12,2023-10-17,Same Day,CUST-2498,Duane Webb,Home Office,North,Washington,Technology,Laptops,"Trujillo, Johnson and Chambers Laptops",7,1603.77,0.0,11226.39,7039.61,4186.78
ORD-10918,2022-01-23,2022-01-29,Second Class,CUST-1385,Gary Bryant,Consumer,East,Maine,Office Supplies,Binders,Nguyen-Gibbs Binders,2,21.78,0.0,43.56,25.87,17.69
ORD-10919,2022-12-08,2022-12-14,First Class,CUST-2823,Kathryn Elliott,Home Office,East,Nebraska,Technology,Monitors,"Morales, Morales and Perez Monitors",10,446.0,0.0,,2286.81,2173.19
ORD-10920,2021-06-13,2021-06-19,Standard Class,CUST-1024,Katherine Duke,Home Office,North,Kansas,Office Supplies,Binders,Walton PLC Binders,2,5.39,0.0,10.78,7.05,3.73
ORD-10921,2022-10-16,2022-10-20,Standard Class,CUST-1758,Mark Mills,Corporate,East,Oklahoma,Office Supplies,Labels,Rogers-Dixon Labels,6,15.88,0.1,85.75,60.2,25.55
ORD-10922,2022-10-27,2022-11-03,First Class,CUST-1949,Gina Middleton,Corporate,West,South Dakota,Office Supplies,Pens & Pencils,"Finley, Robinson and Lyons Pens & Pencils",4,14.56,0.0,58.24,39.02,19.22
ORD-10923,2021-11-02,2021-11-06,,CUST-2674,James Chen,Home Office,South,Maine,Technology,Monitors,Serrano Inc Monitors,7,703.39,0.0,4923.73,2605.54,2318.19
ORD-10924,2023-10-16,2023-10-20,Second Class,CUST-2748,Cassidy Perkins,Home Office,East,Indiana,Technology,Tablets,Cooper Group Tablets,4,764.93,0.0,3059.72,1528.14,1531.58
ORD-10925,2022-12-25,2022-12-26,Second Class,CUST-1976,Lisa Carter,Home Office,East,Wisconsin,Technology,Monitors,Neal-Johnson Monitors,8,514.9,0.0,4119.2,2539.27,1579.93
ORD-10926,2022-11-25,2022-12-01,Standard Class,CUST-2252,Brandon Farmer,Consumer,South,Tennessee,Technology,Monitors,Harding LLC Monitors,8,539.07,0.15,3665.68,2621.51,1044.17
ORD-10927,2021-02-06,2021-02-10,First Class,CUST-2934,Vincent Cook,Corporate,South,Kentucky,Furniture,Bookcases,Rivera PLC Bookcases,6,210.08,0.15,1071.41,716.43,354.98
ORD-10928,2022-10-22,2022-10-29,First Class,CUST-1468,Daniel Knight,Home Office,South,Massachusetts,Office Supplies,Envelopes,"Lewis, Arnold and Wilson Envelopes",8,27.72,0.15,188.5,149.79,38.71
ORD-10929,2021-06-16,2021-06-21,Same Day,CUST-2824,Jonathan Johnson,Home Office,East,Florida,Technology,Phones,"Johnson, Hanna and Palmer Phones",1,763.3,0.0,763.3,462.48,300.82
ORD-10930,2023-08-29,2023-08-31,Second Class,CUST-1729,Mr. Michael Ramirez,Home Office,West,New Jersey,Technology,Phones,Brown-Peterson Phones,4,589.58,0.15,,1519.8,484.77
ORD-10931,2021-09-04,2021-09-07,Second Class,CUST-1399,Linda Powers,Home Office,East,Maryland,Furniture,Desks,"Chandler, Patterson and Fowler Desks",6,962.05,0.0,5772.3,3529.53,2242.77
ORD-10932,2023-05-14,2023-05-15,First Class,CUST-1302,Maria Curry,Corporate,West,Florida,Technology,Phones,Roberts Inc Phones,1,622.99,0.0,622.99,381.84,241.15
ORD-10933,2022-08-07,2022-08-09,First Class,CUST-1034,Gary Trevino,Consumer,North,Massachusetts,Furniture,Desks,Allen and Sons Desks,6,753.23,0.0,4519.38,2719.02,1800.36
ORD-10934,2023-03-22,2023-03-24,Standard Class,CUST-1070,Raymond Watkins,Home Office,East,South Dakota,Office Supplies,Labels,Page Group Labels,3,10.59,0.0,31.77,19.43,12.34
ORD-10935,2021-10-14,2021-10-16,Second Class,CUST-2461,Daniel Wood,Consumer,North,New York,Office Supplies,Labels,"Sawyer, Thomas and Walker Labels",1,15.62,0.2,12.5,10.65,1.85
ORD-10936,2023-03-22,2023-03-28,Same Day,CUST-2667,Jesse Bennett,Consumer,West,California,Office Supplies,Pens & Pencils,Haynes LLC Pens & Pencils,7,9.78,0.0,68.46,39.79,28.67
ORD-10937,2022-04-07,2022-04-11,Standard Class,CUST-1476,Michael Scott,Consumer,South,Maine,Technology,Laptops,"Buckley, Jones and Smith Laptops",5,1667.87,0.0,8339.35,5510.0,2829.35
ORD-10938,2023-04-30,2023-05-05,Same Day,CUST-1073,Dean Chase,Consumer,South,New York,Furniture,Bookcases,"Berger, Norris and Morgan Bookcases",7,202.1,0.0,1414.7,889.4,525.3
ORD-10939,2021-01-16,2021-01-22,Second Class,CUST-2139,David Olson,Corporate,West,North Dakota,Furniture,Tables,Russo Inc Tables,2,129.87,0.05,246.75,126.77,119.98
ORD-10940,2023-07-14,2023-07-15,First Class,CUST-2375,Nicholas Pratt,Home Office,West,Massachusetts,Technology,Monitors,Butler PLC Monitors,5,715.63,0.0,3578.15,2192.03,1386.12
ORD-10941,2022-09-04,2022-09-11,Second Class,CUST-2214,Mark Thomas,Corporate,East,Nebraska,Technology,Monitors,Mays Inc Monitors,7,234.52,0.15,1395.39,972.76,422.63
ORD-10942,2021-01-26,2021-01-28,First Class,CUST-1422,Aaron Butler,Corporate,West,Rhode Island,Office Supplies,Paper,Padilla-Bell Paper,4,40.63,0.05,154.39,74.1,80.29
ORD-10943,2022-05-24,2022-05-25,Same Day,CUST-2746,Julie Willis,Consumer,North,New Hampshire,Furniture,Bookcases,Watson Group Bookcases,7,261.47,0.05,1738.78,1096.68,642.1
ORD-10944,2022-01-26,2022-01-30,Second Class,CUST-1573,Ashley Vega,Corporate,North,Hawaii,Technology,Printers,Hawkins-Robertson Printers,5,563.68,0.0,2818.4,1527.61,1290.79
ORD-10945,2021-03-04,2021-03-08,Second Class,CUST-2484,Rachel Graham,Consumer,West,Arkansas,Office Supplies,Paper,Dean and Sons Paper,5,54.42,0.0,272.1,165.76,106.34
ORD-10946,2023-02-12,2023-02-13,Second Class,CUST-1953,Tammy Jones,Corporate,South,New Hampshire,Furniture,Shelving,Yates-Fisher Shelving,1,111.01,0.1,99.91,60.99,38.92
ORD-10947,2022-07-02,2022-07-03,First Class,CUST-1385,Christopher Stewart,Consumer,West,Georgia,Technology,Tablets,Garcia LLC Tablets,2,733.32,0.3,1026.65,734.31,292.34
ORD-10948,2021-04-07,2021-04-10,Same Day,CUST-1934,James Lee,Corporate,South,Kansas,Technology,Accessories,Anderson-Richards Accessories,10,16.18,0.15,137.53,101.75,35.78
ORD-10949,2023-02-02,2023-02-06,First Class,CUST-1302,Jenna Shepherd,Home Office,West,New Jersey,Office Supplies,Envelopes,Robertson-Rodriguez Envelopes,9,27.35,0.05,233.84,146.47,87.37
ORD-10950,2023-08-14,2023-08-18,Second Class,CUST-1336,Autumn Mora,Consumer,East,Kentucky,Furniture,Shelving,"Hardin, Benitez and Johnson Shelving",7,146.03,0.0,1022.21,551.65,470.56
ORD-10951,2023-03-23,2023-03-24,Second Class,CUST-2026,Brenda Eaton,Home Office,North,Nevada,Furniture,Desks,"Mora, Perez and Griffin Desks",9,758.67,0.05,6486.63,4425.04,2061.59
ORD-10952,2022-11-17,2022-11-21,Second Class,CUST-2632,Rebecca Rios,Corporate,West,Montana,Furniture,Chairs,Savage-Smith Chairs,5,551.88,0.2,2207.52,1713.59,493.93
ORD-10953,2021-11-15,2021-11-22,Standard Class,CUST-2466,Deanna Wright,Consumer,North,Mississippi,Furniture,Tables,"Smith, Alvarado and Jacobs Tables",6,422.32,0.1,2280.53,1548.16,732.37
ORD-10954,2022-01-27,2022-01-28,Second Class,CUST-1424,Samantha Kaiser,Consumer,North,Colorado,Office Supplies,Binders,Ochoa Inc Binders,5,36.89,0.0,184.45,87.46,96.99
ORD-1611,2023-03-06,2023-03-09,Same Day,CUST-2207,Michael Coleman,Corporate,North,Delaware,Technology,Printers,"Ward, King and Anderson Printers",2,315.35,0.0,630.7,331.15,299.55
ORD-10956,2021-07-20,2021-07-24,Same Day,CUST-1718,Laura Holmes,Home Office,West,Vermont,Furniture,Tables,"Lee, Miranda and Logan Tables",8,1468.28,0.0,11746.24,6412.73,5333.51
ORD-10957,2021-07-12,2021-07-16,First Class,CUST-2236,Eric Gentry,Corporate,North,Utah,Technology,Phones,Bailey-Mcfarland Phones,8,238.67,0.1,1718.42,898.81,819.61
ORD-10958,2021-02-27,2021-03-04,Standard Class,CUST-1948,Joshua Davis,Corporate,West,Alaska,Office Supplies,Pens & Pencils,Hampton-Wilson Pens & Pencils,8,14.71,0.0,117.68,70.41,47.27
ORD-10959,2022-08-18,2022-08-23,Same Day,CUST-1317,Richard Sanchez,Consumer,South,Kansas,Furniture,Chairs,Johnson-Delgado Chairs,2,287.63,0.1,517.73,282.27,235.46
ORD-10960,2022-01-10,2022-01-12,Second Class,CUST-2731,Morgan Ruiz,Corporate,South,Illinois,Office Supplies,Storage,"Henderson, Bennett and Newman Storage",7,27.43,0.15,163.21,88.51,74.7
ORD-10961,2023-05-31,2023-06-01,Standard Class,CUST-1754,Matthew Taylor,Home Office,North,Alaska,Furniture,Tables,"Morrison, Green and Villanueva Tables",2,1235.62,0.0,2471.24,1338.59,1132.65
ORD-10962,2023-01-03,2023-01-07,Standard Class,CUST-2856,Shane Smith,Consumer,North,Kansas,Office Supplies,Storage,Leonard-Howard Storage,7,12.35,0.05,82.13,57.87,24.26
ORD-10963,2022-01-15,2022-01-20,First Class,CUST-1475,Timothy Harris,Consumer,South,Mississippi,Technology,Monitors,Horne Ltd Monitors,3,214.78,0.1,579.91,366.93,212.98
ORD-10964,2023-12-23,2023-12-24,Standard Class,CUST-1654,Brandi Taylor,Consumer,West,Indiana,Office Supplies,Binders,Lowe LLC Binders,7,30.63,0.0,214.41,132.18,82.23
ORD-10965,2021-05-26,2021-05-28,Same Day,CUST-1297,Mrs. Sharon Fritz MD,Consumer,West,Minnesota,Technology,Monitors,West-Henderson Monitors,8,648.03,0.0,5184.24,3145.58,2038.66
ORD-10966,2023-04-13,2023-04-14,First Class,CUST-1656,Scott Ingram,Corporate,North,Nebraska,Furniture,Chairs,"Foster, Hernandez and Johnson Chairs",4,544.25,0.05,2068.15,1430.28,637.87
ORD-10967,2023-11-10,2023-11-14,Second Class,CUST-1322,Carlos Mendez,Consumer,East,Texas,Technology,Accessories,Carpenter PLC Accessories,6,111.71,0.0,670.26,322.95,347.31
ORD-10968,2022-07-23,2022-07-27,Second Class,CUST-2878,Katherine Collier,Corporate,East,New Jersey,Office Supplies,Paper,"Mcintyre, Salinas and Martin Paper",1,28.8,0.0,28.8,13.25,15.55
ORD-10969,2021-10-09,2021-10-13,Same Day,CUST-2997,Mary Mills,Corporate,North,Vermont,Furniture,Shelving,Hansen and Sons Shelving,5,125.04,0.15,531.42,417.5,113.92
ORD-10970,2022-05-06,2022-05-11,Second Class,CUST-1392,James Collins,Corporate,West,North Carolina,Office Supplies,Envelopes,Sweeney-Sanchez Envelopes,5,10.24,0.2,40.96,34.63,6.33
ORD-10971,2022-01-25,2022-01-31,Second Class,CUST-2132,Christopher Clayton,Corporate,South,Virginia,Office Supplies,Pens & Pencils,"Clark, Ball and Moore Pens & Pencils",4,15.75,0.1,56.7,39.19,17.51
ORD-10972,2022-11-22,2022-11-24,Second Class,CUST-1767,Ashley Turner,Consumer,West,Georgia,Office Supplies,Labels,Sanchez-Clay Labels,2,11.36,0.1,20.45,14.71,5.74
ORD-10973,2023-02-11,2023-02-18,First Class,CUST-1136,Holly Perez,Consumer,East,Georgia,Office Supplies,Envelopes,Stewart LLC Envelopes,10,10.31,0.0,103.1,52.9,50.2
ORD-10974,2023-05-26,2023-06-01,Same Day,CUST-1975,Brian Williams,Corporate,West,Minnesota,Office Supplies,Storage,Buck and Sons Storage,9,75.43,0.05,644.93,314.15,330.78
ORD-10975,2021-08-09,2021-08-14,Standard Class,CUST-1196,Catherine Hayden MD,Home Office,West,Mississippi,Office Supplies,Paper,"Gibson, Martin and Santos Paper",2,12.69,0.0,25.38,11.87,13.51
ORD-10976,2022-03-28,2022-04-02,First Class,CUST-2900,Maria Martinez,Home Office,East,Michigan,Technology,Laptops,Valencia-Richards Laptops,10,1847.84,0.0,18478.4,9427.13,9051.27
ORD-10977,2021-11-25,2021-11-26,Same Day,CUST-2994,Jessica Sanchez,Corporate,West,Arizona,Technology,Monitors,Foster PLC Monitors,10,167.22,0.0,1672.2,1010.13,662.07
ORD-10978,2022-07-27,2022-07-28,Second Class,CUST-1891,Grant Bridges,Home Office,West,Michigan,Technology,Laptops,Marquez LLC Laptops,-7,944.67,0.0,6612.69,4492.7,2119.99
ORD-10979,2023-02-18,2023-02-19,Second Class,CUST-2805,Pamela Warren,Home Office,West,Tennessee,Office Supplies,Binders,Larson and Sons Binders,2,11.59,0.0,23.18,12.66,10.52
ORD-10980,2021-06-08,2021-06-13,Same Day,CUST-1344,Carl Reed,Corporate,South,Florida,Office Supplies,Labels,Lee-Silva Labels,1,8.16,0.0,8.16,4.43,3.73
ORD-10981,2021-02-19,2021-02-25,Second Class,CUST-2428,Elizabeth Meyer,Consumer,West,Iowa,Technology,Printers,Brady Ltd Printers,5,263.7,0.0,1318.5,882.65,435.85
ORD-10982,2023-05-19,2023-05-20,,CUST-1551,David Smith,Corporate,East,Nebraska,Furniture,Chairs,Evans-Stevens Chairs,6,398.87,0.0,2393.22,1343.39,1049.83
ORD-10983,2023-01-17,2023-01-18,Second Class,CUST-2875,Michael Strickland,Consumer,North,New Hampshire,Office Supplies,Binders,"Carson, Taylor and Hopkins Binders",10,9.24,0.05,87.78,64.2,23.58
ORD-10984,2022-07-25,2022-08-01,Second Class,CUST-1638,Sheri James,Consumer,North,Alabama,Furniture,Shelving,Figueroa-Leblanc Shelving,2,53.02,0.05,100.74,70.48,30.26
ORD-10985,2023-05-17,2023-05-19,Second Class,CUST-1400,Gina Mcintyre,Home Office,North,North Carolina,Technology,Laptops,Peterson-Jones Laptops,10,1469.32,0.1,13223.88,8339.3,4884.58
ORD-10986,2022-01-18,2022-01-20,First Class,CUST-1351,Ronald Hampton,Corporate,North,South Carolina,Technology,Laptops,"Palmer, Zuniga and Yates Laptops",3,976.66,0.05,2783.48,1430.36,1353.12
ORD-10987,2023-01-23,2023-01-28,Second Class,CUST-1931,Elizabeth Scott,Consumer,North,Ohio,Furniture,Shelving,"Cook, Dominguez and Ramirez Shelving",7,272.66,0.0,1908.62,974.31,934.31
ORD-10988,2023-12-20,2023-12-27,Same Day,CUST-2127,Alexandra Bailey,Home Office,West,Wisconsin,Furniture,Desks,Ponce-Simon Desks,10,278.3,0.1,2504.7,1452.17,1052.53
ORD-10989,2023-04-15,2023-04-17,Same Day,CUST-2648,Brandy Mcclain,Consumer,South,Mississippi,Furniture,Tables,"Love, Greer and Meyer Tables",9,1447.7,0.0,13029.3,7568.3,5461.0
ORD-10990,2022-10-07,2022-10-11,Same Day,CUST-1891,Kathleen Webb,Home Office,South,Iowa,Technology,Tablets,Young-Thomas Tablets,5,796.56,0.0,3982.8,2164.28,1818.52
ORD-10991,2023-06-19,2023-06-22,Second Class,CUST-1952,Victoria Sampson,Corporate,South,Vermont,Office Supplies,Labels,"Delgado, Torres and Griffith Labels",3,16.23,0.05,46.26,32.87,13.39
ORD-10992,2023-08-11,2023-08-15,Standard Class,CUST-1159,Lauren Price,Home Office,East,California,Office Supplies,Binders,Smith-Ponce Binders,1,18.38,0.0,18.38,8.52,9.86
ORD-10993,2022-09-28,2022-10-03,Same Day,CUST-1298,Cynthia Munoz,Home Office,East,Georgia,Office Supplies,Labels,Hernandez and Sons Labels,1,11.93,0.2,9.54,6.36,3.18
ORD-10994,2022-10-31,2022-11-03,First Class,CUST-2199,William Lee,Consumer,West,South Carolina,Technology,Laptops,Ray-Khan Laptops,9,1313.31,0.0,11819.79,6679.04,5140.75
ORD-10995,2023-02-13,2023-02-16,Standard Class,CUST-2479,Craig Velazquez,Home Office,East,Missouri,Office Supplies,Storage,Gregory LLC Storage,1,63.45,0.1,57.11,30.98,26.13
ORD-10996,2021-01-25,2021-01-27,Same Day,CUST-1855,Brian Johnson,Consumer,West,Pennsylvania,Technology,Monitors,"Moore, Goodwin and Mcdonald Monitors",4,721.58,0.0,2886.32,1330.6,1555.72
ORD-10997,2021-05-16,2021-05-18,Standard Class,CUST-2894,Carolyn Robinson,Home Office,West,Alaska,Furniture,Shelving,"Wise, Wilcox and Crawford Shelving",4,106.34,0.0,425.36,242.74,182.62
ORD-10998,2022-11-09,2022-11-15,Same Day,CUST-2367,Charles Evans,Home Office,East,Mississippi,Technology,Laptops,Robinson-Gibson Laptops,6,1537.18,0.05,8761.93,4745.47,4016.46
ORD-10999,2023-04-09,2023-04-10,First Class,CUST-2767,Tiffany Coleman,Corporate,North,Utah,Furniture,Desks,"Swanson, Rogers and Robinson Desks",1,348.82,0.0,348.82,220.13,128.69
ORD-11000,2023-11-02,2023-11-05,Second Class,CUST-2160,Patrick Guerrero,Corporate,East,Nevada,Technology,Tablets,West-Walter Tablets,4,295.36,0.2,945.15,737.63,207.52
ORD-11001,2023-04-12,2023-04-19,First Class,CUST-1062,Jeffrey Grant,Corporate,East,Arkansas,Technology,Monitors,"Mays, Carpenter and Watkins Monitors",8,271.83,0.3,1522.25,1009.52,512.73
ORD-11002,2022-08-10,2022-08-12,Second Class,CUST-1326,Matthew Reid,Home Office,East,New Mexico,Technology,Printers,Taylor-Brown Printers,8,202.55,0.2,1296.32,1073.29,223.03
ORD-11003,2021-07-09,2021-07-16,Standard Class,CUST-1105,Mark Williamson,Consumer,West,Washington,Furniture,Tables,"Frederick, Butler and Martin Tables",2,1297.41,0.0,2594.82,1445.67,1149.15
ORD-11004,2021-12-05,2021-12-08,First Class,CUST-2193,Beth Williams,Consumer,North,Nevada,Technology,Laptops,Gilbert-Spence Laptops,6,786.88,0.1,4249.15,2227.88,2021.27
ORD-11005,2023-12-14,2023-12-15,Same Day,CUST-1133,Kristin Wilson,Corporate,East,South Dakota,Furniture,Chairs,Scott-Cruz Chairs,4,753.57,0.15,2562.14,1803.57,758.57
ORD-11006,2021-11-30,2021-12-06,First Class,CUST-2949,Anthony Hartman,Home Office,East,Alaska,Technology,Accessories,Thompson-Torres Accessories,9,118.65,0.0,1067.85,708.03,359.82
ORD-11007,2023-08-03,2023-08-05,First Class,CUST-1120,Kristi Koch,Home Office,North,New Hampshire,Office Supplies,Envelopes,Holt LLC Envelopes,7,22.05,0.0,154.35,77.58,76.77
ORD-11008,2023-09-14,2023-09-18,First Class,CUST-2368,John Phillips,Home Office,East,Arizona,Technology,Laptops,"Rivera, Cooper and Peters Laptops",3,1997.52,0.0,5992.56,3564.48,2428.08
ORD-11009,2022-06-01,2022-06-05,First Class,CUST-2348,Scott Moore,Corporate,East,New Mexico,Furniture,Desks,"Foster, Powell and Sanchez Desks",1,1085.15,0.0,1085.15,496.83,588.32
ORD-1802,2022-05-29,2022-06-02,Second Class,CUST-1685,Carolyn Ryan,Consumer,North,Kansas,Office Supplies,Binders,"Norman, Morse and Mann Binders",7,33.18,0.1,209.03,114.05,94.98
ORD-11011,2023-01-09,2023-01-15,Second Class,CUST-1690,Thomas Avila,Consumer,North,New Mexico,Technology,Monitors,"Powell, Gordon and Dominguez Monitors",8,534.59,0.3,2993.7,2748.71,244.99
ORD-11012,2022-02-07,2022-02-11,First Class,CUST-1080,James Nichols,Corporate,East,Mississippi,Office Supplies,Labels,"Cox, Bird and Jordan Labels",3,5.63,0.0,16.89,11.36,5.53
ORD-11013,2023-08-08,2023-08-13,Standard Class,CUST-2709,Emily Williams,Home Office,South,New York,Furniture,Tables,Johnson Ltd Tables,6,181.43,0.0,1088.58,728.87,359.71
ORD-11014,2022-04-15,2022-04-16,First Class,CUST-1489,David Reyes,Corporate,North,Ohio,Office Supplies,Pens & Pencils,Nielsen-Peters Pens & Pencils,1,8.91,0.15,7.57,4.02,3.55
ORD-1889,2022-09-20,2022-09-27,Same Day,CUST-2188,Cynthia Griffin,Consumer,East,Arizona,Office Supplies,Paper,"Williams, Montoya and Stephens Paper",5,57.73,0.05,274.22,198.63,75.59
ORD-1439,2022-05-18,2022-05-22,Second Class,CUST-2534,Kevin Oneal,Home Office,East,Arizona,Technology,Monitors,"Coleman, Gibson and Holmes Monitors",7,844.22,0.05,5614.06,2777.01,2837.05
ORD-11017,2022-08-15,2022-08-18,Second Class,CUST-2308,Brittney Morrison,Consumer,North,Nebraska,Technology,Accessories,"Scott, Adams and James Accessories",5,50.92,0.0,254.6,137.57,117.03
ORD-11018,2023-07-14,2023-07-17,First Class,CUST-2596,Charles Conley,Home Office,West,West Virginia,Technology,Laptops,Taylor Ltd Laptops,1,1794.24,0.3,1255.97,858.26,397.71
ORD-11019,2022-01-23,2022-01-28,Standard Class,CUST-2865,Cody Johnson,Home Office,North,Arizona,Furniture,Chairs,Snyder Group Chairs,10,474.62,0.0,4746.2,2596.03,2150.17
ORD-11020,2022-12-21,2022-12-22,Second Class,CUST-2549,Joel Martinez,Corporate,North,Washington,Technology,Monitors,"Wagner, Vaughn and Joyce Monitors",3,259.36,0.05,739.18,530.01,209.17
ORD-11021,2023-10-10,2023-10-15,Standard Class,CUST-2315,Natalie Murphy,Corporate,South,Pennsylvania,Furniture,Tables,Ward-Phillips Tables,4,413.06,0.05,1569.63,1051.09,518.54
ORD-11022,2022-11-25,2022-11-29,,CUST-1645,Jacob Conway,Corporate,North,North Carolina,Technology,Laptops,Waters-Allen Laptops,1,1234.07,0.05,,670.27,502.1
ORD-11023,2022-11-29,2022-11-30,Same Day,CUST-2710,John Wallace,Home Office,East,Vermont,Technology,Laptops,Goodman Ltd Laptops,9,1432.51,0.1,11603.33,9012.36,2590.97
ORD-11024,2021-10-08,2021-10-14,Standard Class,CUST-1313,Tanya Beltran,Corporate,East,New York,Technology,Printers,Lewis-Jackson Printers,7,359.28,0.0,2514.96,1549.73,965.23
ORD-11025,2022-08-07,2022-08-10,First Class,CUST-1281,Patricia Adkins,Home Office,North,Iowa,Office Supplies,Paper,Collins and Sons Paper,6,58.63,0.0,351.78,160.6,191.18
ORD-11026,2021-06-11,2021-06-13,Standard Class,CUST-2557,Mr. Brad Smith,Home Office,North,Iowa,Office Supplies,Paper,Bolton Group Paper,5,10.23,0.1,46.04,25.73,20.31
ORD-11027,2021-03-25,2021-03-28,First Class,CUST-2347,Cassandra Adkins,Corporate,East,California,Furniture,Shelving,"Mayo, Friedman and Miller Shelving",9,283.15,0.0,2548.35,1403.92,1144.43
ORD-11028,2023-01-10,2023-01-14,Standard Class,CUST-2210,Cory Weber,Home Office,South,Montana,Furniture,Chairs,Franco-Henry Chairs,2,192.25,0.3,269.15,177.11,92.04
ORD-11029,2021-09-17,2021-09-19,Standard Class,CUST-2397,Mark Kim,Home Office,South,Wisconsin,Technology,Printers,Porter-Page Printers,10,167.56,0.1,1508.04,1059.29,448.75
ORD-11030,2023-05-31,2023-06-02,Second Class,CUST-2689,Patricia Wade,Home Office,East,Wisconsin,Office Supplies,Paper,Mccormick PLC Paper,5,42.48,0.05,201.78,108.21,93.57
ORD-11031,2021-09-13,2021-09-19,First Class,CUST-2019,Anthony Butler,Consumer,North,Connecticut,Office Supplies,Binders,Wilson and Sons Binders,10,17.97,0.0,179.7,119.33,60.37
ORD-11032,2021-03-24,2021-03-26,Standard Class,CUST-2497,Valerie Clark,Consumer,West,Mississippi,Office Supplies,Labels,Jenkins Inc Labels,5,5.44,0.1,24.48,13.93,10.55
ORD-11033,2021-08-08,2021-08-11,Standard Class,CUST-2483,Kenneth Snyder,Home Office,North,Kentucky,Technology,Monitors,Bailey and Sons Monitors,2,357.41,0.05,679.08,324.13,354.95
ORD-11034,2021-10-26,2021-10-28,Same Day,CUST-2363,Deborah Hampton,Home Office,South,Montana,Office Supplies,Pens & Pencils,Fleming Inc Pens & Pencils,7,24.48,0.1,154.22,113.86,40.36
ORD-11035,2021-05-03,2021-05-09,,CUST-1846,Jacob Haas,Consumer,East,Connecticut,Office Supplies,Storage,"Lewis, Taylor and Gordon Storage",7,76.44,0.0,535.08,249.0,286.08
ORD-11036,2022-04-05,2022-04-09,Standard Class,CUST-2719,Alyssa Murphy,Corporate,West,Ohio,Technology,Printers,Boone Inc Printers,7,225.25,0.1,1419.08,846.65,572.43
ORD-11037,2022-03-25,2022-03-30,,CUST-1224,Timothy Anderson,Corporate,East,Michigan,Office Supplies,Binders,Howe-Thomas Binders,8,20.77,0.2,132.93,94.96,37.97
ORD-11038,2021-08-08,2021-08-10,First Class,CUST-1500,John Lawrence,Home Office,South,South Dakota,Furniture,Bookcases,Black-Mcintyre Bookcases,5,363.56,0.15,1545.13,827.24,717.89
ORD-11039,2023-05-10,2023-05-15,,CUST-1383,Kevin Beard,Consumer,East,Colorado,Furniture,Tables,Wagner PLC Tables,1,1468.88,0.0,1468.88,943.64,525.24
ORD-11040,2022-02-06,2022-02-08,First Class,CUST-1730,Rhonda Medina,Corporate,South,Oregon,Furniture,Tables,"Martinez, Hicks and Potter Tables",5,466.61,0.05,2216.4,1325.09,891.31
ORD-11041,2021-10-08,2021-10-10,,CUST-1956,David Avila,Corporate,North,Alabama,Furniture,Bookcases,Solomon-Moore Bookcases,7,276.99,0.3,1357.25,1146.47,210.78
ORD-11042,2022-06-10,2022-06-11,Second Class,CUST-1574,Daniel Smith,Home Office,West,Louisiana,Technology,Accessories,"Lopez, Johnson and Wheeler Accessories",9,148.57,0.0,1337.13,634.09,703.04
ORD-11043,2022-05-09,2022-05-10,First Class,CUST-1342,Cassandra Salazar,Home Office,North,Maine,Technology,Laptops,Wong Group Laptops,4,1077.14,0.05,4093.13,2517.16,1575.97
ORD-11044,2023-05-25,2023-05-31,Second Class,CUST-1926,Michael Davis,Home Office,South,North Dakota,Office Supplies,Binders,Ochoa Group Binders,6,32.44,0.0,194.64,101.1,93.54
ORD-11045,2021-04-03,2021-04-09,Second Class,CUST-1404,Alexander Cook,Consumer,East,Georgia,Technology,Accessories,Smith LLC Accessories,10,23.65,0.0,236.5,120.27,116.23
ORD-11046,2022-09-06,2022-09-13,Second Class,CUST-1129,Angela Johns,Consumer,West,Mississippi,Office Supplies,Paper,Webb-Harvey Paper,4,41.39,0.05,157.28,105.82,51.46
ORD-11047,2022-03-10,2022-03-11,Same Day,CUST-1469,Sylvia Andrews,Home Office,South,Pennsylvania,Office Supplies,Paper,Frazier-Clark Paper,1,14.43,0.05,13.71,9.25,4.46
ORD-11048,2023-12-28,2024-01-03,First Class,CUST-1870,Jack Howard,Consumer,West,Utah,Office Supplies,Envelopes,"Johnson, Gray and Scott Envelopes",9,17.05,0.2,122.76,75.09,47.67
ORD-11049,2023-08-11,2023-08-12,Standard Class,CUST-2422,Carla Collins,Consumer,North,Missouri,Office Supplies,Pens & Pencils,"Rogers, Bailey and White Pens & Pencils",4,7.99,0.2,25.57,16.74,8.83
ORD-11050,2022-04-20,2022-04-27,Second Class,CUST-2041,Reginald Thomas,Home Office,North,New Jersey,Technology,Accessories,"Clarke, Fernandez and Rodriguez Accessories",2,108.04,0.05,205.28,106.95,98.33
ORD-11051,2022-01-01,2022-01-02,First Class,CUST-1420,Larry Hernandez,Consumer,South,New Jersey,Technology,Tablets,Williams Group Tablets,6,508.98,0.05,2901.19,1478.22,1422.97
ORD-11052,2021-12-04,2021-12-10,Standard Class,CUST-1061,Larry Salinas,Consumer,North,Massachusetts,Furniture,Chairs,King-Mcconnell Chairs,10,504.72,0.0,5047.2,2677.34,2369.86
ORD-11053,2021-07-21,2021-07-25,Standard Class,CUST-1760,Joshua Hill,Consumer,North,Massachusetts,Technology,Accessories,Gould Group Accessories,1,106.72,0.0,106.72,53.1,53.62
ORD-11054,2021-06-24,2021-06-29,First Class,CUST-2180,Lacey King,Home Office,West,Florida,Furniture,Desks,Roth-Young Desks,6,1187.24,0.0,7123.44,3670.0,3453.44
ORD-11055,2022-10-06,2022-10-10,First Class,CUST-1957,Michael Lopez,Consumer,North,Texas,Office Supplies,Storage,West-Wilson Storage,2,46.56,0.0,93.12,60.26,32.86
ORD-11056,2022-07-18,2022-07-23,First Class,CUST-1251,Tina Williams,Consumer,West,Iowa,Furniture,Chairs,Wilson and Sons Chairs,5,82.29,0.2,329.16,259.61,69.55
ORD-11057,2023-02-08,2023-02-14,First Class,CUST-2280,Hailey Porter,Corporate,North,New Hampshire,Technology,Printers,Choi Group Printers,6,346.07,0.0,2076.42,1341.96,734.46
ORD-11058,2023-12-13,2023-12-15,First Class,CUST-2642,Deborah James,Consumer,North,Pennsylvania,Office Supplies,Binders,Peterson-Collier Binders,10,11.89,0.15,101.06,54.01,47.05
ORD-11059,2021-12-30,2022-01-04,Standard Class,CUST-2906,Melanie Smith,Consumer,South,Nebraska,Office Supplies,Pens & Pencils,"Ellison, Combs and Brown Pens & Pencils",2,21.2,0.2,33.92,26.85,7.07
ORD-11060,2023-03-31,2023-04-05,Second Class,CUST-2068,Joel Hunt,Home Office,East,North Carolina,Office Supplies,Envelopes,"Taylor, Calderon and Young Envelopes",9,23.62,0.05,201.95,99.14,102.81
ORD-11061,2023-12-19,2023-12-23,Second Class,CUST-2593,Jennifer Calhoun,Corporate,North,Oklahoma,Office Supplies,Pens & Pencils,Jacobs-Brown Pens & Pencils,4,5.65,0.2,18.08,14.27,3.81
ORD-11062,2022-08-19,2022-08-26,Second Class,CUST-2615,Thomas Lee,Consumer,East,West Virginia,Office Supplies,Paper,Robertson-Fernandez Paper,5,50.21,0.3,175.73,160.06,15.67
ORD-11063,2022-09-23,2022-09-27,Standard Class,CUST-2050,Taylor Green,Home Office,North,South Carolina,Office Supplies,Labels,"Solis, Mcmillan and Morrow Labels",5,14.3,0.0,71.5,40.57,30.93
ORD-11064,2021-10-02,2021-10-06,Second Class,CUST-2379,Carl Sullivan,Home Office,East,Connecticut,Technology,Accessories,Lopez and Sons Accessories,4,25.26,0.05,95.99,52.43,43.56
ORD-11065,2022-12-29,2022-12-31,Second Class,CUST-1645,David Tran,Home Office,North,South Dakota,Technology,Printers,"George, Parker and Bryant Printers",1,437.15,0.5,218.57,219.55,-0.98
ORD-11066,2021-09-11,2021-09-16,Same Day,CUST-1493,John Hicks,Home Office,North,North Dakota,Office Supplies,Envelopes,"Johns, Clark and Duarte Envelopes",3,8.99,0.15,22.92,17.0,5.92
ORD-11067,2021-03-13,2021-03-19,Second Class,CUST-2536,Jane Hernandez,Home Office,West,Iowa,Furniture,Desks,"Riddle, Jordan and Dixon Desks",3,641.84,0.0,1925.52,1062.24,863.28
ORD-1189,2021-02-24,2021-03-03,Standard Class,CUST-2594,Taylor Castaneda,Corporate,North,South Dakota,Office Supplies,Storage,Jimenez and Sons Storage,9,16.67,0.15,127.53,75.34,52.19
ORD-11069,2023-10-16,2023-10-19,Same Day,CUST-2220,Dominic Ward IV,Consumer,West,Maine,Furniture,Desks,"Jones, Pratt and Day Desks",9,1021.36,0.2,7353.79,5599.99,1753.8
ORD-11070,2021-05-26,2021-06-02,Second Class,CUST-2580,Kimberly Haynes,Home Office,East,Kentucky,Technology,Tablets,Johnson-Ruiz Tablets,7,592.08,0.0,4144.56,1944.06,2200.5
ORD-11071,2023-04-15,2023-04-17,Standard Class,CUST-2928,Melissa Dixon,Consumer,South,California,Technology,Tablets,Craig-Williams Tablets,4,339.96,0.0,1359.84,869.11,490.73
ORD-11072,2022-08-26,2022-08-28,First Class,CUST-2530,Amanda Jimenez,Consumer,East,Alabama,Technology,Monitors,"West, King and Gregory Monitors",6,488.47,0.0,2930.82,1828.4,1102.42
ORD-11073,2021-04-05,2021-04-10,Same Day,CUST-1263,Brett Webster,Corporate,North,Oklahoma,Furniture,Chairs,"Noble, Hayden and Martinez Chairs",6,717.98,0.0,4307.88,2790.14,1517.74
ORD-11074,2021-02-25,2021-03-01,Same Day,CUST-1656,Justin King,Home Office,South,Washington,Technology,Monitors,"James, Mcdonald and Austin Monitors",1,806.12,0.05,765.81,485.17,280.64
ORD-11075,2021-08-11,2021-08-15,Same Day,CUST-2562,Jose Padilla,Home Office,South,Missouri,Technology,Monitors,Johnson-May Monitors,5,725.7,0.2,2902.8,1799.2,1103.6
ORD-11076,2021-01-11,2021-01-18,Standard Class,CUST-1397,Misty Murphy,Corporate,East,Minnesota,Furniture,Desks,Cruz-Green Desks,5,1182.31,0.0,5911.55,3984.92,1926.63
ORD-11077,2023-02-06,2023-02-11,Same Day,CUST-2366,Randy Dickerson,Corporate,West,Kansas,Technology,Phones,Patterson Ltd Phones,9,1062.83,0.1,8608.92,4863.44,3745.48
ORD-11078,2022-01-08,2022-01-09,Standard Class,CUST-1522,Tara Rodriguez,Home Office,South,North Dakota,Furniture,Chairs,Murray Inc Chairs,1,576.66,0.05,547.83,300.69,247.14
ORD-11079,2023-07-24,2023-07-25,Same Day,CUST-2096,Tammy Haas,Corporate,West,Maryland,Office Supplies,Labels,Snyder-Wilson Labels,10,14.71,0.3,102.97,90.35,12.62
ORD-11080,2022-02-03,2022-02-05,First Class,CUST-2718,Melanie Stevenson,Consumer,East,Washington,Furniture,Shelving,Nguyen-Allen Shelving,6,104.53,0.05,595.82,406.46,189.36
ORD-11081,2023-03-27,2023-04-02,Standard Class,CUST-2991,Peter Wang,Consumer,West,Kentucky,Technology,Phones,Cohen-Schneider Phones,9,604.21,0.3,3806.52,3090.05,716.47
ORD-11082,2023-01-11,2023-01-17,Second Class,CUST-1283,Laura Hickman,Home Office,North,Nevada,Technology,Accessories,"Davies, Johnson and Erickson Accessories",9,40.23,0.3,253.45,222.9,30.55
ORD-11083,2023-06-09,2023-06-12,Second Class,CUST-2605,Julia Osborn,Consumer,West,South Dakota,Office Supplies,Paper,Cobb Group Paper,7,54.35,0.2,304.36,225.06,79.3
ORD-11084,2021-05-30,2021-06-06,Same Day,CUST-2656,Angela Myers,Corporate,North,Utah,Furniture,Bookcases,"Cook, Ramirez and Russo Bookcases",3,299.58,0.0,898.74,481.89,416.85
ORD-11085,2022-07-01,2022-07-05,Standard Class,CUST-2630,Patrick Lopez,Corporate,East,Mississippi,Furniture,Desks,Orozco-Mcguire Desks,9,943.14,0.0,8488.26,4227.24,4261.02
ORD-11086,2023-03-12,2023-03-16,Standard Class,CUST-2707,Melissa Bauer,Corporate,South,North Carolina,Furniture,Chairs,Curtis-Parrish Chairs,3,780.8,0.0,2342.4,1355.02,987.38
ORD-11087,2023-12-17,2023-12-18,Standard Class,CUST-1600,Michael Kemp,Home Office,North,Vermont,Technology,Laptops,"Williams, Williams and Morse Laptops",10,1535.64,0.0,15356.4,7164.61,8191.79
ORD-11088,2023-04-23,2023-04-29,Second Class,CUST-1451,Nathaniel Mitchell,Home Office,East,Louisiana,Furniture,Bookcases,Pittman-Roberson Bookcases,7,83.9,0.15,499.21,403.68,95.53
ORD-11089,2021-10-14,2021-10-20,Second Class,CUST-2375,Richard Day,Consumer,South,Rhode Island,Office Supplies,Paper,"Hawkins, Adams and Cortez Paper",8,54.26,0.0,434.08,297.66,136.42
ORD-11090,2021-11-26,2021-12-01,Same Day,CUST-2575,Robert Kennedy,Corporate,North,Nebraska,Office Supplies,Paper,Austin and Sons Paper,2,35.55,0.1,63.99,48.4,15.59
ORD-11091,2021-09-29,2021-10-02,Second Class,CUST-1414,Mr. Christopher Hawkins DDS,Corporate,West,Illinois,Office Supplies,Labels,Freeman Ltd Labels,5,14.14,0.0,70.7,33.39,37.31
ORD-11092,2021-12-01,2021-12-02,Second Class,CUST-1864,Kelly Olson,Consumer,East,Wyoming,Technology,Phones,"Matthews, Cross and Joseph Phones",2,744.69,0.0,1489.38,699.49,789.89
ORD-11093,2022-08-31,2022-09-03,Second Class,CUST-2968,Sandra Benson,Consumer,East,Vermont,Technology,Phones,"Smith, Ross and Moore Phones",10,695.75,0.3,4870.25,3260.17,1610.08
ORD-11094,2021-04-19,2021-04-21,Standard Class,CUST-2703,Kimberly Williams,Consumer,West,New Hampshire,Technology,Monitors,"Walton, Barnes and Sawyer Monitors",5,798.09,0.05,3790.93,2079.78,1711.15
ORD-11095,2022-01-18,2022-01-19,Same Day,CUST-1188,Veronica Greer,Corporate,South,Oklahoma,Office Supplies,Labels,Castillo PLC Labels,-3,3.95,0.2,9.48,5.84,3.64
ORD-11096,2023-06-16,2023-06-18,First Class,CUST-1474,Jesse Frost,Home Office,South,Louisiana,Technology,Accessories,Mueller-Ayers Accessories,9,37.07,0.2,266.9,191.11,75.79
ORD-11097,2023-05-28,2023-06-01,Same Day,CUST-1928,Veronica Pearson DVM,Corporate,North,New York,Technology,Tablets,"Chavez, Garrett and Butler Tablets",6,265.19,0.0,1591.14,725.13,866.01
ORD-11098,2021-10-22,2021-10-23,Standard Class,CUST-1458,Kim Green,Home Office,East,Virginia,Office Supplies,Storage,Morse-Walters Storage,7,26.52,0.05,176.36,83.64,92.72
ORD-11099,2023-07-06,2023-07-07,Standard Class,CUST-1307,Veronica White,Home Office,North,North Carolina,Office Supplies,Envelopes,"Turner, Cohen and Rivas Envelopes",7,7.3,0.1,45.99,29.88,16.11
ORD-11100,2023-12-31,2024-01-07,Same Day,CUST-2276,Jerry Murphy,Home Office,East,Indiana,Furniture,Desks,"Payne, Mays and Jensen Desks",10,180.03,0.0,1800.3,1239.91,560.39
ORD-11101,2022-04-16,2022-04-22,First Class,CUST-2472,Victor Davenport,Home Office,East,Tennessee,Furniture,Chairs,Morgan PLC Chairs,3,861.53,0.2,2067.67,1777.81,289.86
ORD-11102,2023-07-15,2023-07-21,Standard Class,CUST-2659,Jasmine Conway MD,Consumer,West,New Hampshire,Furniture,Bookcases,"Shepherd, Spence and Smith Bookcases",5,345.28,0.2,1381.12,899.27,481.85
ORD-11103,2022-01-18,2022-01-19,Same Day,CUST-1779,Suzanne Miller,Consumer,North,Alabama,Technology,Printers,Gibson-Sparks Printers,4,560.3,0.2,1792.96,1310.69,482.27
ORD-11104,2021-11-12,2021-11-19,Same Day,CUST-2181,Judy Cox,Consumer,West,Nevada,Furniture,Tables,Campbell-Rodriguez Tables,9,802.96,0.0,7226.64,4550.15,2676.49
ORD-11105,2022-05-02,2022-05-05,Same Day,CUST-1061,Anna Sutton,Home Office,East,Washington,Furniture,Chairs,Henderson-Hogan Chairs,9,728.23,0.0,6554.07,4067.36,2486.71
ORD-11106,2021-12-27,2022-01-03,Standard Class,CUST-1549,Thomas Graves,Corporate,South,Wyoming,Office Supplies,Storage,Lewis Group Storage,6,60.94,0.1,329.08,179.89,149.19
ORD-11107,2021-09-30,2021-10-06,First Class,CUST-1551,Tanya Jones,Corporate,South,Massachusetts,Furniture,Tables,Lane-Barnett Tables,7,755.75,0.0,5290.25,2706.79,2583.46
ORD-11108,2022-11-03,2022-11-05,Second Class,CUST-2909,Ricardo Hernandez,Corporate,South,Vermont,Technology,Tablets,"Parsons, Davis and Williams Tablets",10,774.31,0.2,6194.48,4809.37,1385.11
ORD-11109,2023-12-21,2023-12-26,Second Class,CUST-1457,Jessica Smith,Home Office,North,Mississippi,Office Supplies,Storage,Flores PLC Storage,10,21.74,0.0,217.4,109.91,107.49
ORD-11110,2022-10-27,2022-10-28,First Class,CUST-2583,Evan Mann,Home Office,East,Texas,Furniture,Tables,Aguilar Ltd Tables,1,629.54,0.3,440.68,432.74,7.94
ORD-11111,2023-09-13,2023-09-18,Standard Class,CUST-2068,Karen Hawkins,Home Office,East,Louisiana,Office Supplies,Binders,"Bryant, Curtis and Santiago Binders",5,3.28,0.05,15.58,7.84,7.74
ORD-11112,2023-07-19,2023-07-20,Same Day,CUST-1219,David Thomas,Consumer,South,Maryland,Furniture,Desks,"Guerrero, Miller and Wilson Desks",1,396.05,0.0,396.05,210.43,185.62
ORD-11113,2022-10-12,2022-10-13,Standard Class,CUST-2951,Susan Stokes,Consumer,North,Massachusetts,Office Supplies,Labels,White-Rose Labels,7,17.95,0.0,125.65,69.93,55.72
ORD-11114,2021-05-04,2021-05-09,Standard Class,CUST-1978,Aaron Clayton,Consumer,East,Massachusetts,Office Supplies,Paper,Coleman Inc Paper,6,6.94,0.0,41.64,24.19,17.45
ORD-11115,2022-11-09,2022-11-14,First Class,CUST-1876,Garrett Thomas,Corporate,North,Kentucky,Office Supplies,Binders,Matthews-Johnson Binders,9,11.7,0.05,100.03,70.82,29.21
ORD-11116,2023-11-11,2023-11-14,Second Class,CUST-1572,Robert Nichols,Home Office,East,Montana,Office Supplies,Labels,"Roberts, Hall and Gonzalez Labels",8,11.12,0.05,84.51,55.74,28.77
ORD-11117,2021-09-01,2021-09-02,First Class,CUST-1680,Sean White,Consumer,South,Virginia,Furniture,Shelving,Spencer-Boone Shelving,6,149.71,0.15,763.52,433.16,330.36
ORD-11118,2021-08-26,2021-09-02,Second Class,CUST-1426,Melissa Davis,Consumer,East,Arizona,Technology,Laptops,Reeves Group Laptops,5,660.02,0.0,3300.1,1680.1,1620.0
ORD-11119,2022-08-06,2022-08-13,Second Class,CUST-1790,Michael Simpson,Home Office,West,West Virginia,Office Supplies,Storage,"Stone, Olson and Pierce Storage",4,12.37,0.05,47.01,25.78,21.23
ORD-11120,2023-04-27,2023-04-29,Same Day,CUST-2732,George Meyer,Home Office,South,Pennsylvania,Technology,Phones,Miles-Garner Phones,4,1163.1,0.0,4652.4,2433.98,2218.42
ORD-11121,2021-08-05,2021-08-11,Second Class,CUST-1258,Taylor Wood,Consumer,South,Vermont,Office Supplies,Pens & Pencils,Lowery-Medina Pens & Pencils,2,6.81,0.05,12.94,8.88,4.06
ORD-11122,2023-05-01,2023-05-04,Standard Class,CUST-2132,Mr. Roger Copeland,Corporate,East,North Dakota,Furniture,Chairs,Hernandez Ltd Chairs,10,594.07,0.0,5940.7,3445.0,2495.7
ORD-11123,2022-12-18,2022-12-22,Same Day,CUST-2993,Kathleen Holmes,Corporate,East,Louisiana,Technology,Tablets,Ross Ltd Tablets,8,257.29,0.0,2058.32,1019.21,1039.11
ORD-11124,2023-07-18,2023-07-22,Standard Class,CUST-2494,Michelle Stone,Consumer,West,Kentucky,Office Supplies,Binders,Bradley Group Binders,10,17.02,0.3,119.14,109.59,9.55
ORD-11125,2022-02-11,2022-02-15,Second Class,CUST-2896,Thomas Hess,Home Office,South,Oklahoma,Technology,Tablets,Miller-Hernandez Tablets,8,714.87,0.3,4003.27,3556.45,446.82
ORD-11126,2021-07-26,2021-08-01,Second Class,CUST-2748,Joseph Williams,Home Office,North,Kentucky,Technology,Printers,Flores LLC Printers,3,174.53,0.05,497.41,351.01,146.4
ORD-11127,2022-05-16,2022-05-23,First Class,CUST-1416,Barbara Macdonald,Corporate,East,Kansas,Furniture,Bookcases,Palmer Inc Bookcases,9,163.96,0.0,1475.64,923.19,552.45
ORD-11128,2022-05-22,2022-05-23,Second Class,CUST-1519,Mary Mendoza,Home Office,West,Illinois,Office Supplies,Storage,Johnson-Perez Storage,8,18.55,0.1,133.56,81.36,52.2
ORD-1584,2021-05-24,2021-05-26,Same Day,CUST-2845,George Barajas,Home Office,West,Montana,Furniture,Chairs,Hoffman Group Chairs,8,227.98,0.05,1732.65,900.22,832.43
ORD-11130,2023-11-29,2023-12-01,First Class,CUST-2382,Steven Owen,Consumer,South,New Mexico,Furniture,Tables,Ewing-Salas Tables,4,1111.9,0.0,4447.6,3059.1,1388.5
ORD-11131,2023-08-12,2023-08-17,Standard Class,CUST-1897,Adam Rubio,Corporate,South,Missouri,Office Supplies,Storage,"Cook, Mccall and Castro Storage",1,61.04,0.05,57.99,35.93,22.06
ORD-11132,2021-03-24,2021-03-26,Same Day,CUST-1483,Jerry Nguyen,Corporate,North,Idaho,Furniture,Bookcases,Peterson-Walker Bookcases,6,353.63,0.0,2121.78,1378.46,743.32
ORD-11133,2021-07-11,2021-07-12,Second Class,CUST-1342,Sean Schmidt,Home Office,East,Kentucky,Furniture,Shelving,"Andrews, Rose and Wood Shelving",8,123.39,0.0,987.12,659.4,327.72
ORD-11134,2021-01-11,2021-01-16,Second Class,CUST-1430,Cheyenne Smith,Home Office,West,New Mexico,Furniture,Chairs,"Smith, Grant and Kent Chairs",4,155.83,0.0,623.32,408.78,214.54
ORD-11135,2023-08-01,2023-08-05,Second Class,CUST-1109,Karen Clark,Consumer,North,California,Technology,Tablets,Brown LLC Tablets,3,778.82,0.0,2336.46,1143.35,1193.11
ORD-11136,2021-10-06,2021-10-12,Standard Class,CUST-2083,Rhonda Frederick,Corporate,South,Georgia,Technology,Laptops,"Jackson, Jones and Harris Laptops",2,1135.61,0.0,2271.22,1040.17,1231.05
ORD-11137,2021-01-28,2021-02-03,Same Day,CUST-2362,Christopher Simon,Corporate,North,Delaware,Technology,Tablets,Patterson PLC Tablets,4,635.4,0.0,2541.6,1276.14,1265.46
ORD-11138,2022-11-22,2022-11-29,Same Day,CUST-1275,Jenny Leblanc MD,Consumer,East,North Dakota,Technology,Printers,Mcconnell Group Printers,-2,171.59,0.0,343.18,166.49,176.69
ORD-11139,2021-05-16,2021-05-23,First Class,CUST-2649,Nicholas Sanders,Consumer,East,New Hampshire,Office Supplies,Binders,Cochran and Sons Binders,10,3.63,0.0,36.3,23.95,12.35
ORD-11140,2023-05-19,2023-05-22,Same Day,CUST-1793,Rebecca Patterson,Corporate,South,South Dakota,Technology,Accessories,"Heath, Mccarthy and Hall Accessories",1,91.68,0.15,77.93,47.57,30.36
ORD-11141,2021-04-21,2021-04-25,Standard Class,CUST-1981,Taylor Brady,Consumer,West,Alaska,Technology,Laptops,"Edwards, Collins and Walker Laptops",2,963.1,0.2,1540.96,1098.83,442.13
ORD-11142,2021-02-15,2021-02-19,Standard Class,CUST-1576,Derrick Simon,Home Office,North,New Jersey,Office Supplies,Paper,"Simon, Yang and Brady Paper",10,14.15,0.0,141.5,94.17,47.33
ORD-11143,2022-08-08,2022-08-09,Standard Class,CUST-2261,Paula Martinez,Corporate,West,Illinois,Office Supplies,Pens & Pencils,"Alvarez, Robinson and Wilson Pens & Pencils",3,8.0,0.15,20.4,15.06,5.34
ORD-11144,2022-12-14,2022-12-17,First Class,CUST-2936,Jessica Price,Consumer,East,Vermont,Office Supplies,Labels,Sexton-Duran Labels,8,18.46,0.0,147.68,80.15,67.53
ORD-11145,2021-08-31,2021-09-07,,CUST-1424,Isaiah Duke,Consumer,West,New Jersey,Office Supplies,Paper,Hebert-Williams Paper,5,12.53,0.0,62.65,29.12,33.53
ORD-11146,2021-01-27,2021-02-01,Same Day,CUST-1750,Nancy Jones,Corporate,North,New Jersey,Furniture,Desks,Harmon-Herman Desks,7,210.41,0.0,1472.87,852.89,619.98
ORD-11147,2023-04-17,2023-04-21,Same Day,CUST-2459,Joseph Wright,Consumer,East,Kansas,Technology,Tablets,Stewart-Cooper Tablets,2,169.81,0.3,237.73,195.99,41.74
ORD-11148,2023-04-01,2023-04-03,First Class,CUST-1035,Brandon Orr,Home Office,West,Idaho,Technology,Laptops,Cooke Group Laptops,5,1738.2,0.0,8691.0,4344.4,4346.6
ORD-11149,2022-02-23,2022-02-24,Same Day,CUST-2374,Gregory Werner,Consumer,West,Utah,Technology,Printers,"Jefferson, Zimmerman and Hernandez Printers",9,356.48,0.1,2887.49,1841.72,1045.77
ORD-11150,2023-12-11,2023-12-13,Second Class,CUST-1972,Aaron Joseph,Consumer,North,Michigan,Technology,Phones,Chase-Wagner Phones,7,1121.97,0.2,6283.03,4683.11,1599.92
ORD-11151,2021-04-14,2021-04-18,Standard Class,CUST-1254,Bryan Webb,Corporate,North,New Hampshire,Technology,Printers,Peterson-Thomas Printers,7,289.55,0.0,2026.85,1314.97,711.88
ORD-11152,2022-07-07,2022-07-12,Standard Class,CUST-2449,Kevin Young,Consumer,East,New Mexico,Technology,Accessories,Mcconnell-Steele Accessories,-10,101.71,0.0,1017.1,600.83,416.27
ORD-11153,2023-10-15,2023-10-19,First Class,CUST-2009,Sarah Carter,Home Office,South,Washington,Technology,Laptops,Leon Group Laptops,10,957.73,0.05,9098.43,5741.43,3357.0
ORD-11154,2022-08-23,2022-08-24,Same Day,CUST-1203,Victoria Patton,Consumer,South,North Dakota,Furniture,Chairs,"Roach, Taylor and Ward Chairs",10,242.9,0.0,2429.0,1431.01,997.99
ORD-11155,2023-06-14,2023-06-16,Second Class,CUST-2055,James Stokes,Home Office,East,South Dakota,Office Supplies,Pens & Pencils,Larsen LLC Pens & Pencils,8,23.91,0.0,191.28,122.52,68.76
ORD-11156,2021-12-05,2021-12-09,,CUST-1285,Paul Leach,Consumer,South,Kentucky,Furniture,Shelving,Ball and Sons Shelving,10,277.11,0.0,2771.1,1878.16,892.94
ORD-11157,2021-02-26,2021-03-04,Same Day,CUST-1194,Angela Briggs,Home Office,North,Delaware,Office Supplies,Paper,Cross-Ramsey Paper,9,33.36,0.15,255.2,146.99,108.21
ORD-11158,2021-06-21,2021-06-25,Same Day,CUST-2100,Mark Davis,Home Office,East,Delaware,Technology,Printers,"Soto, Hernandez and Torres Printers",10,435.86,0.05,4140.67,2939.27,1201.4
ORD-11159,2021-09-04,2021-09-08,First Class,CUST-2068,Jennifer Duncan,Home Office,South,Louisiana,Furniture,Shelving,Duke and Sons Shelving,2,47.94,0.3,67.12,46.46,20.66
ORD-11160,2022-06-16,2022-06-21,,CUST-1969,Gary Rhodes,Home Office,North,Alabama,Furniture,Tables,Giles-Anderson Tables,6,1462.08,0.0,8772.48,5728.14,3044.34
ORD-11161,2023-10-21,2023-10-27,Standard Class,CUST-1338,Derek Jones,Home Office,West,Colorado,Technology,Monitors,Rosario-Cordova Monitors,2,435.19,0.0,870.38,502.84,367.54
ORD-11162,2021-03-30,2021-04-04,Same Day,CUST-1529,Christian Turner,Consumer,West,Florida,Furniture,Shelving,"Williams, Burns and Harris Shelving",7,79.11,0.05,526.08,256.12,269.96
ORD-11163,2022-04-05,2022-04-08,Second Class,CUST-2595,Jonathan Flores,Corporate,West,Ohio,Technology,Printers,Smith Ltd Printers,8,302.12,0.2,1933.57,1495.01,438.56
ORD-11164,2022-05-25,2022-05-31,First Class,CUST-1052,April Miller,Corporate,West,Missouri,Technology,Printers,Good LLC Printers,10,412.8,0.2,3302.4,2245.96,1056.44
ORD-11165,2022-12-30,2023-01-04,Standard Class,CUST-1832,William Craig,Corporate,South,Idaho,Furniture,Bookcases,"Campos, Kelley and Hernandez Bookcases",8,126.74,0.0,1013.92,496.77,517.15
ORD-11166,2021-10-09,2021-10-12,Second Class,CUST-2541,Brianna Wu,Home Office,West,Rhode Island,Technology,Tablets,"Smith, Small and Campos Tablets",4,778.98,0.0,3115.92,2087.93,1027.99
ORD-11167,2021-08-20,2021-08-25,First Class,CUST-1508,Charles Gordon,Corporate,South,Iowa,Furniture,Shelving,Williams-Bright Shelving,1,57.72,0.05,54.83,40.39,14.44
ORD-11168,2021-03-31,2021-04-03,Standard Class,CUST-1820,Sharon Taylor,Corporate,North,Colorado,Technology,Accessories,Wolf Group Accessories,4,67.03,0.0,268.12,186.41,81.71
ORD-11169,2022-10-14,2022-10-20,First Class,CUST-1592,Kenneth Mills,Corporate,North,South Carolina,Technology,Printers,"Moore, Collins and Wheeler Printers",5,551.34,0.1,2481.03,1307.61,1173.42
ORD-11170,2022-06-14,2022-06-19,Standard Class,CUST-2291,Thomas Carter,Consumer,North,Montana,Furniture,Tables,Rivas Group Tables,2,674.85,0.0,1349.7,650.14,699.56
ORD-11171,2021-08-03,2021-08-10,First Class,CUST-1378,Catherine Gill,Corporate,West,New Mexico,Office Supplies,Storage,Stephens-May Storage,3,68.33,0.0,204.99,135.69,69.3
ORD-11172,2022-10-01,2022-10-06,Same Day,CUST-2827,Joshua Williams,Consumer,East,Oregon,Office Supplies,Labels,"Ali, Lambert and Thomas Labels",9,9.6,0.05,82.08,50.75,31.33
ORD-11173,2022-01-05,2022-01-06,Standard Class,CUST-1739,Allen Ramirez,Consumer,West,Georgia,Office Supplies,Labels,"Jones, Casey and Carr Labels",6,6.7,0.15,34.17,25.35,8.82
ORD-11174,2023-03-20,2023-03-22,Standard Class,CUST-2998,Craig Fisher,Home Office,South,Georgia,Furniture,Chairs,Koch-Chen Chairs,2,368.03,0.0,736.06,440.9,295.16
ORD-1025,2022-09-09,2022-09-16,Same Day,CUST-2188,Lisa Roberts,Corporate,South,Delaware,Technology,Tablets,Malone-Phillips Tablets,6,526.52,0.0,3159.12,1890.83,1268.29
ORD-11176,2022-11-01,2022-11-08,Same Day,CUST-2679,Jenna Hamilton,Corporate,East,Delaware,Technology,Printers,Anderson PLC Printers,7,558.66,0.1,3519.56,2161.07,1358.49
ORD-11177,2022-10-16,2022-10-18,Same Day,CUST-2246,Heather White,Consumer,West,South Carolina,Office Supplies,Pens & Pencils,Morris-Fernandez Pens & Pencils,8,13.27,0.0,106.16,55.96,50.2
ORD-11178,2022-01-13,2022-01-20,Same Day,CUST-1110,Stephanie Ellis,Consumer,West,Mississippi,Technology,Monitors,Mcgee-Berry Monitors,6,792.78,0.0,4756.68,3156.4,1600.28
ORD-11179,2021-12-25,2021-12-27,Same Day,CUST-2634,Michele Boyle,Corporate,West,Missouri,Furniture,Bookcases,Rowe Ltd Bookcases,6,325.61,0.0,1953.66,970.35,983.31
ORD-11180,2021-12-29,2022-01-01,Standard Class,CUST-1762,Tanya Wilson,Home Office,East,Connecticut,Office Supplies,Envelopes,Diaz-Price Envelopes,5,20.73,0.0,103.65,49.33,54.32
ORD-11181,2023-03-23,2023-03-27,Standard Class,CUST-1261,Henry Garcia,Consumer,North,Colorado,Furniture,Shelving,"Wright, Nelson and Haney Shelving",1,206.25,0.0,206.25,123.17,83.08
ORD-11182,2021-10-04,2021-10-10,Standard Class,CUST-1336,Eric Porter,Home Office,West,Missouri,Technology,Tablets,"Mueller, Thompson and Robbins Tablets",6,537.09,0.0,3222.54,1670.24,1552.3
ORD-11183,2022-12-02,2022-12-04,Second Class,CUST-2494,Shannon Jones,Corporate,North,Oregon,Technology,Monitors,"Rodriguez, Davidson and Roach Monitors",3,697.84,0.0,2093.52,1405.01,688.51
ORD-11184,2022-04-22,2022-04-27,Second Class,CUST-2632,Brenda West,Corporate,North,Indiana,Office Supplies,Labels,Hall Ltd Labels,3,8.31,0.0,24.93,11.99,12.94
ORD-11185,2022-02-08,2022-02-15,Same Day,CUST-2934,Bonnie Silva,Consumer,South,Massachusetts,Technology,Accessories,"Escobar, Gomez and Proctor Accessories",5,142.24,0.0,711.2,345.94,365.26
ORD-11186,2021-06-23,2021-06-27,Same Day,CUST-2564,Joseph Parker,Consumer,South,Michigan,Furniture,Tables,Murphy-Smith Tables,9,513.94,0.05,4394.19,2799.32,1594.87
ORD-11187,2023-08-31,2023-09-03,Same Day,CUST-1124,Dr. Barbara Dillon MD,Consumer,West,Illinois,Furniture,Bookcases,Phelps and Sons Bookcases,3,343.83,0.0,1031.49,675.54,355.95
ORD-11188,2021-10-24,2021-10-27,Second Class,CUST-2736,Krystal Davis,Consumer,East,Wyoming,Technology,Laptops,Andersen-Johnson Laptops,4,956.9,0.0,3827.6,2244.24,1583.36
ORD-11189,2023-11-20,2023-11-21,Same Day,CUST-1352,Lisa Gonzalez,Corporate,East,New Mexico,Technology,Laptops,Walker-Rivera Laptops,2,1800.97,0.05,3421.84,2075.76,1346.08
ORD-11190,2021-05-16,2021-05-20,Second Class,CUST-2442,Sarah Faulkner,Home Office,North,Tennessee,Office Supplies,Envelopes,Blake-Lutz Envelopes,5,28.8,0.0,144.0,96.44,47.56
ORD-11191,2023-11-16,2023-11-22,Second Class,CUST-1790,Christine Allen,Home Office,West,Missouri,Technology,Accessories,Thomas-Gonzalez Accessories,6,106.07,0.0,636.42,439.18,197.24
ORD-11192,2023-09-13,2023-09-18,Standard Class,CUST-1214,Tiffany Johnston,Corporate,West,New York,Furniture,Shelving,"Davis, Wells and Jarvis Shelving",3,173.77,0.2,417.05,363.0,54.05
ORD-11193,2021-09-28,2021-09-30,Same Day,CUST-2213,Dustin Thomas,Corporate,South,Vermont,Furniture,Desks,Mann LLC Desks,4,379.17,0.0,1516.68,748.87,767.81
ORD-11194,2021-11-18,2021-11-23,Same Day,CUST-2775,Briana Olson,Home Office,North,Arkansas,Furniture,Desks,"Miller, Hernandez and Scott Desks",2,362.09,0.0,724.18,492.43,231.75
ORD-1235,2021-01-05,2021-01-06,Standard Class,CUST-1944,Donna Ross,Corporate,West,Delaware,Furniture,Shelving,Leonard Group Shelving,4,184.83,0.0,739.32,365.17,374.15
ORD-11196,2021-06-21,2021-06-28,Same Day,CUST-2631,Natalie Becker,Consumer,East,Hawaii,Technology,Laptops,"Galvan, Nelson and Weeks Laptops",9,1874.06,0.15,14336.56,8103.12,6233.44
ORD-11197,2023-11-12,2023-11-19,Second Class,CUST-1862,Dale Santiago,Home Office,South,Rhode Island,Technology,Accessories,Davis Inc Accessories,9,42.93,0.0,386.37,182.08,204.29
ORD-11198,2021-02-04,2021-02-08,Standard Class,CUST-1373,Courtney Tran,Consumer,East,Vermont,Technology,Printers,"Mcmahon, Mcgee and Price Printers",10,240.85,0.0,2408.5,1203.38,1205.12
ORD-1705,2023-06-06,2023-06-12,First Class,CUST-1151,Marcus Berry,Consumer,West,New Jersey,Office Supplies,Pens & Pencils,Phillips Inc Pens & Pencils,10,23.91,0.0,239.1,110.35,128.75
ORD-11200,2023-07-05,2023-07-10,Second Class,CUST-2675,Thomas White,Home Office,East,Illinois,Office Supplies,Pens & Pencils,"Bradshaw, Cannon and Morris Pens & Pencils",2,21.95,0.1,39.51,19.77,19.74
ORD-11201,2022-08-26,2022-08-31,Second Class,CUST-2162,Sandy Guerrero,Home Office,West,Kentucky,Furniture,Tables,"Thomas, Fuentes and White Tables",10,177.9,0.0,1779.0,1044.38,734.62
ORD-11202,2023-09-21,2023-09-28,Standard Class,CUST-1759,Alexa Cruz,Home Office,West,Texas,Technology,Phones,Hopkins Inc Phones,1,806.93,0.05,766.58,563.84,202.74
ORD-11203,2021-02-15,2021-02-16,Standard Class,CUST-2564,Andre Weiss,Corporate,West,Missouri,Technology,Printers,Mora-Ortiz Printers,2,315.84,0.05,600.1,321.64,278.46
ORD-11204,2023-01-25,2023-01-27,Standard Class,CUST-1739,Brittney Stephenson,Corporate,East,Delaware,Furniture,Shelving,"Moore, Williams and Mays Shelving",3,190.1,0.0,570.3,257.47,312.83
ORD-11205,2022-01-14,2022-01-21,Second Class,CUST-2632,Julian Robinson,Home Office,South,Utah,Technology,Phones,Rojas Ltd Phones,5,686.66,0.1,3089.97,1875.52,1214.45
ORD-11206,2023-09-05,2023-09-08,First Class,CUST-1109,Jennifer Nicholson,Home Office,East,Missouri,Office Supplies,Paper,Moore Ltd Paper,10,38.47,0.0,384.7,186.67,198.03
ORD-11207,2021-04-03,2021-04-06,First Class,CUST-1005,Vanessa Wilkins PhD,Home Office,South,New York,Furniture,Bookcases,English Inc Bookcases,3,177.22,0.0,531.66,350.02,181.64
ORD-11208,2023-03-29,2023-03-31,,CUST-1839,David Morgan,Corporate,North,South Dakota,Technology,Printers,"Adams, Sharp and Massey Printers",1,338.41,0.1,304.57,157.65,146.92
ORD-11209,2022-11-03,2022-11-09,Second Class,CUST-1119,Jennifer Howell,Consumer,West,South Carolina,Office Supplies,Binders,Diaz LLC Binders,3,10.82,0.0,32.46,22.07,10.39
ORD-11210,2023-02-04,2023-02-05,Second Class,CUST-1719,Kyle Blair,Home Office,North,Maine,Furniture,Shelving,Walter-Roberts Shelving,5,87.52,0.1,393.84,204.85,188.99
ORD-11211,2022-10-08,2022-10-10,Standard Class,CUST-1089,Diane Brown,Home Office,East,New Hampshire,Technology,Laptops,Thomas Ltd Laptops,1,1404.11,0.05,1333.9,862.45,471.45
ORD-11212,2022-10-05,2022-10-11,Same Day,CUST-1525,Katherine Rivers,Home Office,North,Oklahoma,Technology,Phones,"Delgado, Harding and Scott Phones",-10,253.24,0.0,2532.4,1411.93,1120.47
ORD-11213,2023-12-05,2023-12-09,Second Class,CUST-1436,Bryce Bradley,Corporate,East,Minnesota,Furniture,Shelving,Buckley Ltd Shelving,9,244.15,0.1,1977.62,1066.18,911.44
ORD-11214,2023-11-21,2023-11-23,Standard Class,CUST-1636,Christina Green,Home Office,North,Michigan,Technology,Tablets,Rogers and Sons Tablets,8,317.11,0.1,2283.19,1644.55,638.64
ORD-11215,2023-04-06,2023-04-08,First Class,CUST-2827,Amanda Meyer,Corporate,South,North Dakota,Technology,Accessories,Hughes-Watson Accessories,1,118.28,0.0,118.28,72.86,45.42
ORD-11216,2023-12-22,2023-12-23,First Class,CUST-2117,Brianna Mcdonald,Corporate,North,Oklahoma,Furniture,Bookcases,"Cooper, Watson and Perkins Bookcases",9,252.65,0.1,2046.46,1109.29,937.17
ORD-11217,2023-10-28,2023-10-30,First Class,CUST-1651,Stephanie Phillips,Consumer,West,Rhode Island,Furniture,Tables,Meyer-Cole Tables,10,737.97,0.05,7010.72,5038.4,1972.32
ORD-11218,2022-07-21,2022-07-27,Standard Class,CUST-2269,Frank Garcia II,Corporate,East,Pennsylvania,Furniture,Bookcases,Khan PLC Bookcases,3,238.59,0.05,679.98,401.61,278.37
ORD-11219,2022-11-14,2022-11-21,Standard Class,CUST-2288,Edward Keith,Home Office,East,Kansas,Technology,Printers,Fowler-Mullins Printers,3,579.68,0.0,1739.04,1017.7,721.34
ORD-11220,2023-11-06,2023-11-10,Standard Class,CUST-1039,George Marquez DDS,Consumer,East,Missouri,Furniture,Chairs,"Cox, Gill and Graves Chairs",10,626.19,0.0,6261.9,3542.2,2719.7
ORD-11221,2023-01-30,2023-02-01,Second Class,CUST-1548,Leah Brown,Home Office,North,New Hampshire,Office Supplies,Envelopes,Sellers-Alvarez Envelopes,7,28.45,0.0,199.15,109.84,89.31
ORD-11222,2023-01-02,2023-01-09,First Class,CUST-2761,Tony Williams III,Corporate,North,Iowa,Furniture,Desks,Hughes PLC Desks,2,1198.03,0.1,2156.45,1617.4,539.05
ORD-11223,2022-06-16,2022-06-20,First Class,CUST-1065,Jennifer Young,Corporate,East,Kansas,Technology,Printers,Glover-Aguirre Printers,4,137.72,0.15,468.25,338.06,130.19
ORD-11224,2022-12-26,2023-01-01,Same Day,CUST-2318,Michael Clay,Consumer,South,Vermont,Technology,Phones,"Williams, Robbins and Cunningham Phones",8,299.89,0.1,2159.21,1109.3,1049.91
ORD-11225,2021-01-25,2021-01-27,Second Class,CUST-1006,Christopher Patrick,Corporate,East,North Dakota,Furniture,Chairs,"Cannon, Strong and Bishop Chairs",7,119.48,0.0,836.36,537.96,298.4
ORD-11226,2021-07-12,2021-07-14,First Class,CUST-2260,Sharon Robbins,Home Office,South,South Dakota,Technology,Laptops,"Woods, Davis and Sellers Laptops",7,1829.6,0.0,12807.2,7501.05,5306.15
ORD-11227,2021-05-25,2021-05-26,First Class,CUST-2166,Janet Munoz,Home Office,North,Florida,Furniture,Bookcases,Pierce Inc Bookcases,4,212.29,0.2,679.33,458.83,220.5
ORD-11228,2023-06-19,2023-06-23,Standard Class,CUST-2833,Kimberly Brown,Consumer,West,Wisconsin,Furniture,Chairs,"Adams, Atkinson and Jimenez Chairs",7,406.18,0.3,1990.28,1554.45,435.83
ORD-11229,2023-02-07,2023-02-14,Second Class,CUST-2005,Barbara Foster,Corporate,West,Oregon,Furniture,Bookcases,Best-Cook Bookcases,3,365.53,0.1,,572.69,414.24
ORD-11230,2023-02-17,2023-02-20,Standard Class,CUST-1376,Stephanie Nelson,Corporate,North,New Hampshire,Technology,Printers,"Johnson, Leonard and Martin Printers",4,250.61,0.0,1002.44,504.36,498.08
ORD-11231,2022-11-09,2022-11-16,Second Class,CUST-2612,Adam Parker,Consumer,North,Ohio,Office Supplies,Labels,Taylor Group Labels,10,6.59,0.0,65.9,33.3,32.6
ORD-11232,2023-04-28,2023-05-03,,CUST-2815,Diana Ward,Consumer,North,Wyoming,Furniture,Tables,Phillips-Brown Tables,1,1277.72,0.0,1277.72,747.79,529.93
ORD-11233,2023-07-24,2023-07-27,,CUST-2139,Sherry Carrillo,Home Office,West,Maryland,Office Supplies,Storage,Ingram-Molina Storage,3,41.09,0.05,117.11,65.78,51.33
ORD-11234,2022-04-18,2022-04-25,Same Day,CUST-2806,Katelyn Torres,Consumer,North,West Virginia,Office Supplies,Labels,Fields and Sons Labels,2,17.49,0.0,34.98,19.2,15.78
ORD-11235,2021-09-16,2021-09-17,Same Day,CUST-2640,Benjamin Jackson,Corporate,South,Maryland,Furniture,Desks,Campbell PLC Desks,6,603.33,0.05,3438.98,2434.37,1004.61
ORD-11236,2021-12-17,2021-12-18,Second Class,CUST-2609,Lauren Williams,Consumer,West,Tennessee,Technology,Accessories,"Walls, Sloan and Nelson Accessories",1,115.27,0.0,115.27,74.79,40.48
ORD-11237,2023-01-31,2023-02-03,Standard Class,CUST-2205,Jessica Harvey,Corporate,West,Massachusetts,Furniture,Chairs,Murphy and Sons Chairs,10,642.84,0.0,6428.4,3232.58,3195.82
ORD-11238,2022-04-30,2022-05-04,Standard Class,CUST-2236,Sarah Allen,Consumer,North,Alabama,Furniture,Tables,Smith Ltd Tables,2,351.12,0.0,702.24,451.74,250.5
ORD-11239,2022-09-29,2022-10-06,Second Class,CUST-2052,Deborah Norman,Consumer,South,Wisconsin,Furniture,Tables,"Liu, Mcdonald and Fernandez Tables",3,959.95,0.05,2735.86,1494.72,1241.14
ORD-11240,2022-04-14,2022-04-16,First Class,CUST-1516,Ian Nguyen,Consumer,East,Arizona,Furniture,Tables,Peterson Group Tables,1,344.27,0.0,344.27,208.74,135.53
ORD-11241,2023-01-08,2023-01-13,Standard Class,CUST-1020,Timothy Rodriguez,Home Office,South,North Dakota,Office Supplies,Storage,Davis-Williams Storage,4,79.12,0.1,284.83,219.47,65.36
ORD-11242,2023-06-18,2023-06-22,Second Class,CUST-2424,Belinda Riley,Consumer,South,Florida,Furniture,Chairs,Gillespie Group Chairs,4,184.62,0.3,516.94,356.54,160.4
ORD-11243,2021-01-06,2021-01-12,Standard Class,CUST-2464,Daniel Mendez,Home Office,South,Rhode Island,Office Supplies,Envelopes,Hill PLC Envelopes,3,8.24,0.05,23.48,13.57,9.91
ORD-11244,2021-02-16,2021-02-22,Second Class,CUST-1851,Tony Wilcox,Home Office,North,Missouri,Office Supplies,Storage,Swanson PLC Storage,7,42.17,0.2,236.15,138.08,98.07
ORD-11245,2022-06-24,2022-06-26,Second Class,CUST-2681,Dr. Jessica Harrington,Corporate,North,Arkansas,Office Supplies,Pens & Pencils,Mccoy-Allison Pens & Pencils,10,10.7,0.0,107.0,69.15,37.85
ORD-11246,2021-01-29,2021-02-03,Second Class,CUST-2812,Jeremy Nguyen,Corporate,West,South Dakota,Furniture,Tables,Williams Inc Tables,3,660.8,0.05,1883.28,1100.13,783.15
ORD-11247,2023-03-18,2023-03-21,Second Class,CUST-1587,Wanda Smith,Corporate,East,New Jersey,Office Supplies,Storage,Smith-Curtis Storage,1,76.78,0.0,76.78,44.38,32.4
ORD-11248,2022-04-06,2022-04-11,First Class,CUST-2325,Russell Williams,Home Office,West,Wyoming,Furniture,Chairs,Turner PLC Chairs,7,441.6,0.0,,1536.76,1554.44
ORD-11249,2022-06-08,2022-06-10,Standard Class,CUST-2883,Michelle Weber MD,Home Office,East,Washington,Technology,Phones,"Phillips, Chen and Garcia Phones",3,389.77,0.0,1169.31,809.35,359.96
ORD-11250,2021-07-20,2021-07-26,Standard Class,CUST-2309,Kevin Wells,Consumer,East,South Dakota,Furniture,Shelving,Meyer Inc Shelving,5,220.81,0.1,993.64,632.89,360.75
ORD-11251,2021-10-02,2021-10-08,Second Class,CUST-2939,Alexandra Rogers,Corporate,South,Ohio,Furniture,Chairs,Obrien and Sons Chairs,10,619.57,0.1,5576.13,4034.95,1541.18
ORD-11252,2022-05-09,2022-05-10,Second Class,CUST-2737,Mario Byrd,Home Office,West,Maine,Office Supplies,Envelopes,Rhodes LLC Envelopes,9,4.56,0.0,41.04,18.82,22.22
ORD-11253,2022-07-05,2022-07-09,Same Day,CUST-2201,Richard Guzman,Home Office,East,Texas,Office Supplies,Paper,Adams Inc Paper,5,25.56,0.0,127.8,75.52,52.28
ORD-11254,2023-03-03,2023-03-09,Same Day,CUST-2970,Ryan Williamson,Consumer,West,Alabama,Furniture,Bookcases,"Mclaughlin, Reyes and Rush Bookcases",6,476.68,0.3,2002.06,1480.7,521.36
ORD-11255,2022-09-20,2022-09-25,Standard Class,CUST-2557,Logan Tran,Corporate,South,Louisiana,Technology,Printers,"Shepherd, Finley and Lindsey Printers",3,145.77,0.0,437.31,297.95,139.36
ORD-11256,2023-07-18,2023-07-25,Standard Class,CUST-1753,Ellen Castro,Home Office,North,Kansas,Office Supplies,Pens & Pencils,"Jones, Hunter and Jones Pens & Pencils",7,15.24,0.0,106.68,54.39,52.29
ORD-11257,2022-05-23,2022-05-30,First Class,CUST-2672,Anthony Salinas,Consumer,East,Virginia,Office Supplies,Binders,"Pacheco, Stephens and Lambert Binders",5,17.24,0.0,86.2,51.36,34.84
ORD-11258,2021-02-07,2021-02-08,Same Day,CUST-1249,William Rodriguez,Corporate,East,California,Office Supplies,Pens & Pencils,"Gibson, West and Martinez Pens & Pencils",1,6.91,0.0,6.91,4.77,2.14
ORD-11259,2022-10-14,2022-10-16,Standard Class,CUST-2347,Angela Randall,Corporate,South,Louisiana,Technology,Monitors,Wilson and Sons Monitors,2,848.94,0.0,1697.88,1000.47,697.41
ORD-11260,2021-12-02,2021-12-09,Same Day,CUST-1051,Johnny Vargas,Home Office,West,North Dakota,Office Supplies,Labels,Lloyd-Bishop Labels,5,16.36,0.0,81.8,46.98,34.82
ORD-11261,2022-10-26,2022-10-30,Second Class,CUST-1228,Kyle Braun,Corporate,North,Hawaii,Office Supplies,Envelopes,"Underwood, Obrien and Parker Envelopes",4,25.15,0.2,80.48,55.34,25.14
ORD-11262,2022-10-29,2022-11-04,Standard Class,CUST-1074,Stanley Blair,Consumer,South,Nevada,Furniture,Chairs,Ortiz-Brewer Chairs,6,838.5,0.15,4276.35,3441.27,835.08
ORD-11263,2021-09-03,2021-09-07,Same Day,CUST-2981,Joshua Johnson,Home Office,North,North Dakota,Office Supplies,Envelopes,Howard-Harris Envelopes,3,7.81,0.0,23.43,16.08,7.35
ORD-11264,2022-12-10,2022-12-13,Standard Class,CUST-1800,Stacey Best,Consumer,North,Louisiana,Technology,Phones,Tucker-Robinson Phones,2,729.09,0.0,1458.18,728.4,729.78
ORD-11265,2022-03-13,2022-03-15,First Class,CUST-2419,Sarah Watson,Corporate,South,Iowa,Furniture,Desks,Cross Inc Desks,8,733.17,0.15,4985.56,3155.93,1829.63
ORD-11266,2022-03-31,2022-04-07,First Class,CUST-1866,Tammy Hill,Corporate,North,Kentucky,Furniture,Shelving,Nunez-Kelly Shelving,9,89.43,0.05,764.63,457.5,307.13
ORD-11267,2023-10-17,2023-10-24,Same Day,CUST-2652,Mandy Mata,Consumer,South,Colorado,Furniture,Bookcases,Byrd-Young Bookcases,8,487.68,0.0,3901.44,1938.47,1962.97
ORD-11268,2022-04-01,2022-04-06,First Class,CUST-1374,Carly Johnson,Home Office,North,Massachusetts,Office Supplies,Paper,"Reynolds, Molina and Fisher Paper",8,10.43,0.0,83.44,57.41,26.03
ORD-11269,2022-10-27,2022-10-31,First Class,CUST-1429,Megan Kerr,Consumer,South,New Jersey,Office Supplies,Envelopes,"Freeman, Diaz and Brooks Envelopes",7,24.43,0.2,136.81,97.41,39.4
ORD-11270,2021-11-12,2021-11-18,First Class,CUST-2292,Sharon Brown,Consumer,South,Montana,Technology,Monitors,King-Burke Monitors,9,839.73,0.0,7557.57,3691.81,3865.76
ORD-11271,2023-03-09,2023-03-11,First Class,CUST-2478,Jessica Mccoy,Corporate,South,Utah,Furniture,Bookcases,Jordan-Tate Bookcases,7,238.21,0.0,1667.47,1023.86,643.61
ORD-11272,2021-01-13,2021-01-17,Same Day,CUST-2144,Nathan Wagner,Corporate,North,Missouri,Technology,Accessories,"Morse, Robinson and Reese Accessories",1,26.06,0.0,26.06,17.12,8.94
ORD-11273,2023-11-08,2023-11-15,Same Day,CUST-2169,Frank Ramirez,Home Office,West,Minnesota,Furniture,Shelving,Arellano and Sons Shelving,1,124.23,0.2,99.38,76.44,22.94
ORD-11274,2021-05-29,2021-06-05,Standard Class,CUST-1137,Katherine Miller,Corporate,North,Delaware,Furniture,Bookcases,Conley-Peterson Bookcases,6,229.89,0.1,1241.41,707.4,534.01
ORD-11275,2021-07-07,2021-07-12,First Class,CUST-1433,Craig Davis,Home Office,East,Nebraska,Office Supplies,Envelopes,Harrington-Jenkins Envelopes,2,10.23,0.05,19.44,10.6,8.84
ORD-1172,2021-11-21,2021-11-27,Second Class,CUST-2335,Melissa Miles,Corporate,North,Minnesota,Office Supplies,Labels,Small and Sons Labels,-3,10.94,0.0,32.82,18.33,14.49
ORD-11277,2023-04-07,2023-04-11,Second Class,CUST-1831,Daniel George,Consumer,West,California,Technology,Accessories,Barber and Sons Accessories,3,102.63,0.0,307.89,171.65,136.24
ORD-11278,2021-02-27,2021-03-03,Second Class,CUST-2973,Bryan Williamson,Home Office,West,Florida,Technology,Laptops,Lee Inc Laptops,8,830.96,0.2,5318.14,4075.08,1243.06
ORD-11279,2023-02-22,2023-02-25,First Class,CUST-2049,Kathy Scott,Home Office,East,Wisconsin,Furniture,Shelving,"Harvey, Duke and Miranda Shelving",4,149.29,0.15,507.59,358.69,148.9
ORD-11280,2023-09-23,2023-09-30,First Class,CUST-2153,Diana Chang,Home Office,West,South Carolina,Technology,Monitors,Bates PLC Monitors,1,243.52,0.0,243.52,156.74,86.78
ORD-11281,2023-06-11,2023-06-15,Same Day,CUST-2214,Maria Mitchell,Corporate,East,Ohio,Office Supplies,Storage,Miller PLC Storage,1,10.48,0.0,10.48,5.53,4.95
ORD-11282,2021-02-17,2021-02-21,Standard Class,CUST-1451,Christopher Kirby,Corporate,South,Utah,Technology,Phones,"Mcgee, Boyd and Snyder Phones",7,1016.22,0.2,5690.83,3789.07,1901.76
ORD-11283,2023-01-04,2023-01-06,Same Day,CUST-1657,Jacob Shaw,Consumer,North,Michigan,Technology,Tablets,"Kirby, Acevedo and Lopez Tablets",5,630.42,0.05,2994.49,1505.06,1489.43
ORD-11284,2022-02-27,2022-03-03,Second Class,CUST-2747,Jason Tucker DDS,Corporate,East,West Virginia,Furniture,Bookcases,Richardson and Sons Bookcases,1,321.17,0.0,321.17,181.68,139.49
ORD-11285,2023-06-10,2023-06-12,First Class,CUST-1536,Sherri Lopez,Corporate,South,New York,Furniture,Shelving,Dunn and Sons Shelving,10,260.98,0.1,2348.82,1444.49,904.33
ORD-11286,2022-05-16,2022-05-23,Standard Class,CUST-2934,April Holland,Corporate,East,Missouri,Office Supplies,Envelopes,Romero Group Envelopes,2,9.95,0.15,16.91,13.57,3.34
ORD-1777,2021-12-17,2021-12-19,First Class,CUST-2025,Barbara Becker,Corporate,South,Georgia,Furniture,Tables,Munoz and Sons Tables,10,513.42,0.2,4107.36,3178.1,929.26
ORD-11288,2021-01-17,2021-01-24,First Class,CUST-2415,Shannon Hayes,Consumer,North,California,Furniture,Tables,"Sparks, Humphrey and Reeves Tables",4,1118.49,0.5,2236.98,2189.66,47.32
ORD-11289,2023-04-26,2023-04-29,Second Class,CUST-1270,David Olson,Consumer,North,Minnesota,Office Supplies,Paper,Austin Group Paper,5,31.34,0.2,125.36,98.32,27.04
ORD-11290,2022-04-03,2022-04-08,Same Day,CUST-2837,Natasha Cain,Home Office,East,North Carolina,Technology,Laptops,Lindsey and Sons Laptops,5,660.08,0.05,3135.38,1607.61,1527.77
ORD-11291,2023-03-14,2023-03-16,Same Day,CUST-2387,Christian Rodgers,Corporate,North,Maryland,Technology,Monitors,"Lawson, Duffy and Torres Monitors",4,734.09,0.1,2642.72,1709.52,933.2
ORD-11292,2022-09-04,2022-09-06,Standard Class,CUST-1794,Brent Gonzalez,Consumer,North,Virginia,Furniture,Tables,Diaz Group Tables,2,1459.78,0.2,2335.65,1576.92,758.73
ORD-11293,2023-04-15,2023-04-17,First Class,CUST-1068,Alexis Jenkins,Consumer,South,New Jersey,Technology,Monitors,Gentry-Brown Monitors,9,850.91,0.0,7658.19,3810.89,3847.3
ORD-11294,2023-05-02,2023-05-07,Standard Class,CUST-2347,Jennifer Ramirez,Corporate,North,South Dakota,Office Supplies,Storage,"Carter, Moore and Diaz Storage",5,30.49,0.0,152.45,93.88,58.57
ORD-11295,2021-04-13,2021-04-15,First Class,CUST-2324,Erica Lewis,Home Office,West,Louisiana,Technology,Tablets,"Shepard, Baker and Randolph Tablets",6,664.46,0.1,3588.08,2374.68,1213.4
ORD-11296,2022-04-13,2022-04-18,Second Class,CUST-2939,Frank Mason,Consumer,South,Ohio,Office Supplies,Pens & Pencils,Sanchez-Hardy Pens & Pencils,5,3.48,0.0,17.4,8.08,9.32
ORD-11297,2021-11-23,2021-11-25,Same Day,CUST-1313,John Thornton,Home Office,South,South Dakota,Technology,Tablets,Perez-Barrett Tablets,5,546.18,0.0,2730.9,1727.18,1003.72
ORD-11298,2021-02-14,2021-02-16,Second Class,CUST-1903,Reginald Walls,Consumer,North,New York,Technology,Monitors,Miller Inc Monitors,6,162.18,0.0,973.08,440.31,532.77
ORD-11299,2023-09-07,2023-09-12,,CUST-1645,Thomas Owens,Consumer,North,New Hampshire,Furniture,Tables,King-Lambert Tables,6,1200.97,0.2,5764.66,3498.42,2266.24
ORD-11300,2022-06-14,2022-06-21,Second Class,CUST-1443,James Pearson,Corporate,South,Florida,Technology,Printers,Greene-Thompson Printers,4,413.71,0.0,1654.84,1048.64,606.2
ORD-11301,2021-12-01,2021-12-07,Standard Class,CUST-2804,Cassandra Brown,Corporate,North,Rhode Island,Technology,Monitors,Fuller-Wong Monitors,8,555.14,0.0,4441.12,2795.35,1645.77
ORD-11302,2023-10-12,2023-10-15,Standard Class,CUST-2274,Sarah Walters,Home Office,South,New Hampshire,Office Supplies,Envelopes,"Brown, Turner and Smith Envelopes",5,14.17,0.1,63.76,40.32,23.44
ORD-11303,2021-10-31,2021-11-03,Same Day,CUST-1368,Amanda Rivera,Consumer,East,Hawaii,Office Supplies,Paper,Gardner Ltd Paper,9,26.25,0.0,236.25,146.34,89.91
ORD-11304,2022-06-06,2022-06-11,Same Day,CUST-1506,Gregory Clayton,Corporate,South,Iowa,Furniture,Chairs,Campos-Harper Chairs,10,738.18,0.15,6274.53,3841.76,2432.77
ORD-11305,2023-12-24,2023-12-28,Standard Class,CUST-2427,Kristy Hunt,Corporate,West,Georgia,Furniture,Desks,Hayes Group Desks,2,596.51,0.15,1014.07,550.92,463.15
ORD-11306,2022-04-07,2022-04-12,Same Day,CUST-2989,Steven Crawford,Home Office,East,Alaska,Furniture,Shelving,"Harris, Stone and Wilson Shelving",2,53.0,0.0,106.0,48.66,57.34
ORD-11307,2021-10-19,2021-10-23,Standard Class,CUST-1511,Alison Thompson,Consumer,West,Arkansas,Furniture,Bookcases,"Lane, Brock and Silva Bookcases",6,138.41,0.1,747.41,409.55,337.86
ORD-11308,2022-06-18,2022-06-23,Second Class,CUST-2962,Joseph Duffy,Consumer,South,Maine,Technology,Monitors,"Stewart, Adams and West Monitors",5,166.1,0.0,830.5,440.27,390.23
ORD-11309,2021-02-07,2021-02-10,First Class,CUST-2041,Jennifer Brooks,Home Office,East,Wisconsin,Furniture,Chairs,Smith Inc Chairs,4,647.73,0.0,2590.92,1752.01,838.91
ORD-11310,2021-05-27,2021-06-01,Same Day,CUST-2613,Darren Walters,Home Office,West,Arkansas,Technology,Printers,Rivas-Richardson Printers,3,321.6,0.0,964.8,599.23,365.57
ORD-11311,2022-10-11,2022-10-15,Second Class,CUST-2886,Frank Herman,Corporate,West,New Mexico,Office Supplies,Pens & Pencils,"Smith, Bowers and Le Pens & Pencils",3,16.35,0.0,49.05,32.83,16.22
ORD-11312,2021-06-21,2021-06-23,,CUST-2339,Michael Underwood,Corporate,South,Michigan,Office Supplies,Binders,"Smith, Lawson and Brown Binders",6,8.92,0.05,50.84,29.43,21.41
ORD-11313,2022-10-13,2022-10-16,Same Day,CUST-1823,Sherri Reyes,Consumer,West,Nevada,Technology,Tablets,Green-West Tablets,2,335.79,0.0,671.58,327.67,343.91
ORD-11314,2021-03-29,2021-04-02,First Class,CUST-1530,Bryan Buckley,Home Office,North,Nevada,Technology,Phones,Ross-Owens Phones,3,868.38,0.05,2474.88,1793.61,681.27
ORD-11315,2022-04-05,2022-04-11,Standard Class,CUST-2315,Madeline Smith,Consumer,South,California,Furniture,Shelving,Ibarra-Hernandez Shelving,4,128.31,0.0,513.24,304.59,208.65
ORD-11316,2021-08-19,2021-08-25,First Class,CUST-1891,Thomas Stephenson,Home Office,West,Massachusetts,Technology,Laptops,Anderson LLC Laptops,3,1929.66,0.15,4920.63,3924.49,996.14
ORD-11317,2021-04-30,2021-05-04,Standard Class,CUST-1273,Amanda Holland,Home Office,North,Kansas,Furniture,Tables,Bowers-Burns Tables,5,1488.18,0.2,5952.72,3836.05,2116.67
ORD-11318,2022-11-02,2022-11-09,Same Day,CUST-1822,Timothy White,Corporate,West,California,Technology,Phones,Taylor Inc Phones,9,377.66,0.2,2719.15,1796.07,923.08
ORD-11319,2021-10-16,2021-10-22,Second Class,CUST-1366,Lori Harris,Consumer,South,South Dakota,Furniture,Bookcases,"Becker, Cortez and Mccarthy Bookcases",2,401.03,0.05,761.96,397.08,364.88
ORD-11320,2021-08-19,2021-08-22,First Class,CUST-2878,Christopher Jenkins,Home Office,North,Montana,Technology,Laptops,"Mckinney, Brandt and Noble Laptops",2,1027.89,0.0,2055.78,1334.12,721.66
ORD-11321,2021-11-26,2021-12-01,First Class,CUST-2125,Elizabeth Vargas,Consumer,North,Utah,Technology,Phones,Wheeler Inc Phones,8,1062.7,0.0,8501.6,4945.48,3556.12
ORD-11322,2022-02-07,2022-02-13,Standard Class,CUST-2114,Bill Carr,Corporate,South,North Carolina,Technology,Phones,"Arnold, Lee and Jordan Phones",1,622.25,0.1,560.02,334.12,225.9
ORD-11323,2021-01-04,2021-01-07,Second Class,CUST-1855,Aimee Patton,Home Office,South,Tennessee,Technology,Laptops,Cervantes Ltd Laptops,1,1050.47,0.0,1050.47,708.84,341.63
ORD-11324,2023-06-13,2023-06-15,Same Day,CUST-2138,Sherry Morales,Consumer,West,Tennessee,Furniture,Shelving,Clay-Becker Shelving,1,239.5,0.0,239.5,135.16,104.34
ORD-11325,2023-04-05,2023-04-07,First Class,CUST-1888,Julia Peters,Home Office,East,Arizona,Furniture,Desks,Clark LLC Desks,8,335.94,0.0,2687.52,1802.84,884.68
ORD-11326,2021-11-09,2021-11-10,Second Class,CUST-2497,Darryl Hatfield,Consumer,East,Washington,Technology,Laptops,Andrews Ltd Laptops,4,1962.41,0.0,7849.64,3975.08,3874.56
ORD-11327,2023-10-07,2023-10-11,Standard Class,CUST-2547,Jacqueline Garcia,Home Office,East,Mississippi,Technology,Phones,Soto-Perkins Phones,2,937.17,0.05,1780.62,1263.14,517.48
ORD-11328,2021-09-18,2021-09-22,First Class,CUST-1239,Karen Wilson,Corporate,North,Washington,Furniture,Desks,Patterson-Larson Desks,9,106.9,0.05,914.0,451.0,463.0
ORD-11329,2021-02-04,2021-02-10,First Class,CUST-1800,Stephanie Cole,Corporate,East,Mississippi,Office Supplies,Labels,Trujillo LLC Labels,9,9.54,0.05,81.57,49.32,32.25
ORD-11330,2022-09-23,2022-09-28,Standard Class,CUST-2950,Jessica Barber,Consumer,East,Mississippi,Furniture,Tables,"Miller, Scott and Gilbert Tables",3,856.74,0.05,2441.71,1444.6,997.11
ORD-11331,2021-10-07,2021-10-12,,CUST-1549,Kenneth Zuniga,Home Office,West,Louisiana,Office Supplies,Binders,Guerra-Clark Binders,7,25.29,0.05,168.18,92.85,75.33
ORD-11332,2021-02-14,2021-02-19,Same Day,CUST-1936,Samuel Wise MD,Corporate,West,Washington,Technology,Tablets,Crawford-Fowler Tablets,-10,417.8,0.5,2089.0,2294.1,-205.1
ORD-11333,2023-10-30,2023-11-06,First Class,CUST-1496,Nathan Pierce,Corporate,West,Arizona,Office Supplies,Labels,Bailey LLC Labels,10,8.33,0.15,70.8,48.09,22.71
ORD-11334,2021-02-27,2021-03-02,Same Day,CUST-2238,Edwin Stafford,Consumer,West,South Dakota,Furniture,Bookcases,"Bernard, Peters and Cooper Bookcases",10,150.75,0.05,,898.58,533.54
ORD-11335,2021-03-22,2021-03-26,Second Class,CUST-2846,Gail Shields,Consumer,North,Michigan,Technology,Printers,Leon-Arnold Printers,2,581.72,0.15,988.92,803.12,185.8
ORD-1898,2022-01-25,2022-02-01,Second Class,CUST-1988,Derek Jones,Corporate,South,Ohio,Furniture,Desks,Butler-Simon Desks,5,397.62,0.0,1988.1,1162.85,825.25
ORD-11337,2022-04-30,2022-05-01,Standard Class,CUST-2614,Anthony Martin,Corporate,North,Oregon,Furniture,Shelving,Salinas Inc Shelving,5,231.59,0.15,984.26,641.5,342.76
ORD-11338,2022-12-30,2023-01-05,Same Day,CUST-2946,Timothy Salazar,Corporate,West,North Dakota,Technology,Laptops,Howe-Olson Laptops,6,898.0,0.1,4849.2,3621.55,1227.65
ORD-11339,2023-10-27,2023-11-03,First Class,CUST-1039,Kristen Wilson,Home Office,North,Nebraska,Office Supplies,Paper,Scott-Guerrero Paper,10,35.69,0.0,356.9,211.42,145.48
ORD-11340,2021-09-09,2021-09-10,Second Class,CUST-1620,Jeffrey White,Corporate,South,Minnesota,Furniture,Tables,Thomas-Lopez Tables,1,343.55,0.0,343.55,230.91,112.64
ORD-11341,2023-02-06,2023-02-08,Same Day,CUST-1290,Carlos Scott,Consumer,North,Rhode Island,Furniture,Shelving,Davis Ltd Shelving,7,283.92,0.0,1987.44,1355.99,631.45
ORD-11342,2022-01-06,2022-01-07,Same Day,CUST-1441,Philip Dickson,Home Office,East,North Dakota,Office Supplies,Pens & Pencils,Aguilar Inc Pens & Pencils,7,16.06,0.2,89.94,55.77,34.17
ORD-11343,2022-04-02,2022-04-07,First Class,CUST-2736,Lisa Pennington,Consumer,South,New Hampshire,Office Supplies,Paper,"Barker, Blake and Phillips Paper",5,19.22,0.0,96.1,51.07,45.03
ORD-11344,2021-04-26,2021-04-27,First Class,CUST-2348,Taylor Flores,Consumer,North,New Jersey,Office Supplies,Paper,Bartlett-Blackwell Paper,2,31.9,0.3,44.66,31.36,13.3
ORD-11345,2022-07-09,2022-07-14,Same Day,CUST-2264,Steven Maxwell,Corporate,East,Michigan,Technology,Accessories,"Harrington, Bryant and Wright Accessories",4,119.08,0.2,381.06,265.02,116.04
ORD-11346,2022-10-03,2022-10-04,Second Class,CUST-1671,Sherry Zimmerman,Corporate,East,Wisconsin,Furniture,Bookcases,"Owen, Sandoval and King Bookcases",3,303.82,0.0,911.46,489.06,422.4
ORD-11347,2022-06-14,2022-06-18,Standard Class,CUST-1471,Maria Bell,Corporate,South,Colorado,Furniture,Chairs,Carpenter PLC Chairs,1,447.87,0.0,447.87,268.64,179.23
ORD-11348,2023-08-03,2023-08-04,First Class,CUST-2650,Jonathan Roberts,Home Office,West,Missouri,Office Supplies,Binders,"Byrd, Pratt and Gross Binders",9,14.01,0.1,113.48,81.63,31.85
ORD-11349,2022-02-04,2022-02-05,Same Day,CUST-2789,Tamara King,Consumer,South,Maryland,Technology,Printers,"Schaefer, Michael and Stewart Printers",10,230.48,0.0,2304.8,1054.61,1250.19
ORD-11350,2021-12-25,2022-01-01,Standard Class,CUST-2626,Tara Miller,Consumer,West,Ohio,Technology,Accessories,"Owens, Walker and Campbell Accessories",10,82.96,0.5,414.8,478.27,-63.47
ORD-11351,2021-09-08,2021-09-12,First Class,CUST-2703,Benjamin Wu,Home Office,South,New Jersey,Furniture,Tables,Blake-Carter Tables,5,390.89,0.15,1661.28,1032.66,628.62
ORD-11352,2022-01-21,2022-01-24,Standard Class,CUST-1179,Louis Stein,Home Office,West,Delaware,Office Supplies,Envelopes,"Huff, Williams and Hebert Envelopes",9,9.11,0.0,81.99,50.95,31.04
ORD-11353,2023-03-23,2023-03-25,Standard Class,CUST-2819,Jamie Harmon,Corporate,West,Indiana,Office Supplies,Envelopes,Mccormick Group Envelopes,3,13.23,0.05,37.71,20.09,17.62
ORD-11354,2022-11-28,2022-12-02,Standard Class,CUST-2855,Michael King,Consumer,East,Kentucky,Office Supplies,Pens & Pencils,"Briggs, Santana and Rodriguez Pens & Pencils",10,3.21,0.05,30.5,18.72,11.78
ORD-11355,2022-08-27,2022-08-31,First Class,CUST-2590,Tim Williams,Home Office,East,Pennsylvania,Technology,Laptops,"Jackson, Olson and Williams Laptops",9,1585.98,0.05,13560.13,7030.57,6529.56
ORD-11356,2022-11-04,2022-11-10,First Class,CUST-2064,Tasha Watson,Consumer,North,Connecticut,Furniture,Shelving,Cohen-Smith Shelving,10,228.29,0.0,2282.9,1535.15,747.75
ORD-11357,2022-01-20,2022-01-26,Standard Class,CUST-2840,Sean Robinson,Consumer,West,Arkansas,Furniture,Chairs,"Gilbert, Johnson and Barnes Chairs",2,226.9,0.0,453.8,238.16,215.64
ORD-11358,2022-02-27,2022-03-03,First Class,CUST-2071,Nicole Kelly,Corporate,North,New York,Technology,Printers,Mccarty Inc Printers,9,470.32,0.0,4232.88,2740.69,1492.19
ORD-11359,2021-06-17,2021-06-22,Same Day,CUST-2006,Kevin Ross,Home Office,North,Iowa,Technology,Monitors,"Fischer, Sullivan and Cordova Monitors",1,694.59,0.0,694.59,332.37,362.22
ORD-11360,2021-04-07,2021-04-10,Second Class,CUST-1870,Jeremy Bartlett,Corporate,South,Rhode Island,Office Supplies,Pens & Pencils,Travis Group Pens & Pencils,1,15.26,0.1,13.73,8.57,5.16
ORD-11361,2021-01-25,2021-02-01,Standard Class,CUST-1259,David Campbell,Home Office,West,New York,Technology,Printers,Rhodes PLC Printers,6,126.5,0.1,683.1,429.72,253.38
ORD-1981,2021-09-15,2021-09-22,Standard Class,CUST-1275,Anna Parker,Home Office,East,Virginia,Technology,Accessories,"Lewis, Jordan and Snyder Accessories",2,114.22,0.05,217.02,151.78,65.24
ORD-11363,2023-10-26,2023-11-01,First Class,CUST-1124,Sabrina Jones,Consumer,East,Massachusetts,Office Supplies,Paper,Evans LLC Paper,7,18.38,0.0,128.66,83.55,45.11
ORD-11364,2021-10-14,2021-10-18,Same Day,CUST-2043,Robert Foster,Home Office,West,Mississippi,Technology,Accessories,Mercado Group Accessories,7,74.55,0.0,521.85,333.66,188.19
ORD-11365,2023-06-01,2023-06-02,Standard Class,CUST-1922,Shelley Hoover,Home Office,South,Wyoming,Furniture,Desks,Bailey-Turner Desks,4,329.88,0.15,1121.59,773.42,348.17
ORD-11366,2021-08-25,2021-08-26,Same Day,CUST-2958,James Riley,Home Office,North,Delaware,Technology,Accessories,"Jones, Jensen and Warner Accessories",7,56.8,0.15,337.96,214.41,123.55
ORD-11367,2023-05-14,2023-05-21,Standard Class,CUST-1702,Tanner Jones,Consumer,East,Hawaii,Furniture,Desks,"Clements, Bean and Hughes Desks",4,1022.15,0.0,4088.6,2396.64,1691.96
ORD-11368,2023-08-04,2023-08-07,Same Day,CUST-2096,Jason Lewis,Home Office,East,Maine,Technology,Tablets,Sutton-Farmer Tablets,5,203.43,0.0,1017.15,684.87,332.28
ORD-11369,2021-01-17,2021-01-20,Standard Class,CUST-1864,Heather Baldwin,Consumer,North,Missouri,Office Supplies,Pens & Pencils,Ortega and Sons Pens & Pencils,6,2.99,0.3,12.56,12.47,0.09
ORD-11370,2021-02-14,2021-02-19,Second Class,CUST-1856,Lisa Walton,Corporate,West,Wyoming,Office Supplies,Envelopes,Melendez LLC Envelopes,5,10.0,0.0,50.0,32.43,17.57
ORD-11371,2022-07-24,2022-07-29,Standard Class,CUST-2784,William Nguyen,Corporate,East,Utah,Office Supplies,Envelopes,Phillips LLC Envelopes,10,23.42,0.05,222.49,115.53,106.96
ORD-11372,2022-06-29,2022-07-01,Second Class,CUST-2650,Patrick Wilkinson,Home Office,North,Ohio,Technology,Accessories,"Davis, Smith and Lucas Accessories",6,43.2,0.05,246.24,124.63,121.61
ORD-11373,2023-10-29,2023-11-05,Standard Class,CUST-2010,Russell Kane,Consumer,West,Alabama,Technology,Phones,Parker Group Phones,5,1039.14,0.15,4416.35,3568.29,848.06
ORD-11374,2021-01-29,2021-02-05,Same Day,CUST-1017,Teresa Sloan,Home Office,North,Ohio,Office Supplies,Envelopes,Skinner LLC Envelopes,9,23.18,0.0,208.62,118.65,89.97
ORD-11375,2021-09-19,2021-09-23,Same Day,CUST-1341,Kimberly Mills,Consumer,East,Utah,Furniture,Chairs,Jackson-Nelson Chairs,6,852.51,0.0,5115.06,2540.0,2575.06
ORD-11376,2022-07-04,2022-07-11,First Class,CUST-2448,Joyce Mack,Home Office,West,South Dakota,Technology,Accessories,"Price, Griffin and Walker Accessories",4,128.63,0.2,411.62,248.76,162.86
ORD-11377,2021-06-04,2021-06-05,First Class,CUST-1633,Nicole Shaw,Consumer,South,Delaware,Furniture,Shelving,Gibson and Sons Shelving,5,258.11,0.0,1290.55,832.66,457.89
ORD-11378,2022-06-08,2022-06-15,Same Day,CUST-1375,James Erickson,Consumer,East,Maryland,Technology,Printers,Richards-Bryant Printers,8,362.87,0.0,2902.96,1589.21,1313.75
ORD-11379,2022-03-15,2022-03-17,,CUST-2696,Tracy Roy,Home Office,North,Iowa,Technology,Phones,Chavez-Robinson Phones,3,1041.98,0.0,3125.94,1948.94,1177.0
ORD-11380,2023-03-29,2023-04-02,Second Class,CUST-2913,Randall Arnold,Consumer,North,Mississippi,Technology,Monitors,Smith-Taylor Monitors,9,379.11,0.0,3411.99,1545.63,1866.36
ORD-11381,2023-04-19,2023-04-24,Second Class,CUST-1952,Marie Hale,Corporate,East,New York,Technology,Tablets,Johnson Ltd Tablets,4,367.89,0.0,,794.79,676.77
ORD-11382,2023-08-04,2023-08-05,Standard Class,CUST-2340,Monica Romero,Corporate,South,Alabama,Technology,Laptops,Hayes-Brennan Laptops,4,734.09,0.0,2936.36,1660.07,1276.29
ORD-11383,2023-10-13,2023-10-15,Same Day,CUST-2686,Kerry Williams,Corporate,East,South Dakota,Technology,Laptops,"Alvarez, Mccoy and Stewart Laptops",9,752.82,0.15,5759.07,4158.54,1600.53
ORD-11384,2021-05-21,2021-05-25,Second Class,CUST-1627,Tina Jacobs,Consumer,West,Ohio,Furniture,Bookcases,Garcia and Sons Bookcases,2,387.13,0.5,387.13,540.59,-153.46
ORD-11385,2023-03-25,2023-03-26,Second Class,CUST-2866,Ana Owens,Home Office,East,Iowa,Technology,Monitors,"Gay, Mason and Barrera Monitors",5,768.79,0.0,3843.95,1868.38,1975.57
ORD-11386,2022-01-05,2022-01-09,Same Day,CUST-1374,Christopher Gonzalez,Corporate,East,Washington,Technology,Monitors,"King, Love and Murray Monitors",1,865.76,0.05,822.47,492.28,330.19
ORD-11387,2021-02-19,2021-02-25,Same Day,CUST-2694,Karen Martin,Home Office,East,Virginia,Office Supplies,Paper,"Pena, Olson and Cooley Paper",3,17.36,0.0,52.08,27.34,24.74
ORD-11388,2021-07-06,2021-07-08,Standard Class,CUST-1828,David Hampton,Home Office,East,Arizona,Furniture,Shelving,Jackson Ltd Shelving,7,131.2,0.0,918.4,626.84,291.56
ORD-11389,2021-05-01,2021-05-02,Same Day,CUST-1934,William Berry,Corporate,North,South Carolina,Furniture,Shelving,"Mcdowell, Lucas and Ellis Shelving",7,248.61,0.0,1740.27,984.82,755.45
ORD-11390,2021-09-25,2021-09-26,Standard Class,CUST-1826,Mrs. Pam Carroll,Home Office,South,Oklahoma,Furniture,Desks,Harris-Hogan Desks,9,582.15,0.3,3667.54,3000.44,667.1
ORD-11391,2023-06-15,2023-06-18,Second Class,CUST-2032,Andrew Strong,Consumer,North,North Carolina,Office Supplies,Labels,Rose LLC Labels,3,19.32,0.15,49.27,29.98,19.29
ORD-11392,2021-05-16,2021-05-18,Second Class,CUST-2405,Evan Randolph,Home Office,South,Connecticut,Technology,Tablets,Garcia-Shepherd Tablets,7,777.55,0.0,5442.85,2462.52,2980.33
ORD-11393,2023-11-29,2023-12-03,Standard Class,CUST-2462,Stephanie Garcia,Corporate,West,Wyoming,Technology,Printers,"Rodriguez, Trujillo and Choi Printers",1,549.38,0.2,439.5,249.72,189.78
ORD-11394,2021-01-06,2021-01-07,Standard Class,CUST-1189,Joshua Hooper,Corporate,South,Arkansas,Technology,Tablets,Clark-Schmitt Tablets,1,222.3,0.0,222.3,106.65,115.65
ORD-11395,2023-03-07,2023-03-08,Same Day,CUST-1614,Jonathan Bowers,Home Office,North,Hawaii,Technology,Monitors,"Ross, Thompson and Gray Monitors",4,664.13,0.2,2125.22,1605.72,519.5
ORD-11396,2023-11-21,2023-11-24,Standard Class,CUST-1243,Adam Ruiz,Consumer,South,Oregon,Furniture,Tables,"Tran, Anderson and Meyers Tables",5,782.44,0.0,3912.2,2558.52,1353.68
ORD-11397,2021-10-17,2021-10-24,First Class,CUST-1307,Gabriel Wall,Consumer,South,Virginia,Office Supplies,Paper,Kidd Inc Paper,9,56.13,0.2,404.14,268.97,135.17
ORD-11398,2023-07-04,2023-07-07,Second Class,CUST-2223,Sergio Young,Corporate,East,Minnesota,Furniture,Bookcases,Sparks LLC Bookcases,1,414.16,0.0,414.16,228.94,185.22
ORD-11399,2021-02-02,2021-02-09,Standard Class,CUST-2864,Michele Edwards,Consumer,South,South Carolina,Furniture,Bookcases,Nelson LLC Bookcases,7,439.82,0.0,3078.74,1491.61,1587.13
ORD-11400,2021-10-16,2021-10-17,Standard Class,CUST-1143,Abigail Morrison,Corporate,East,New York,Technology,Accessories,Cisneros-Vazquez Accessories,8,41.15,0.05,312.74,221.44,91.3
ORD-11401,2022-04-01,2022-04-04,Second Class,CUST-1603,Chelsea Holloway,Consumer,South,Ohio,Furniture,Bookcases,Mora Ltd Bookcases,8,458.13,0.0,3665.04,1795.66,1869.38
ORD-11402,2023-05-08,2023-05-09,First Class,CUST-2995,Jessica Harris,Corporate,East,New York,Furniture,Chairs,"Collins, Jones and Farrell Chairs",9,893.84,0.3,5631.19,3853.74,1777.45
ORD-11403,2022-06-26,2022-06-30,Same Day,CUST-1261,Rachel Rosario,Home Office,South,Arkansas,Furniture,Chairs,Warner-Mitchell Chairs,7,315.23,0.0,2206.61,1113.82,1092.79
ORD-11404,2023-05-25,2023-05-26,Second Class,CUST-2341,Steven Sanders,Corporate,East,Maryland,Furniture,Desks,Boyd-Moore Desks,1,604.11,0.0,604.11,408.39,195.72
ORD-11405,2022-09-18,2022-09-24,First Class,CUST-1900,Sara Brandt,Corporate,South,Missouri,Technology,Phones,Conway-Freeman Phones,7,935.43,0.1,5893.21,4134.1,1759.11
ORD-1511,2022-02-24,2022-03-02,Second Class,CUST-1531,Ray Alvarez,Consumer,East,Montana,Furniture,Bookcases,Meza Ltd Bookcases,1,228.44,0.0,228.44,143.87,84.57
ORD-11407,2021-09-16,2021-09-23,First Class,CUST-1807,Kimberly Jacobson,Corporate,North,South Dakota,Furniture,Tables,"Jones, Brown and Hodges Tables",7,234.64,0.05,1560.36,1046.86,513.5
ORD-11408,2022-07-20,2022-07-21,Same Day,CUST-1905,Heather Sherman,Corporate,West,Rhode Island,Furniture,Tables,Peters-Washington Tables,7,1289.28,0.2,7219.97,5992.41,1227.56
ORD-11409,2023-01-11,2023-01-12,Second Class,CUST-1222,Eric Morrison,Home Office,East,Iowa,Furniture,Bookcases,Gonzalez-Reed Bookcases,5,407.65,0.0,2038.25,1242.88,795.37
ORD-11410,2022-09-22,2022-09-23,First Class,CUST-2513,Timothy Rubio,Corporate,South,Wisconsin,Furniture,Shelving,Hamilton Inc Shelving,5,165.68,0.3,579.88,540.88,39.0
ORD-11411,2021-12-19,2021-12-20,First Class,CUST-1566,Amber Stevens,Corporate,North,Hawaii,Technology,Monitors,Holmes-Jordan Monitors,7,215.16,0.15,1280.2,774.44,505.76
ORD-11412,2021-01-06,2021-01-13,Standard Class,CUST-1461,Samantha Fields,Corporate,East,New York,Technology,Laptops,"Bryant, Contreras and Matthews Laptops",10,1538.81,0.0,15388.1,8708.12,6679.98
ORD-11413,2023-04-10,2023-04-13,Same Day,CUST-2734,Loretta Campos,Consumer,North,Wyoming,Furniture,Shelving,"Rocha, Higgins and Thomas Shelving",2,249.64,0.05,474.32,348.63,125.69
ORD-11414,2022-05-22,2022-05-29,First Class,CUST-1104,Keith Mathis,Corporate,West,New Hampshire,Technology,Monitors,"Hernandez, Baker and Estrada Monitors",6,218.33,0.0,1309.98,827.32,482.66
ORD-11415,2021-12-01,2021-12-02,Same Day,CUST-2217,Kevin Merritt,Corporate,North,California,Technology,Monitors,Watson-Estrada Monitors,2,522.5,0.1,940.5,485.52,454.98
ORD-11416,2023-10-14,2023-10-20,Same Day,CUST-2560,Jorge White,Home Office,West,West Virginia,Technology,Laptops,Mckinney-Thornton Laptops,1,1730.62,0.2,1384.5,882.92,501.58
ORD-11417,2021-04-15,2021-04-21,First Class,CUST-2327,Julie Ali,Corporate,West,New Hampshire,Technology,Accessories,Elliott LLC Accessories,7,24.69,0.2,138.26,104.43,33.83
ORD-11418,2021-12-06,2021-12-12,Same Day,CUST-1340,Mark Ramos,Home Office,West,Minnesota,Furniture,Bookcases,"Williams, Noble and Kelley Bookcases",1,441.63,0.05,419.55,236.02,183.53
ORD-11419,2021-08-05,2021-08-09,Second Class,CUST-1227,Jessica Briggs,Home Office,West,Illinois,Furniture,Chairs,Wells Group Chairs,8,466.77,0.05,3547.45,2563.03,984.42
ORD-11420,2021-09-05,2021-09-10,Same Day,CUST-1464,Justin Fisher,Consumer,West,Maine,Technology,Monitors,Johnson LLC Monitors,10,820.32,0.2,6562.56,4697.17,1865.39
ORD-11421,2023-01-21,2023-01-28,Standard Class,CUST-2025,Michael Wolfe,Consumer,North,New Jersey,Office Supplies,Labels,Hudson Group Labels,1,17.54,0.0,17.54,11.03,6.51
ORD-11422,2021-11-29,2021-12-06,Second Class,CUST-2616,Michael Patel,Corporate,West,Washington,Technology,Accessories,Gonzalez Inc Accessories,5,45.97,0.0,229.85,158.83,71.02
ORD-11423,2023-01-01,2023-01-02,Same Day,CUST-1503,Tracy Huff,Home Office,East,Montana,Furniture,Bookcases,"Joseph, Hunter and Rodriguez Bookcases",5,432.64,0.0,2163.2,1342.4,820.8
ORD-11424,2021-01-10,2021-01-14,First Class,CUST-1745,Renee Gibbs,Consumer,East,Missouri,Furniture,Desks,"White, Lamb and Hunt Desks",1,198.39,0.1,178.55,108.54,70.01
ORD-11425,2023-10-28,2023-10-29,Second Class,CUST-2869,Charles Cummings,Consumer,West,North Carolina,Technology,Printers,"Allen, Daniels and Crawford Printers",2,521.24,0.05,990.36,692.02,298.34
ORD-11426,2023-09-03,2023-09-09,Standard Class,CUST-2126,Jennifer Willis,Corporate,East,Arizona,Furniture,Chairs,Weeks-Rose Chairs,6,747.52,0.15,3812.35,2098.22,1714.13
ORD-11427,2021-07-11,2021-07-12,First Class,CUST-2803,Steven Hernandez,Corporate,West,Rhode Island,Office Supplies,Envelopes,Bennett LLC Envelopes,4,24.44,0.1,87.98,57.43,30.55
ORD-11428,2023-08-26,2023-08-28,Same Day,CUST-2566,Jeremy Garrett,Consumer,South,Ohio,Office Supplies,Pens & Pencils,Hernandez-Tucker Pens & Pencils,3,19.68,0.0,59.04,28.37,30.67
ORD-11429,2023-10-17,2023-10-22,Second Class,CUST-1316,Bethany Sawyer,Corporate,North,Georgia,Furniture,Chairs,Smith-Martinez Chairs,8,822.78,0.0,6582.24,4220.99,2361.25
ORD-11430,2023-01-28,2023-02-04,,CUST-1959,Catherine Miller,Consumer,North,New York,Furniture,Shelving,Mitchell-Walker Shelving,4,160.08,0.1,576.29,335.0,241.29
ORD-11431,2022-06-24,2022-07-01,Same Day,CUST-2313,Stephen Christian,Consumer,West,Montana,Office Supplies,Paper,"Wallace, Hardy and Butler Paper",1,29.28,0.0,29.28,15.99,13.29
ORD-11432,2022-08-31,2022-09-07,Standard Class,CUST-2733,James Vasquez,Corporate,West,Kentucky,Furniture,Chairs,Miller-Ford Chairs,8,257.54,0.0,2060.32,1384.88,675.44
ORD-11433,2021-10-30,2021-11-03,Same Day,CUST-1614,Eric Glover,Consumer,West,Massachusetts,Furniture,Desks,Garcia-Thompson Desks,3,521.65,0.05,1486.7,861.83,624.87
ORD-11434,2022-02-27,2022-03-02,Second Class,CUST-2885,Richard Martinez,Corporate,West,Nevada,Office Supplies,Storage,Rodriguez-Reynolds Storage,1,27.55,0.0,27.55,18.91,8.64
ORD-11435,2021-04-17,2021-04-21,Same Day,CUST-2632,Sandra Gray,Corporate,West,North Carolina,Office Supplies,Envelopes,"Sanders, Mann and Young Envelopes",10,6.74,0.0,67.4,44.41,22.99
ORD-1807,2023-12-11,2023-12-18,First Class,CUST-1409,Nicole Frank,Home Office,West,Maine,Furniture,Desks,Blevins Inc Desks,6,294.0,0.15,1499.4,805.0,694.4
ORD-11437,2022-10-21,2022-10-25,First Class,CUST-2024,Darrell Turner,Home Office,West,Colorado,Furniture,Chairs,Atkinson-Thomas Chairs,6,864.73,0.05,4928.96,2742.41,2186.55
ORD-11438,2022-06-16,2022-06-18,Standard Class,CUST-2761,Nicholas Palmer,Corporate,South,Texas,Office Supplies,Envelopes,James LLC Envelopes,5,12.15,0.0,60.75,39.2,21.55
ORD-11439,2021-06-03,2021-06-10,Second Class,CUST-2816,Russell Olson,Corporate,West,Colorado,Office Supplies,Envelopes,Krueger-Lynch Envelopes,1,8.57,0.1,7.71,4.08,3.63
ORD-11440,2023-02-01,2023-02-02,First Class,CUST-1827,Harry Hurst,Home Office,South,Alabama,Furniture,Chairs,Schultz-Moore Chairs,2,874.34,0.0,1748.68,1172.94,575.74
ORD-11441,2022-01-02,2022-01-04,Standard Class,CUST-1846,Jason Fields,Home Office,North,Alabama,Technology,Printers,Hartman and Sons Printers,2,171.38,0.15,291.35,227.63,63.72
ORD-11442,2021-05-27,2021-05-31,Standard Class,CUST-1039,Steve Green,Consumer,North,North Dakota,Technology,Printers,"Haynes, Hughes and Woodard Printers",7,175.88,0.0,1231.16,561.8,669.36
ORD-11443,2022-01-14,2022-01-18,Standard Class,CUST-2877,Alicia Morton,Corporate,West,Alaska,Office Supplies,Binders,Sanchez-Flores Binders,1,19.49,0.2,15.59,9.74,5.85
ORD-11444,2021-01-11,2021-01-16,Same Day,CUST-2518,Mary Mckinney,Corporate,East,Utah,Furniture,Desks,Farmer-Spence Desks,8,1038.09,0.0,8304.72,4238.87,4065.85
ORD-11445,2022-04-06,2022-04-08,First Class,CUST-2552,Jeffrey Owens,Corporate,South,Florida,Office Supplies,Paper,Shelton-Russell Paper,6,13.6,0.05,77.52,49.03,28.49
ORD-11446,2023-05-30,2023-05-31,First Class,CUST-1859,Charles Washington,Corporate,West,Utah,Furniture,Chairs,Marshall and Sons Chairs,10,211.25,0.0,2112.5,1108.25,1004.25
ORD-11447,2023-09-29,2023-10-02,First Class,CUST-1765,Elizabeth Banks,Consumer,West,South Dakota,Furniture,Bookcases,Cook-Rodriguez Bookcases,8,422.59,0.15,2873.61,1694.93,1178.68
ORD-11448,2023-04-26,2023-05-03,Same Day,CUST-2117,Bradley Hall,Consumer,North,New York,Furniture,Chairs,Tucker-Foley Chairs,9,494.65,0.0,4451.85,3109.3,1342.55
ORD-11449,2022-05-03,2022-05-08,First Class,CUST-2172,Denise Cook,Consumer,South,Arkansas,Furniture,Desks,Smith PLC Desks,3,754.52,0.0,2263.56,1553.08,710.48
ORD-11450,2021-11-12,2021-11-19,Second Class,CUST-1678,Michael Alvarez,Corporate,North,North Carolina,Technology,Monitors,Richards Inc Monitors,4,411.37,0.0,1645.48,768.12,877.36
ORD-11451,2023-10-30,2023-11-06,Standard Class,CUST-2423,Melissa Jones,Consumer,South,New Jersey,Technology,Tablets,Mckinney Group Tablets,4,725.08,0.5,1450.16,1598.67,-148.51
ORD-11452,2021-02-24,2021-02-27,Second Class,CUST-2321,Heidi Carrillo,Consumer,North,Colorado,Technology,Monitors,Fisher-Mcintyre Monitors,5,806.36,0.15,3427.03,1947.62,1479.41
ORD-11453,2023-03-16,2023-03-19,Same Day,CUST-2259,Richard Reed,Consumer,North,West Virginia,Technology,Printers,Jenkins and Sons Printers,2,471.38,0.0,942.76,601.33,341.43
ORD-11454,2021-11-24,2021-11-25,Same Day,CUST-2219,Cody Burns,Corporate,North,Michigan,Technology,Monitors,Jones Group Monitors,8,332.05,0.0,2656.4,1442.22,1214.18
ORD-11455,2022-04-15,2022-04-16,Second Class,CUST-1820,Jennifer Sosa,Consumer,West,Hawaii,Furniture,Desks,Richards-Ortiz Desks,6,1091.86,0.05,6223.6,3679.03,2544.57
ORD-11456,2021-02-22,2021-02-27,Same Day,CUST-2569,Gerald Jackson,Consumer,North,Louisiana,Office Supplies,Storage,Robinson-Mcdonald Storage,9,32.3,0.05,276.16,196.64,79.52
ORD-11457,2021-08-05,2021-08-06,Second Class,CUST-1679,Herbert Lawrence,Corporate,North,New Jersey,Technology,Tablets,Mora-Watkins Tablets,9,535.51,0.2,3855.67,2399.01,1456.66
ORD-11458,2023-11-26,2023-12-03,First Class,CUST-1944,Daniel Livingston,Home Office,South,Wisconsin,Office Supplies,Paper,"Sampson, Gilbert and Carpenter Paper",3,19.9,0.0,59.7,39.42,20.28
ORD-11459,2022-04-29,2022-05-05,Second Class,CUST-2383,Alexander Thornton,Corporate,North,Mississippi,Office Supplies,Storage,Richardson LLC Storage,3,52.38,0.0,157.14,74.38,82.76
ORD-11460,2023-02-22,2023-03-01,Same Day,CUST-2803,Lori Lewis,Consumer,South,Arizona,Furniture,Desks,Jenkins Inc Desks,1,909.55,0.0,909.55,521.33,388.22
ORD-11461,2022-08-17,2022-08-21,Standard Class,CUST-1683,Jamie Russell,Home Office,East,Georgia,Furniture,Shelving,Hubbard-Bailey Shelving,7,296.41,0.0,2074.87,1176.07,898.8
ORD-11462,2023-04-09,2023-04-16,Same Day,CUST-1545,Nathan Payne,Corporate,West,Missouri,Furniture,Shelving,Page Ltd Shelving,9,177.91,0.0,1601.19,911.81,689.38
ORD-11463,2023-03-14,2023-03-16,First Class,CUST-2780,Brandi Savage,Corporate,North,California,Technology,Accessories,"Thomas, Barry and Jones Accessories",3,91.83,0.0,275.49,129.49,146.0
ORD-11464,2022-01-22,2022-01-27,First Class,CUST-2323,Sarah Lewis,Consumer,North,Idaho,Technology,Tablets,Cannon Inc Tablets,7,269.18,0.0,1884.26,1108.17,776.09
ORD-11465,2023-05-06,2023-05-10,Second Class,CUST-1081,Joseph Taylor,Consumer,West,Illinois,Technology,Monitors,Carter LLC Monitors,5,334.26,0.0,1671.3,1081.36,589.94
ORD-11466,2023-09-05,2023-09-12,First Class,CUST-2468,Frederick Taylor,Consumer,North,Idaho,Office Supplies,Paper,"Cooper, Fox and Barnes Paper",6,19.43,0.15,99.09,57.86,41.23
ORD-11467,2021-11-25,2021-11-28,Second Class,CUST-2944,Cynthia Ward,Home Office,South,Montana,Technology,Accessories,"Davidson, Sullivan and White Accessories",10,116.44,0.0,1164.4,575.69,588.71
ORD-11468,2022-10-19,2022-10-23,Second Class,CUST-2403,April Young,Home Office,West,Texas,Office Supplies,Paper,Foster PLC Paper,7,43.22,0.3,211.78,185.99,25.79
ORD-1586,2023-08-07,2023-08-09,First Class,CUST-1910,Patrick Bond,Corporate,South,Wisconsin,Technology,Phones,Thompson Ltd Phones,3,1175.62,0.0,3526.86,1874.14,1652.72
ORD-11470,2023-06-11,2023-06-14,First Class,CUST-1203,Christopher King,Corporate,East,Utah,Technology,Accessories,Baxter-Smith Accessories,4,25.59,0.15,87.01,48.45,38.56
ORD-11471,2023-05-11,2023-05-18,Same Day,CUST-1426,Kelsey Alexander,Corporate,East,New Mexico,Office Supplies,Pens & Pencils,"Mccarthy, Maldonado and Fox Pens & Pencils",4,4.67,0.0,18.68,10.63,8.05
ORD-11472,2023-11-14,2023-11-19,Same Day,CUST-2711,Dawn Davis,Corporate,South,Delaware,Technology,Tablets,Ruiz-Johnson Tablets,5,783.54,0.2,3134.16,2096.15,1038.01
ORD-11473,2022-07-02,2022-07-03,Second Class,CUST-1550,Brittany Bailey,Corporate,West,Michigan,Technology,Printers,"Lewis, Hill and Green Printers",1,442.61,0.2,354.09,228.68,125.41
ORD-11474,2023-01-28,2023-02-03,Standard Class,CUST-1280,Caleb Fernandez,Corporate,North,South Carolina,Office Supplies,Binders,Cox-Gutierrez Binders,7,21.54,0.05,143.24,100.8,42.44
ORD-11475,2021-01-07,2021-01-12,First Class,CUST-1690,Joseph Walter,Home Office,East,Minnesota,Office Supplies,Envelopes,Green Group Envelopes,4,15.63,0.05,59.39,28.32,31.07
ORD-11476,2021-02-02,2021-02-09,Second Class,CUST-1451,Dawn Craig,Corporate,North,South Dakota,Office Supplies,Envelopes,Taylor-Roberts Envelopes,3,28.48,0.0,85.44,51.05,34.39
ORD-11477,2023-07-23,2023-07-28,Same Day,CUST-1564,Carl Wilson,Consumer,West,Nevada,Office Supplies,Envelopes,Murphy Inc Envelopes,5,14.54,0.0,72.7,38.05,34.65
ORD-11478,2023-04-29,2023-05-06,First Class,CUST-1794,Michael Bauer,Consumer,West,New Mexico,Technology,Phones,Clements-Haley Phones,2,927.74,0.05,1762.71,953.91,808.8
ORD-11479,2021-03-10,2021-03-11,First Class,CUST-2424,Savannah Olson,Consumer,North,West Virginia,Furniture,Chairs,"Murphy, Allen and Gaines Chairs",5,381.55,0.2,1526.2,1214.54,311.66
ORD-11480,2023-01-15,2023-01-19,Same Day,CUST-1691,Lawrence Cantu,Consumer,South,Mississippi,Technology,Tablets,Garcia-Swanson Tablets,1,350.24,0.1,315.22,243.09,72.13
ORD-11481,2022-03-09,2022-03-10,Standard Class,CUST-2620,Julie Jackson,Consumer,South,Tennessee,Furniture,Desks,Wilson-Schmidt Desks,7,588.63,0.05,3914.39,2518.2,1396.19
ORD-11482,2023-11-15,2023-11-19,First Class,CUST-1673,Aaron Hurst,Consumer,East,Texas,Technology,Accessories,"Blevins, Cox and Riley Accessories",7,35.68,0.2,199.81,150.75,49.06
ORD-11483,2021-12-13,2021-12-19,Same Day,CUST-2736,Lauren Davis,Home Office,West,Delaware,Furniture,Shelving,"Kemp, Knight and Wolf Shelving",1,250.17,0.0,250.17,155.09,95.08
ORD-11484,2021-10-10,2021-10-12,Standard Class,CUST-1120,Adam Tyler,Corporate,West,Idaho,Office Supplies,Paper,Stanton-Buckley Paper,6,45.8,0.15,233.58,167.41,66.17
ORD-11485,2021-05-06,2021-05-13,Same Day,CUST-2183,Jennifer Walters,Home Office,North,New York,Furniture,Chairs,Summers-Robinson Chairs,7,526.95,0.1,3319.79,1832.17,1487.62
ORD-11486,2021-11-24,2021-11-28,Standard Class,CUST-2438,Craig Reed,Corporate,South,Missouri,Office Supplies,Binders,Scott-Parsons Binders,10,37.91,0.05,360.14,224.3,135.84
ORD-11487,2022-08-21,2022-08-23,First Class,CUST-2211,Johnny Hale,Home Office,South,Wyoming,Technology,Phones,Chavez LLC Phones,1,290.44,0.05,275.92,143.16,132.76
ORD-11488,2023-05-08,2023-05-12,Standard Class,CUST-1367,Steven Hansen,Consumer,East,Alabama,Technology,Accessories,Todd-Potts Accessories,6,117.95,0.0,707.7,381.94,325.76
ORD-11489,2023-11-16,2023-11-22,Second Class,CUST-1502,Karen Thompson,Consumer,South,Nebraska,Furniture,Tables,Davis-Smith Tables,6,381.99,0.0,2291.94,1186.97,1104.97
ORD-11490,2022-07-10,2022-07-16,Standard Class,CUST-2808,Benjamin Washington,Home Office,North,Texas,Furniture,Chairs,"Nguyen, Garcia and Coffey Chairs",9,462.04,0.0,4158.36,2263.09,1895.27
ORD-11491,2021-07-10,2021-07-13,Second Class,CUST-2586,William Trevino,Consumer,North,South Carolina,Technology,Phones,Kaiser-Nguyen Phones,-5,850.49,0.2,3401.96,2608.93,793.03
ORD-11492,2023-11-17,2023-11-23,Same Day,CUST-2839,William Thomas MD,Consumer,West,Iowa,Office Supplies,Paper,Parker Group Paper,3,56.53,0.0,169.59,84.95,84.64
ORD-11493,2022-09-05,2022-09-12,Second Class,CUST-1061,Mrs. Ariel Sherman,Home Office,North,New Hampshire,Technology,Phones,"Butler, Ramirez and Wilkins Phones",3,350.22,0.05,998.13,675.15,322.98
ORD-11494,2022-07-19,2022-07-20,Second Class,CUST-1866,Donald Sanford,Home Office,North,Illinois,Office Supplies,Binders,"Oconnor, Fowler and Harper Binders",10,22.1,0.3,154.7,125.25,29.45
ORD-11495,2021-03-09,2021-03-14,Same Day,CUST-2279,William Welch,Consumer,West,Alaska,Furniture,Shelving,Moore Group Shelving,7,269.99,0.15,1606.44,913.04,693.4
ORD-11496,2023-02-21,2023-02-27,First Class,CUST-1684,John Shepherd,Home Office,West,New Mexico,Technology,Accessories,Foster Group Accessories,3,116.04,0.5,174.06,175.66,-1.6
ORD-11497,2023-02-05,2023-02-07,Second Class,CUST-1184,Dana Livingston,Consumer,South,Montana,Technology,Laptops,"Guzman, Fitzgerald and Robertson Laptops",5,850.1,0.15,3612.92,2611.54,1001.38
ORD-11498,2021-05-01,2021-05-03,Same Day,CUST-1919,Gabriel Stone,Consumer,South,Connecticut,Office Supplies,Pens & Pencils,Hayes Ltd Pens & Pencils,3,7.72,0.05,22.0,15.15,6.85
ORD-11499,2023-05-21,2023-05-24,First Class,CUST-2091,Bradley Taylor,Corporate,East,Utah,Office Supplies,Binders,Stone Group Binders,3,16.89,0.15,43.07,27.3,15.77
ORD-11500,2021-10-28,2021-10-29,First Class,CUST-1925,Nathan Harris,Corporate,South,Washington,Office Supplies,Envelopes,"Anderson, Luna and Avila Envelopes",4,3.44,0.2,11.01,9.28,1.73
ORD-11501,2023-04-06,2023-04-13,Second Class,CUST-2986,Jonathan Salazar,Home Office,West,West Virginia,Furniture,Bookcases,Ellis-Barnes Bookcases,7,181.64,0.0,1271.48,584.39,687.09
ORD-11502,2021-12-23,2021-12-25,Same Day,CUST-1380,Michelle Casey,Home Office,West,Texas,Office Supplies,Labels,Dixon-Smith Labels,6,3.33,0.05,18.98,13.26,5.72
ORD-11503,2023-07-19,2023-07-24,,CUST-2827,Kelly Morgan,Corporate,West,Alaska,Technology,Monitors,Harris-Brown Monitors,10,870.93,0.05,8273.83,4077.41,4196.42
ORD-11504,2023-09-05,2023-09-12,Second Class,CUST-1950,Brian Murphy DVM,Home Office,West,Georgia,Furniture,Shelving,"Moreno, Roman and Tucker Shelving",10,276.26,0.1,2486.34,1762.19,724.15
ORD-11505,2022-05-31,2022-06-05,First Class,CUST-1409,Erica Evans,Home Office,South,Florida,Office Supplies,Labels,Durham-Owens Labels,7,5.37,0.0,37.59,17.37,20.22
ORD-11506,2021-04-12,2021-04-18,,CUST-2904,John Pham,Corporate,South,Indiana,Furniture,Chairs,Skinner-Flores Chairs,3,206.9,0.0,620.7,324.25,296.45
ORD-11507,2021-05-25,2021-05-27,Standard Class,CUST-2057,Amanda Sanchez,Home Office,West,Mississippi,Furniture,Chairs,Jackson-Cuevas Chairs,5,864.4,0.1,3889.8,2734.84,1154.96
ORD-11508,2023-02-25,2023-02-28,Same Day,CUST-2924,Becky Johnson,Home Office,South,South Dakota,Office Supplies,Binders,Yates PLC Binders,9,36.34,0.0,327.06,215.27,111.79
ORD-11509,2023-09-20,2023-09-24,First Class,CUST-1209,Janice Hernandez,Home Office,East,Missouri,Office Supplies,Paper,"Garcia, Decker and Quinn Paper",3,23.12,0.0,69.36,31.75,37.61
ORD-11510,2023-04-04,2023-04-09,Standard Class,CUST-1970,Sara Townsend,Home Office,East,Nevada,Furniture,Shelving,Johnson Group Shelving,10,144.18,0.3,,957.83,51.43
ORD-11511,2021-11-10,2021-11-17,Same Day,CUST-2314,Kyle Phillips,Corporate,North,New Mexico,Technology,Accessories,Johnston-Park Accessories,8,140.93,0.05,1071.07,783.06,288.01
ORD-11512,2022-02-02,2022-02-06,Second Class,CUST-1828,James Guzman,Consumer,North,Rhode Island,Office Supplies,Binders,Chandler-Reese Binders,5,32.43,0.0,162.15,112.06,50.09
ORD-11513,2022-01-03,2022-01-04,First Class,CUST-2273,Frederick Murphy,Home Office,North,Texas,Technology,Phones,Hernandez Inc Phones,4,690.19,0.05,2622.72,1531.56,1091.16
ORD-11514,2022-09-28,2022-10-01,First Class,CUST-2247,Jennifer Haley,Consumer,East,North Dakota,Furniture,Desks,Smith-Wilkinson Desks,4,667.2,0.0,2668.8,1741.64,927.16
ORD-11515,2021-01-11,2021-01-17,Second Class,CUST-1156,Mathew Haas,Home Office,North,South Dakota,Office Supplies,Storage,Jordan-Ortega Storage,9,11.8,0.0,106.2,49.53,56.67
ORD-11516,2021-12-07,2021-12-14,Standard Class,CUST-1548,Kevin Gutierrez,Corporate,West,West Virginia,Office Supplies,Envelopes,Mason PLC Envelopes,9,3.92,0.15,29.99,17.98,12.01
ORD-11517,2021-06-11,2021-06-17,Standard Class,CUST-2833,Jonathan Mcintyre,Corporate,East,Illinois,Technology,Printers,Weber Group Printers,2,99.26,0.05,188.59,116.36,72.23
ORD-11518,2023-10-05,2023-10-12,Standard Class,CUST-1023,Kathy Oneal,Home Office,South,Connecticut,Office Supplies,Envelopes,Leon Group Envelopes,7,24.62,0.1,155.11,79.57,75.54
ORD-11519,2021-11-03,2021-11-05,Standard Class,CUST-2394,Christopher Wilcox,Consumer,West,Florida,Technology,Accessories,Clark-Sims Accessories,5,53.61,0.0,268.05,137.28,130.77
ORD-11520,2021-02-13,2021-02-19,Same Day,CUST-1310,Norman Ritter,Corporate,East,Louisiana,Office Supplies,Binders,Murray LLC Binders,1,31.39,0.0,31.39,16.31,15.08
ORD-11521,2022-02-22,2022-02-28,Same Day,CUST-1270,Brianna Walker,Consumer,North,Minnesota,Technology,Tablets,Mueller Group Tablets,2,603.58,0.3,845.01,605.59,239.42
ORD-11522,2023-06-04,2023-06-08,,CUST-2239,Andre Miller,Home Office,West,Delaware,Technology,Tablets,"Wilson, Taylor and James Tablets",5,790.54,0.0,3952.7,2668.08,1284.62
ORD-11523,2022-02-13,2022-02-19,First Class,CUST-1798,William Mack,Corporate,North,Nevada,Technology,Tablets,"Smith, Long and Young Tablets",2,259.32,0.05,492.71,243.61,249.1
ORD-11524,2021-09-02,2021-09-03,Second Class,CUST-1604,Donald Nguyen,Corporate,South,South Dakota,Technology,Printers,Hernandez-Werner Printers,9,359.3,0.0,3233.7,1649.97,1583.73
ORD-11525,2022-07-25,2022-07-28,Same Day,CUST-2617,Vanessa Carr,Consumer,South,Rhode Island,Technology,Laptops,Callahan-Garcia Laptops,10,1038.96,0.2,8311.68,5383.47,2928.21
ORD-11526,2023-05-13,2023-05-20,First Class,CUST-1835,Julie Obrien,Consumer,West,Arkansas,Furniture,Desks,Kerr-Fitzpatrick Desks,2,187.92,0.0,375.84,223.3,152.54
ORD-11527,2023-02-27,2023-02-28,,CUST-1265,David Reyes,Corporate,West,Massachusetts,Technology,Monitors,Serrano Ltd Monitors,10,395.04,0.0,3950.4,1791.12,2159.28
ORD-11528,2023-03-22,2023-03-24,Standard Class,CUST-1090,Angela Cooper,Consumer,North,Ohio,Furniture,Tables,"Williams, Stewart and Dixon Tables",7,128.19,0.05,,413.12,439.34
ORD-11529,2021-08-31,2021-09-02,Standard Class,CUST-2308,James Barrett,Consumer,South,Iowa,Furniture,Tables,Glenn-Thomas Tables,1,487.06,0.05,462.71,290.61,172.1
ORD-11530,2023-01-21,2023-01-23,Same Day,CUST-2688,Joshua Shepherd,Consumer,West,New Mexico,Office Supplies,Binders,Ross-Stone Binders,5,3.86,0.0,19.3,11.43,7.87
ORD-11531,2023-10-07,2023-10-10,Same Day,CUST-1559,Carrie Campbell,Home Office,South,South Dakota,Technology,Laptops,Gibson LLC Laptops,9,1472.59,0.0,13253.31,8663.45,4589.86
ORD-11532,2021-07-05,2021-07-06,First Class,CUST-1247,Jessica Davis,Home Office,West,Nebraska,Technology,Printers,Williams Group Printers,9,228.63,0.3,1440.37,1041.76,398.61
ORD-11533,2023-04-12,2023-04-14,First Class,CUST-2404,Patrick Hamilton,Corporate,South,Indiana,Office Supplies,Envelopes,"Wilson, Archer and Kennedy Envelopes",4,12.46,0.0,49.84,27.39,22.45
ORD-11534,2021-07-30,2021-08-06,Standard Class,CUST-2109,Bobby Thomas,Corporate,North,Massachusetts,Technology,Phones,Oliver Group Phones,1,816.53,0.0,816.53,533.12,283.41
ORD-1201,2021-05-09,2021-05-12,Same Day,CUST-1766,Charlotte Mcfarland,Consumer,North,Virginia,Office Supplies,Paper,Wallace LLC Paper,3,21.3,0.1,57.51,34.4,23.11
ORD-11536,2023-06-21,2023-06-26,First Class,CUST-1523,Michael Graves,Corporate,North,Nevada,Technology,Phones,"Mcconnell, Booth and Foster Phones",2,430.4,0.0,860.8,462.0,398.8
ORD-11537,2023-01-19,2023-01-21,Same Day,CUST-2422,Cristina Hendrix,Corporate,North,Arkansas,Technology,Monitors,Brown-Payne Monitors,5,593.05,0.0,2965.25,1876.95,1088.3
ORD-11538,2022-09-08,2022-09-15,Same Day,CUST-1879,Alexandra Robertson,Corporate,West,Vermont,Office Supplies,Envelopes,Wells PLC Envelopes,10,15.43,0.2,123.44,98.12,25.32
ORD-11539,2023-02-06,2023-02-12,Same Day,CUST-2987,Steven Jackson DVM,Consumer,West,New Hampshire,Technology,Tablets,Aguirre-Patrick Tablets,6,302.78,0.1,1635.01,1251.17,383.84
ORD-11540,2021-12-02,2021-12-03,,CUST-1495,Willie Hudson,Consumer,South,Alabama,Office Supplies,Envelopes,Miller Group Envelopes,5,5.39,0.0,26.95,15.93,11.02
ORD-11541,2022-08-16,2022-08-19,Second Class,CUST-2887,Charles Martin,Consumer,East,Vermont,Technology,Accessories,Carey-Dawson Accessories,8,108.91,0.0,871.28,579.53,291.75
ORD-11542,2022-04-30,2022-05-05,Second Class,CUST-2476,Monica Glass,Home Office,East,Hawaii,Technology,Monitors,"Webster, Graham and Evans Monitors",8,761.61,0.0,6092.88,3410.94,2681.94
ORD-11543,2021-01-01,2021-01-02,,CUST-2558,Tyler Jones,Consumer,East,Colorado,Furniture,Desks,Alvarado-Coleman Desks,4,151.41,0.1,545.08,376.82,168.26
ORD-11544,2023-09-17,2023-09-20,Second Class,CUST-1672,Kelsey Dominguez,Corporate,East,Rhode Island,Office Supplies,Binders,"Schroeder, Delgado and Michael Binders",5,10.86,0.0,54.3,24.56,29.74
ORD-11545,2021-09-12,2021-09-13,Standard Class,CUST-2615,Jessica Keller,Corporate,South,Hawaii,Technology,Phones,"Smith, Mitchell and Walker Phones",-8,257.58,0.0,2060.64,1421.53,639.11
ORD-11546,2023-08-16,2023-08-20,Second Class,CUST-1848,Eddie Wright,Home Office,North,New Jersey,Technology,Accessories,Daniels PLC Accessories,7,31.66,0.5,110.81,127.03,-16.22
ORD-11547,2022-05-03,2022-05-07,Standard Class,CUST-1641,Catherine Wilson,Consumer,East,Washington,Office Supplies,Storage,"Ayala, Bradford and Allen Storage",8,75.0,0.0,600.0,324.23,275.77
ORD-11548,2023-10-13,2023-10-16,First Class,CUST-1889,Lisa Carey,Corporate,East,New Hampshire,Technology,Accessories,Hatfield-Davis Accessories,1,50.27,0.05,47.76,24.28,23.48
ORD-11549,2021-11-24,2021-11-25,Standard Class,CUST-1829,Brittney Oconnell,Consumer,East,South Dakota,Furniture,Desks,Rodriguez-Johnson Desks,7,570.83,0.0,3995.81,2227.36,1768.45
ORD-11550,2023-09-22,2023-09-28,First Class,CUST-2895,Courtney Hansen,Consumer,West,Texas,Furniture,Tables,Skinner-Klein Tables,5,1338.59,0.3,4685.06,3459.03,1226.03
ORD-11551,2023-11-03,2023-11-07,Standard Class,CUST-2820,David Brennan,Corporate,East,Wisconsin,Furniture,Shelving,Castillo-Moore Shelving,5,258.05,0.15,1096.71,875.4,221.31
ORD-11552,2022-04-01,2022-04-06,Same Day,CUST-1267,Keith Turner IV,Consumer,South,North Dakota,Technology,Printers,Lee-Lewis Printers,4,390.55,0.0,1562.2,752.81,809.39
ORD-11553,2022-11-27,2022-11-29,Standard Class,CUST-1149,Sabrina Hinton,Consumer,West,Iowa,Furniture,Shelving,Dawson Inc Shelving,9,192.29,0.15,,903.52,567.5
ORD-11554,2021-11-27,2021-11-30,First Class,CUST-2032,Teresa Terry,Home Office,West,Indiana,Office Supplies,Envelopes,"Fitzpatrick, Acosta and Abbott Envelopes",3,21.87,0.0,65.61,34.45,31.16
ORD-11555,2023-09-17,2023-09-18,Second Class,CUST-2736,Kirk Johnson,Corporate,North,Maine,Technology,Tablets,Humphrey PLC Tablets,9,653.33,0.0,5879.97,3591.13,2288.84
ORD-11556,2022-09-19,2022-09-23,First Class,CUST-2098,Michael Macdonald,Corporate,West,Michigan,Office Supplies,Labels,Ray Inc Labels,2,2.89,0.5,2.89,3.14,-0.25
ORD-11557,2022-05-10,2022-05-11,Same Day,CUST-1910,Joseph Santana,Consumer,South,Massachusetts,Technology,Accessories,Mcgee-Wells Accessories,7,55.44,0.1,349.27,240.44,108.83
ORD-11558,2021-01-16,2021-01-17,Same Day,CUST-1652,Melissa Bell,Home Office,West,Louisiana,Office Supplies,Paper,Jones-Dunlap Paper,9,7.79,0.0,70.11,38.57,31.54
ORD-11559,2023-01-05,2023-01-09,Same Day,CUST-1352,Sherry Rodriguez,Corporate,West,Arkansas,Furniture,Shelving,Jenkins-Bradley Shelving,5,145.65,0.0,728.25,464.55,263.7
ORD-11560,2022-08-20,2022-08-26,Same Day,CUST-1783,Nicholas Bennett,Corporate,East,Iowa,Office Supplies,Pens & Pencils,Castro-Hodge Pens & Pencils,1,2.13,0.0,2.13,1.41,0.72
ORD-11561,2022-02-18,2022-02-20,Same Day,CUST-1872,Destiny Martin,Consumer,South,Michigan,Office Supplies,Paper,Aguirre PLC Paper,5,13.46,0.15,57.21,30.37,26.84
ORD-11562,2022-09-03,2022-09-10,Same Day,CUST-1434,Sandra Kelly,Home Office,West,Tennessee,Office Supplies,Storage,Morgan-Kelley Storage,2,70.71,0.0,141.42,94.82,46.6
ORD-11563,2022-07-24,2022-07-30,Second Class,CUST-2184,Eileen Moore,Consumer,West,Alabama,Technology,Monitors,"Morris, Moody and Johnson Monitors",6,183.92,0.1,993.17,664.52,328.65
ORD-11564,2021-11-10,2021-11-15,Same Day,CUST-1797,Mitchell Lynn,Home Office,East,Oregon,Furniture,Chairs,"Morris, Suarez and Anderson Chairs",8,755.41,0.05,5741.12,3131.53,2609.59
ORD-11565,2023-11-10,2023-11-11,Same Day,CUST-2308,Ryan Johnson,Consumer,East,South Dakota,Furniture,Chairs,Rios LLC Chairs,1,325.04,0.0,325.04,186.26,138.78
ORD-11566,2021-01-03,2021-01-05,Standard Class,CUST-1301,Jasmine Little,Home Office,North,Mississippi,Furniture,Chairs,"Watson, Garcia and Nelson Chairs",10,808.38,0.15,6871.23,5623.48,1247.75
ORD-11567,2021-02-05,2021-02-09,First Class,CUST-1083,Chris Oliver,Consumer,North,Wisconsin,Technology,Laptops,"Mckinney, Burns and Martinez Laptops",9,1095.28,0.05,9364.64,5940.45,3424.19
ORD-11568,2021-08-21,2021-08-27,First Class,CUST-1871,Martin Cochran,Home Office,East,Utah,Furniture,Tables,Blankenship-Ray Tables,8,1037.68,0.0,8301.44,5719.0,2582.44
ORD-11569,2023-12-01,2023-12-08,Second Class,CUST-2920,Kevin Reed,Corporate,North,Montana,Furniture,Shelving,Santos-Jacobs Shelving,4,227.62,0.0,910.48,482.55,427.93
ORD-11570,2023-02-11,2023-02-17,Standard Class,CUST-1940,Donna Graves,Corporate,West,Oklahoma,Furniture,Tables,Brown Group Tables,4,339.66,0.0,1358.64,733.87,624.77
ORD-11571,2022-03-14,2022-03-20,,CUST-1177,Christopher Griffith,Corporate,North,Maryland,Office Supplies,Labels,Harrison LLC Labels,8,5.78,0.0,46.24,30.56,15.68
ORD-11572,2022-10-02,2022-10-06,Same Day,CUST-1047,Mary Hayes,Corporate,South,Alaska,Furniture,Chairs,Williams PLC Chairs,9,464.37,0.0,4179.33,2739.24,1440.09
ORD-11573,2021-02-25,2021-02-27,Same Day,CUST-2391,Brandon Mccarthy,Home Office,North,Oregon,Technology,Monitors,Pacheco-Hendricks Monitors,3,495.13,0.0,1485.39,1019.66,465.73
ORD-11574,2022-07-29,2022-08-05,Same Day,CUST-1661,Scott Lowery,Home Office,East,Oklahoma,Technology,Accessories,Harmon PLC Accessories,7,123.76,0.0,866.32,582.29,284.03
ORD-11575,2021-03-23,2021-03-30,Standard Class,CUST-2053,Matthew Mccoy,Consumer,East,New Jersey,Technology,Accessories,King-Delacruz Accessories,7,120.75,0.0,845.25,566.01,279.24
ORD-11576,2023-03-11,2023-03-13,First Class,CUST-2035,Brandon Wilson,Corporate,West,Maine,Furniture,Chairs,Herrera-Montgomery Chairs,10,342.73,0.0,3427.3,2063.68,1363.62
ORD-11577,2023-03-29,2023-04-04,Same Day,CUST-2293,Daniel Perkins,Home Office,North,Idaho,Office Supplies,Binders,"Fox, Jones and Brown Binders",3,22.43,0.3,47.1,34.28,12.82
ORD-11578,2023-12-08,2023-12-14,Second Class,CUST-2561,Gina Baldwin,Consumer,South,South Carolina,Furniture,Bookcases,"Ward, Wyatt and Lee Bookcases",9,384.82,0.2,2770.7,2118.76,651.94
ORD-11579,2021-09-28,2021-09-30,Standard Class,CUST-2136,Dillon Cook,Consumer,West,North Dakota,Technology,Accessories,Branch Ltd Accessories,1,125.85,0.2,100.68,58.11,42.57
ORD-11580,2023-07-20,2023-07-21,Same Day,CUST-1861,Spencer Daniels,Corporate,East,Nebraska,Furniture,Shelving,Snow-Miller Shelving,4,272.3,0.0,1089.2,655.55,433.65
ORD-11581,2021-01-28,2021-02-04,Second Class,CUST-1207,Renee Brock,Consumer,South,Colorado,Office Supplies,Labels,"Mccarthy, Moody and Nichols Labels",9,13.06,0.15,99.91,73.18,26.73
ORD-11582,2021-09-18,2021-09-24,Same Day,CUST-2235,Christopher Jones,Home Office,South,Kentucky,Technology,Printers,"Green, Castaneda and Coffey Printers",1,251.22,0.1,226.1,115.1,111.0
ORD-11583,2021-05-11,2021-05-14,Second Class,CUST-2334,Shirley Ortiz,Home Office,North,Michigan,Furniture,Bookcases,Walker Inc Bookcases,5,372.8,0.0,1864.0,874.38,989.62
ORD-11584,2023-03-17,2023-03-24,Same Day,CUST-1152,Katherine Cole,Home Office,North,Arizona,Technology,Monitors,Jenkins Inc Monitors,6,883.33,0.15,4504.98,3216.8,1288.18
ORD-11585,2022-07-01,2022-07-04,Second Class,CUST-1843,Jeffery Cooper,Corporate,East,Vermont,Furniture,Tables,Lee-Blair Tables,8,1332.11,0.05,10124.04,7389.27,2734.77
ORD-11586,2022-03-23,2022-03-25,First Class,CUST-2553,Glen Obrien,Corporate,South,Florida,Technology,Monitors,Williamson-Franco Monitors,7,764.55,0.1,4816.66,2497.16,2319.5
ORD-11587,2021-10-29,2021-11-04,Second Class,CUST-1805,Rebecca May,Home Office,South,Delaware,Technology,Printers,Williams-Mendoza Printers,8,382.79,0.0,3062.32,1916.48,1145.84
ORD-11588,2022-04-10,2022-04-12,First Class,CUST-2750,Joseph Nichols,Home Office,East,Wisconsin,Furniture,Chairs,Robinson-Irwin Chairs,2,192.1,0.0,384.2,268.55,115.65
ORD-11589,2022-03-01,2022-03-04,Same Day,CUST-1964,Robin Taylor,Home Office,East,Missouri,Technology,Tablets,Shannon LLC Tablets,5,375.52,0.05,1783.72,1063.93,719.79
ORD-11590,2023-09-25,2023-09-28,First Class,CUST-2248,Joseph Martinez,Consumer,West,Wisconsin,Office Supplies,Binders,"Reyes, Butler and Adams Binders",6,29.9,0.1,161.46,122.06,39.4
ORD-11591,2021-05-28,2021-06-03,Standard Class,CUST-1202,Eric Johns,Consumer,East,Arkansas,Technology,Phones,Smith Inc Phones,1,202.94,0.3,142.06,96.09,45.97
ORD-11592,2022-08-13,2022-08-14,Second Class,CUST-2659,Stephanie Baldwin,Home Office,South,Connecticut,Office Supplies,Envelopes,"Pugh, Young and Henson Envelopes",1,15.95,0.1,14.36,10.41,3.95
ORD-11593,2022-12-14,2022-12-20,Standard Class,CUST-2198,Stacy Armstrong,Corporate,South,Nebraska,Furniture,Tables,Lucas-Stokes Tables,4,518.29,0.3,1451.21,1153.07,298.14
ORD-11594,2021-06-09,2021-06-10,Same Day,CUST-1807,Rachel Barnes,Consumer,East,Pennsylvania,Technology,Tablets,Anderson Ltd Tablets,7,728.95,0.0,5102.65,2824.14,2278.51
ORD-11595,2021-03-23,2021-03-24,Second Class,CUST-1896,Paula Cannon,Corporate,South,Delaware,Technology,Laptops,Prince-Banks Laptops,3,788.2,0.0,2364.6,1411.89,952.71
ORD-11596,2022-07-20,2022-07-27,Standard Class,CUST-1055,Crystal Soto,Home Office,South,California,Office Supplies,Storage,Harvey-Kelly Storage,1,35.07,0.0,35.07,21.35,13.72
ORD-11597,2022-09-22,2022-09-24,Same Day,CUST-1107,Ronald Higgins,Consumer,West,New Jersey,Technology,Monitors,Brown PLC Monitors,6,732.65,0.0,4395.9,2455.42,1940.48
ORD-11598,2022-11-17,2022-11-20,First Class,CUST-1374,Haley Gutierrez,Corporate,West,Rhode Island,Technology,Phones,"Alvarado, Phelps and Morales Phones",7,951.61,0.0,6661.27,4068.11,2593.16
ORD-11599,2022-10-25,2022-10-26,,CUST-1685,Christopher Clay,Corporate,North,Nevada,Office Supplies,Pens & Pencils,"Porter, Nelson and Owens Pens & Pencils",5,20.67,0.05,98.18,71.54,26.64
ORD-11600,2021-10-16,2021-10-18,First Class,CUST-2172,Jacqueline Cole,Consumer,East,Arizona,Furniture,Desks,Keith Ltd Desks,5,1014.92,0.15,4313.41,2790.18,1523.23
ORD-11601,2023-02-05,2023-02-11,Same Day,CUST-1405,Amanda Patrick,Consumer,East,Virginia,Office Supplies,Binders,"Knapp, Powell and Stevenson Binders",2,38.4,0.0,76.8,47.92,28.88
ORD-11602,2021-01-17,2021-01-20,First Class,CUST-1499,Samantha Newman,Corporate,West,Vermont,Technology,Laptops,Woodard-Black Laptops,-10,965.0,0.0,9650.0,4665.81,4984.19
ORD-11603,2023-09-11,2023-09-13,First Class,CUST-1172,Kelsey Gilbert,Corporate,North,West Virginia,Furniture,Tables,"Ross, Leonard and Douglas Tables",9,706.4,0.0,6357.6,2955.93,3401.67
ORD-11604,2021-06-08,2021-06-13,Standard Class,CUST-2375,Jean Lane,Corporate,East,Michigan,Technology,Printers,Henry-Holmes Printers,8,199.0,0.05,1512.4,722.28,790.12
ORD-11605,2022-02-10,2022-02-12,Standard Class,CUST-1762,Matthew Taylor,Corporate,South,Iowa,Office Supplies,Pens & Pencils,"Braun, Olson and Cherry Pens & Pencils",8,4.96,0.15,33.73,22.1,11.63
ORD-11606,2022-11-18,2022-11-24,Second Class,CUST-2424,Mr. Jeffrey Bishop,Consumer,East,Maryland,Furniture,Desks,Cooper-Gilmore Desks,1,113.46,0.0,113.46,63.3,50.16
ORD-11607,2021-07-31,2021-08-03,Standard Class,CUST-2205,Andre Flores,Home Office,South,Kentucky,Technology,Monitors,Schultz-Shaw Monitors,2,366.23,0.0,732.46,417.58,314.88
ORD-11608,2022-07-24,2022-07-25,Second Class,CUST-2779,Nicole Key,Home Office,South,Oklahoma,Technology,Laptops,Richards-Berry Laptops,7,1976.35,0.0,13834.45,9175.29,4659.16
ORD-11609,2021-04-05,2021-04-12,Standard Class,CUST-1524,Mitchell Pearson,Home Office,East,Hawaii,Technology,Accessories,"Hill, Hutchinson and Anderson Accessories",6,34.65,0.0,207.9,131.97,75.93
ORD-11610,2021-08-28,2021-09-04,Second Class,CUST-2224,Patrick Wilson,Corporate,East,West Virginia,Technology,Monitors,Alvarado Group Monitors,4,581.91,0.0,2327.64,1603.37,724.27
ORD-11611,2023-06-26,2023-06-30,Same Day,CUST-2195,Brenda Wong,Home Office,West,Kentucky,Office Supplies,Envelopes,Rangel-Conway Envelopes,3,10.65,0.0,31.95,20.8,11.15
ORD-11612,2023-08-28,2023-09-03,First Class,CUST-1566,Christopher Meyer,Home Office,East,Nevada,Office Supplies,Binders,Duke and Sons Binders,1,12.9,0.1,11.61,8.22,3.39
ORD-11613,2023-02-25,2023-03-01,Standard Class,CUST-2734,Stephen Adams,Consumer,East,Minnesota,Technology,Tablets,"Savage, Yang and Patel Tablets",4,456.73,0.0,1826.92,903.21,923.71
ORD-11614,2022-09-07,2022-09-08,Standard Class,CUST-1756,Scott Jones,Consumer,South,Nebraska,Office Supplies,Storage,"Pugh, Lewis and Terry Storage",6,77.23,0.15,393.87,256.78,137.09
ORD-11615,2022-10-13,2022-10-19,First Class,CUST-2188,David Davis,Home Office,West,Washington,Office Supplies,Labels,Griffin-Sharp Labels,3,14.56,0.0,43.68,23.96,19.72
ORD-11616,2023-03-07,2023-03-11,Second Class,CUST-1211,Donald Hall,Corporate,West,Oklahoma,Technology,Accessories,"Park, Huber and Hartman Accessories",10,133.3,0.05,1266.35,667.35,599.0
ORD-11617,2022-08-10,2022-08-14,Second Class,CUST-1878,Jennifer Bright,Consumer,North,Michigan,Technology,Monitors,Williams-Alexander Monitors,7,630.72,0.3,3090.53,2221.32,869.21
ORD-11618,2021-06-08,2021-06-12,Second Class,CUST-2379,Brenda Lewis,Home Office,North,Hawaii,Office Supplies,Paper,"Walker, Wolf and Reid Paper",9,26.63,0.0,239.67,152.91,86.76
ORD-11619,2022-03-03,2022-03-07,Standard Class,CUST-2415,Vanessa Vaughn,Consumer,North,California,Technology,Phones,"Robinson, Dixon and Maldonado Phones",9,1096.94,0.1,8885.21,4499.67,4385.54
ORD-11620,2022-07-18,2022-07-23,Standard Class,CUST-1250,Ariana Flores,Corporate,West,Minnesota,Technology,Printers,Parker-Romero Printers,7,358.88,0.15,2135.34,1218.36,916.98
ORD-11621,2021-12-03,2021-12-07,First Class,CUST-2537,Tommy Stevens,Corporate,South,Maine,Technology,Tablets,Hansen-Phillips Tablets,8,649.34,0.0,5194.72,3309.9,1884.82
ORD-1404,2022-06-22,2022-06-27,First Class,CUST-2367,James Washington,Consumer,South,Minnesota,Technology,Tablets,Ruiz-Miller Tablets,3,220.78,0.1,596.11,433.94,162.17
ORD-11623,2021-02-22,2021-02-26,Standard Class,CUST-1447,Gerald Pugh,Corporate,South,New Mexico,Furniture,Tables,Leblanc-Weeks Tables,7,1089.47,0.1,6863.66,4292.64,2571.02
ORD-11624,2022-05-21,2022-05-26,Standard Class,CUST-1069,James Andrews,Consumer,South,Missouri,Furniture,Chairs,Simmons-Ellis Chairs,7,106.95,0.0,748.65,482.14,266.51
ORD-11625,2022-02-25,2022-03-03,Same Day,CUST-1576,Robert Martin,Consumer,East,Hawaii,Technology,Monitors,"Joseph, Mcintosh and Schultz Monitors",5,354.13,0.0,1770.65,1087.53,683.12
ORD-11626,2021-07-06,2021-07-07,Second Class,CUST-2184,Kelly Maldonado,Home Office,North,Vermont,Technology,Accessories,"Bates, Wright and Dean Accessories",2,18.69,0.15,31.77,26.11,5.66
ORD-11627,2023-04-08,2023-04-13,Same Day,CUST-1148,Christine Tate,Home Office,North,Washington,Technology,Laptops,Hunter-Perez Laptops,3,1787.79,0.2,4290.7,3654.91,635.79
ORD-11628,2021-11-16,2021-11-17,First Class,CUST-1871,Melissa Marshall,Consumer,West,Minnesota,Technology,Printers,Jones PLC Printers,4,155.08,0.0,620.32,319.64,300.68
ORD-11629,2023-09-12,2023-09-13,Same Day,CUST-2619,Bryan Lopez,Corporate,North,Arkansas,Furniture,Chairs,Lane Inc Chairs,10,478.24,0.0,4782.4,2539.37,2243.03
ORD-11630,2023-08-09,2023-08-15,Standard Class,CUST-2910,Erica Banks,Home Office,North,Virginia,Technology,Monitors,Jones Group Monitors,2,737.02,0.05,1400.34,775.14,625.2
ORD-11631,2021-06-03,2021-06-10,First Class,CUST-1893,Dr. Stephen Walker,Corporate,East,Kentucky,Office Supplies,Paper,Trujillo Group Paper,9,11.56,0.0,104.04,59.42,44.62
ORD-11632,2022-09-10,2022-09-15,Standard Class,CUST-1776,Andrew Robinson,Consumer,East,Washington,Office Supplies,Storage,White-Cook Storage,7,30.62,0.0,214.34,130.59,83.75
ORD-11633,2022-11-19,2022-11-21,Standard Class,CUST-2358,Marc Haas,Corporate,South,Maine,Technology,Monitors,Clark Ltd Monitors,2,631.06,0.0,1262.12,593.95,668.17
ORD-11634,2022-10-01,2022-10-02,First Class,CUST-1579,Cheyenne Peterson,Corporate,North,Oregon,Office Supplies,Paper,"Hall, Navarro and Page Paper",-5,27.36,0.15,116.28,83.99,32.29
ORD-11635,2023-11-04,2023-11-09,First Class,CUST-1119,Amy Mendoza,Consumer,East,Oklahoma,Furniture,Tables,Burke Inc Tables,10,925.57,0.1,8330.13,5563.85,2766.28
ORD-11636,2023-10-31,2023-11-03,Same Day,CUST-1377,Shannon Wilson,Corporate,North,Tennessee,Technology,Tablets,"Lowe, Howard and Patel Tablets",6,793.77,0.0,4762.62,2576.65,2185.97
ORD-11637,2021-01-17,2021-01-21,First Class,CUST-1602,Jon White,Home Office,East,New Mexico,Office Supplies,Binders,"Armstrong, Stephens and Ruiz Binders",3,17.42,0.1,47.03,28.52,18.51
ORD-11638,2023-11-15,2023-11-19,Same Day,CUST-1010,Joseph Gray,Consumer,West,Texas,Technology,Monitors,Miles Inc Monitors,7,153.82,0.05,1022.9,554.7,468.2
ORD-11639,2021-01-16,2021-01-20,Standard Class,CUST-2474,Lindsay Lucas,Consumer,North,Alaska,Office Supplies,Labels,Snyder Ltd Labels,5,12.79,0.5,31.97,37.35,-5.38
ORD-11640,2022-07-23,2022-07-27,Second Class,CUST-1394,Brandon Jackson,Corporate,East,Ohio,Office Supplies,Envelopes,"Hicks, Duffy and Deleon Envelopes",4,7.36,0.0,29.44,15.34,14.1
ORD-11641,2023-02-03,2023-02-10,Same Day,CUST-1504,Rachel Murray,Corporate,North,Wisconsin,Technology,Laptops,Parks-Johnson Laptops,1,982.09,0.1,883.88,470.38,413.5
ORD-11642,2023-06-14,2023-06-17,Second Class,CUST-2361,Jacob Gonzales,Corporate,West,Vermont,Office Supplies,Binders,"Little, Walker and Adams Binders",8,14.79,0.2,94.66,53.47,41.19
ORD-11643,2021-05-30,2021-05-31,,CUST-1589,Thomas Bowman,Home Office,East,South Carolina,Furniture,Chairs,"Stevens, Daniel and Wallace Chairs",8,571.01,0.05,4339.68,2075.27,2264.41
ORD-11644,2023-08-20,2023-08-25,Standard Class,CUST-2500,Brianna Bolton,Home Office,South,Georgia,Technology,Printers,"Mitchell, Nichols and Miller Printers",6,120.14,0.2,576.67,371.71,204.96
ORD-11645,2022-12-07,2022-12-11,Second Class,CUST-2454,Jon Hickman,Consumer,South,Wisconsin,Furniture,Chairs,Lewis-Mccall Chairs,9,223.73,0.1,1812.21,1017.87,794.34
ORD-11646,2022-05-06,2022-05-13,Same Day,CUST-1028,Tonya Lee,Corporate,East,Alabama,Office Supplies,Labels,"Roberts, Stephens and Ayala Labels",2,12.53,0.1,22.55,17.03,5.52
ORD-11647,2022-07-24,2022-07-26,First Class,CUST-2708,Pamela Carroll,Corporate,West,Illinois,Furniture,Bookcases,"Becker, Wilson and Fletcher Bookcases",8,481.44,0.15,3273.79,1753.27,1520.52
ORD-1068,2023-03-07,2023-03-10,Same Day,CUST-1926,Katherine Lopez,Corporate,East,Kansas,Furniture,Chairs,"Jackson, Hensley and Haney Chairs",6,645.37,0.2,3097.78,2447.13,650.65
ORD-11649,2022-09-05,2022-09-10,Second Class,CUST-1732,Rachel Harris,Consumer,North,North Dakota,Office Supplies,Paper,Quinn Group Paper,6,9.56,0.0,57.36,33.84,23.52
ORD-11650,2023-10-19,2023-10-26,Same Day,CUST-2794,Dakota Mcdaniel,Consumer,East,Alabama,Furniture,Bookcases,"Moss, Lopez and Pollard Bookcases",7,145.56,0.05,967.97,535.26,432.71
ORD-11651,2022-07-15,2022-07-16,First Class,CUST-1226,Bruce Richardson,Home Office,East,California,Furniture,Desks,Harrell and Sons Desks,3,364.43,0.2,874.63,701.56,173.07
ORD-11652,2021-02-28,2021-03-04,First Class,CUST-2656,Tony Pena,Corporate,North,Connecticut,Office Supplies,Binders,"Moody, Arnold and Davis Binders",7,37.86,0.05,251.77,137.93,113.84
ORD-11653,2022-11-24,2022-11-30,Second Class,CUST-2906,Gordon Cortez,Consumer,North,Michigan,Technology,Printers,Lewis-Carpenter Printers,8,165.56,0.0,1324.48,643.83,680.65
ORD-11654,2023-06-11,2023-06-15,First Class,CUST-2264,Crystal Logan,Home Office,North,Massachusetts,Office Supplies,Envelopes,"Greene, Cruz and Best Envelopes",3,17.52,0.05,49.93,34.53,15.4
ORD-11655,2023-08-09,2023-08-14,Second Class,CUST-1244,Colleen Hammond,Corporate,South,Georgia,Office Supplies,Binders,"Dougherty, Cook and Smith Binders",5,6.67,0.3,23.34,15.73,7.61
ORD-11656,2022-12-28,2023-01-04,Standard Class,CUST-2718,Douglas Melton,Consumer,South,Mississippi,Furniture,Desks,Jones and Sons Desks,7,1089.83,0.05,7247.37,5313.85,1933.52
ORD-11657,2021-08-06,2021-08-11,Same Day,CUST-1765,Lindsay Johnson,Home Office,South,Maine,Furniture,Chairs,"Carr, Sanders and Schwartz Chairs",6,327.7,0.0,1966.2,1172.37,793.83
ORD-11658,2022-12-01,2022-12-05,Standard Class,CUST-2723,Barbara Sharp,Corporate,West,Montana,Office Supplies,Labels,Williams Ltd Labels,10,10.77,0.0,107.7,64.13,43.57
ORD-1460,2021-10-20,2021-10-22,First Class,CUST-1704,Chelsea Gonzales,Home Office,South,Oregon,Furniture,Bookcases,"Boyle, Garrison and Potter Bookcases",-2,368.01,0.05,699.22,437.82,261.4
ORD-11660,2023-06-23,2023-06-29,Standard Class,CUST-1026,Kelly Park,Home Office,North,Alaska,Technology,Accessories,Romero-Mcdaniel Accessories,7,42.81,0.1,269.7,163.08,106.62
ORD-11661,2023-10-19,2023-10-23,Standard Class,CUST-1696,Patricia Bell,Consumer,East,Louisiana,Furniture,Bookcases,Washington-Carroll Bookcases,6,475.79,0.0,2854.74,1762.86,1091.88
ORD-11662,2022-10-20,2022-10-24,,CUST-1151,Jason Byrd,Home Office,North,Minnesota,Technology,Accessories,Stephens-Chavez Accessories,7,75.93,0.0,531.51,312.76,218.75
ORD-11663,2023-09-06,2023-09-12,Same Day,CUST-1277,Jesse Brown,Consumer,South,Missouri,Technology,Monitors,Reese and Sons Monitors,2,334.43,0.0,668.86,406.2,262.66
ORD-11664,2022-08-06,2022-08-12,Second Class,CUST-2866,Leslie Garcia,Corporate,North,South Dakota,Furniture,Tables,"Garcia, Baldwin and Wright Tables",6,289.88,0.05,1652.32,1059.12,593.2
ORD-11665,2023-07-18,2023-07-25,,CUST-2166,Garrett Peck,Home Office,South,Utah,Technology,Printers,"Murphy, Savage and Cook Printers",10,519.82,0.0,5198.2,3309.25,1888.95
ORD-11666,2023-09-08,2023-09-15,Same Day,CUST-1211,Jennifer Woods,Corporate,South,Maine,Technology,Accessories,"Shaw, Moore and Taylor Accessories",4,107.62,0.0,430.48,216.18,214.3
ORD-11667,2021-07-13,2021-07-14,Second Class,CUST-1062,Gregory Ingram,Corporate,East,Missouri,Furniture,Tables,Adams-Kaiser Tables,10,689.57,0.0,6895.7,3343.49,3552.21
ORD-11668,2021-10-23,2021-10-27,Second Class,CUST-2931,Kimberly Bell,Corporate,South,Oklahoma,Technology,Accessories,Smith Ltd Accessories,5,69.92,0.0,349.6,189.55,160.05
ORD-11669,2022-06-17,2022-06-22,Same Day,CUST-1872,Nathan Calderon Jr.,Consumer,South,Illinois,Technology,Phones,"Garcia, Williams and Macdonald Phones",6,1150.18,0.1,6210.97,4791.81,1419.16
ORD-11670,2021-01-12,2021-01-16,,CUST-1857,Michael Payne,Corporate,West,Florida,Office Supplies,Labels,Hudson PLC Labels,6,7.18,0.15,36.62,20.87,15.75
ORD-11671,2023-05-06,2023-05-12,Same Day,CUST-1473,Stacey Harrison,Home Office,East,Alabama,Furniture,Bookcases,Osborn and Sons Bookcases,3,437.85,0.15,1116.52,837.62,278.9
ORD-11672,2021-08-14,2021-08-17,First Class,CUST-1760,Joshua Jefferson,Consumer,South,Colorado,Furniture,Chairs,Page LLC Chairs,10,583.39,0.15,4958.81,2731.65,2227.16
ORD-11673,2023-10-07,2023-10-13,Standard Class,CUST-1280,Timothy David,Corporate,North,Kentucky,Technology,Monitors,Moses Ltd Monitors,8,369.53,0.0,2956.24,1585.2,1371.04
ORD-11674,2021-10-22,2021-10-29,Second Class,CUST-2497,John Graham,Consumer,North,Minnesota,Furniture,Bookcases,Cole LLC Bookcases,1,367.17,0.0,367.17,206.79,160.38
ORD-1201,2022-03-26,2022-04-01,Same Day,CUST-2654,Melissa Jones,Home Office,West,Rhode Island,Furniture,Bookcases,Oliver Group Bookcases,7,199.33,0.0,1395.31,769.86,625.45
ORD-11676,2023-11-27,2023-11-30,Standard Class,CUST-1794,Benjamin Perry,Corporate,South,South Carolina,Technology,Laptops,Miller Group Laptops,3,757.95,0.2,1819.08,1501.32,317.76
ORD-11677,2023-04-11,2023-04-15,Second Class,CUST-2428,Jimmy Potter,Consumer,West,Alaska,Technology,Monitors,"Jackson, Smith and Randall Monitors",8,467.14,0.1,3363.41,2327.61,1035.8
ORD-11678,2021-02-19,2021-02-24,Same Day,CUST-1573,Cindy Hall,Home Office,North,Washington,Technology,Printers,Richards Group Printers,5,412.86,0.05,1961.09,1238.27,722.82
ORD-11679,2021-01-02,2021-01-03,Second Class,CUST-1801,Sheila Elliott,Consumer,West,Idaho,Technology,Monitors,Yates Inc Monitors,10,259.18,0.0,2591.8,1700.78,891.02
ORD-11680,2021-05-06,2021-05-09,Standard Class,CUST-1713,Beth Lee,Corporate,West,Connecticut,Office Supplies,Labels,Santana Inc Labels,1,14.88,0.05,14.14,9.07,5.07
ORD-11681,2023-09-05,2023-09-08,Standard Class,CUST-1102,Glenn Bryant,Consumer,North,Rhode Island,Furniture,Bookcases,Wood-Guzman Bookcases,4,93.37,0.15,317.46,228.36,89.1
ORD-11682,2023-07-13,2023-07-18,First Class,CUST-2898,Michele Berger,Home Office,North,Oregon,Furniture,Chairs,Marshall-Ortega Chairs,7,164.55,0.05,1094.26,658.59,435.67
ORD-11683,2021-07-11,2021-07-12,Second Class,CUST-1868,Victor Craig,Home Office,West,North Carolina,Technology,Phones,Robinson and Sons Phones,2,990.31,0.0,1980.62,942.2,1038.42
ORD-11684,2022-02-18,2022-02-24,First Class,CUST-1975,Lawrence Allen,Consumer,East,Ohio,Technology,Laptops,Nelson-Williams Laptops,8,1396.25,0.15,9494.5,7017.01,2477.49
ORD-11685,2022-12-14,2022-12-18,First Class,CUST-2117,Robert Baxter,Corporate,South,Virginia,Technology,Printers,Hawkins-Estrada Printers,9,584.22,0.0,5257.98,2454.13,2803.85
ORD-11686,2021-10-18,2021-10-19,Second Class,CUST-1987,Shelby Ferguson,Corporate,North,Utah,Office Supplies,Binders,Martin-Harmon Binders,10,39.53,0.1,355.77,216.22,139.55
ORD-11687,2022-02-19,2022-02-20,Same Day,CUST-1418,Matthew Roberts,Consumer,West,Texas,Technology,Accessories,Maldonado Group Accessories,5,56.24,0.2,224.96,141.16,83.8
ORD-11688,2023-01-30,2023-02-06,Second Class,CUST-1655,Jeffrey Gonzales,Consumer,East,Alaska,Technology,Phones,Cortez-Flores Phones,7,953.95,0.05,6343.77,3121.19,3222.58
ORD-11689,2023-08-25,2023-08-27,Second Class,CUST-2308,Jacob Porter,Corporate,South,Georgia,Office Supplies,Storage,"Hill, Henderson and English Storage",4,17.45,0.0,69.8,31.54,38.26
ORD-11690,2022-08-23,2022-08-25,Standard Class,CUST-1984,Ian Ramsey,Home Office,West,Utah,Furniture,Desks,Watson-Wood Desks,8,1145.14,0.0,9161.12,5863.01,3298.11
ORD-11691,2022-07-25,2022-07-27,Second Class,CUST-2001,Shannon Harris,Consumer,North,Kansas,Technology,Laptops,"Paul, Davidson and Stone Laptops",1,1692.33,0.0,1692.33,1111.56,580.77
ORD-11692,2023-08-31,2023-09-01,Same Day,CUST-1889,Glenn Hale,Corporate,West,Oklahoma,Office Supplies,Envelopes,Moses-Sims Envelopes,8,20.78,0.5,83.12,102.98,-19.86
ORD-11693,2022-08-12,2022-08-19,Same Day,CUST-2461,Matthew Powers,Corporate,South,Illinois,Office Supplies,Storage,Lambert-Mitchell Storage,1,38.47,0.05,36.55,19.57,16.98
ORD-11694,2022-01-09,2022-01-11,Same Day,CUST-2556,Justin Baker,Corporate,South,New Mexico,Technology,Printers,Allen-Lopez Printers,7,571.39,0.1,3599.76,2757.0,842.76
ORD-11695,2022-11-17,2022-11-21,Second Class,CUST-1169,Ashlee Lopez,Corporate,North,North Carolina,Furniture,Chairs,Hendrix-Jones Chairs,6,456.1,0.1,2462.94,1752.97,709.97
ORD-1516,2023-04-02,2023-04-05,Same Day,CUST-2370,Richard Daniels,Corporate,West,Oklahoma,Furniture,Chairs,Williams-Camacho Chairs,7,115.96,0.1,730.55,371.91,358.64
ORD-11697,2022-02-28,2022-03-03,First Class,CUST-1382,Christopher Payne,Consumer,East,Connecticut,Office Supplies,Labels,Mcbride and Sons Labels,9,10.2,0.2,73.44,52.79,20.65
ORD-11698,2022-08-04,2022-08-10,Same Day,CUST-1046,Herbert Morales,Consumer,North,Idaho,Furniture,Tables,"Moore, Campbell and Gallegos Tables",2,771.35,0.15,1311.3,843.6,467.7
ORD-11699,2022-06-25,2022-07-02,Second Class,CUST-2475,Allison Wyatt DDS,Corporate,South,North Dakota,Office Supplies,Envelopes,Lee Ltd Envelopes,7,6.75,0.0,47.25,27.63,19.62
ORD-11700,2021-04-12,2021-04-13,Second Class,CUST-2617,Kristi Jenkins,Consumer,East,Pennsylvania,Office Supplies,Paper,Jacobs-Adams Paper,1,7.17,0.1,6.45,3.93,2.52
ORD-11701,2022-02-20,2022-02-26,Same Day,CUST-2485,Nichole Welch,Consumer,South,Utah,Technology,Tablets,"Jones, King and Andrews Tablets",6,165.66,0.0,993.96,546.84,447.12
ORD-11702,2021-04-30,2021-05-01,Second Class,CUST-2077,Roger Hunt,Home Office,South,Oklahoma,Office Supplies,Storage,"Roberson, Scott and Walker Storage",4,69.15,0.0,276.6,130.65,145.95
ORD-11703,2021-04-02,2021-04-04,First Class,CUST-1472,Stephanie Johnson,Corporate,East,Washington,Technology,Tablets,Sutton-Rivera Tablets,2,438.19,0.1,788.74,510.86,277.88
ORD-11704,2022-06-22,2022-06-28,Standard Class,CUST-1869,Samantha Myers,Consumer,South,Maine,Technology,Printers,Pacheco-Young Printers,10,362.75,0.1,3264.75,1841.06,1423.69
ORD-11705,2023-05-29,2023-06-03,Second Class,CUST-2771,Jennifer Meza,Home Office,East,South Carolina,Office Supplies,Storage,Bryant LLC Storage,1,21.93,0.05,20.83,13.57,7.26
ORD-11706,2021-06-30,2021-07-01,Second Class,CUST-2939,Jenna Charles,Consumer,South,Indiana,Office Supplies,Envelopes,Moore LLC Envelopes,8,29.5,0.15,200.6,155.06,45.54
ORD-11707,2021-09-13,2021-09-19,First Class,CUST-2241,Robin Medina DVM,Consumer,West,Nevada,Technology,Tablets,"Brown, Pearson and Brown Tablets",4,431.22,0.05,1638.64,817.02,821.62
ORD-11708,2021-07-21,2021-07-26,Same Day,CUST-2838,Tina Romero,Consumer,South,Kentucky,Office Supplies,Envelopes,Barr Group Envelopes,1,26.31,0.1,23.68,16.38,7.3
ORD-11709,2021-11-27,2021-12-01,Standard Class,CUST-1325,Wendy Larsen,Consumer,West,Virginia,Office Supplies,Binders,George and Sons Binders,9,19.0,0.2,136.8,104.94,31.86
ORD-11710,2023-03-21,2023-03-28,Second Class,CUST-2877,Elizabeth Glover,Home Office,North,Virginia,Office Supplies,Storage,"Smith, Taylor and Bruce Storage",9,41.07,0.0,369.63,203.03,166.6
ORD-11711,2023-09-04,2023-09-08,Standard Class,CUST-2995,Rebecca Clements,Home Office,West,Connecticut,Office Supplies,Pens & Pencils,"Molina, Moreno and Carroll Pens & Pencils",4,15.36,0.15,52.22,32.89,19.33
ORD-11712,2022-08-19,2022-08-20,Standard Class,CUST-2939,Brett Jones,Corporate,East,Colorado,Office Supplies,Pens & Pencils,Patrick-Werner Pens & Pencils,4,2.57,0.2,8.22,7.0,1.22
ORD-11713,2021-07-10,2021-07-15,First Class,CUST-1233,Jose Soto,Corporate,West,Missouri,Office Supplies,Labels,"Stevenson, Solis and Stephens Labels",10,12.49,0.0,124.9,67.16,57.74
ORD-11714,2022-01-06,2022-01-11,,CUST-2820,Benjamin Hammond,Corporate,East,Nevada,Technology,Laptops,"Hill, Castro and Martinez Laptops",6,1822.25,0.15,9293.48,5635.92,3657.56
ORD-1104,2021-11-04,2021-11-07,Second Class,CUST-2038,Mrs. Michelle Cain,Corporate,North,New Jersey,Furniture,Tables,"Roberts, Wagner and White Tables",4,1489.54,0.05,5660.25,3770.15,1890.1
ORD-11716,2022-04-11,2022-04-18,First Class,CUST-2681,Jacob Vaughan,Consumer,North,Maryland,Office Supplies,Pens & Pencils,Waller-Navarro Pens & Pencils,1,5.93,0.0,5.93,2.94,2.99
ORD-1139,2021-12-20,2021-12-24,Second Class,CUST-1531,Jason George,Home Office,West,Kansas,Office Supplies,Binders,Newton Group Binders,1,35.8,0.15,30.43,23.38,7.05
ORD-11718,2021-07-08,2021-07-15,First Class,CUST-1800,Kimberly Morgan,Home Office,East,Alaska,Office Supplies,Binders,"Johnson, Myers and Reyes Binders",5,20.37,0.5,50.93,65.74,-14.81
ORD-11719,2022-09-15,2022-09-18,Same Day,CUST-1676,Heather Johnson,Home Office,North,Michigan,Office Supplies,Envelopes,Bowers-Simpson Envelopes,8,23.98,0.0,191.84,103.68,88.16
ORD-11720,2022-02-11,2022-02-17,Same Day,CUST-1406,Theresa Ramirez,Corporate,South,Massachusetts,Office Supplies,Storage,Wells-Nguyen Storage,9,55.87,0.3,351.98,336.14,15.84
ORD-11721,2022-09-06,2022-09-11,Same Day,CUST-2762,Charles Bailey,Home Office,West,Connecticut,Furniture,Bookcases,Gallagher PLC Bookcases,7,348.16,0.05,2315.26,1692.97,622.29
ORD-11722,2023-04-17,2023-04-24,First Class,CUST-2345,April Wood DDS,Home Office,East,Washington,Office Supplies,Pens & Pencils,Cooper-Sanchez Pens & Pencils,1,14.06,0.2,11.25,9.04,2.21
ORD-11723,2022-09-18,2022-09-21,Standard Class,CUST-2476,Michael Johnson,Consumer,South,Indiana,Office Supplies,Binders,"Schwartz, Murphy and May Binders",7,35.24,0.5,123.34,158.07,-34.73
ORD-11724,2022-02-06,2022-02-11,,CUST-1465,Curtis Hudson,Home Office,West,Utah,Furniture,Bookcases,"Collins, Dean and Lewis Bookcases",3,236.39,0.1,638.25,368.83,269.42
ORD-11725,2021-05-10,2021-05-14,Standard Class,CUST-1719,Laura Powell,Consumer,East,California,Technology,Tablets,Nichols-Wang Tablets,6,354.58,0.1,1914.73,1449.55,465.18
ORD-11726,2022-03-06,2022-03-09,Second Class,CUST-2861,Geoffrey Watson,Corporate,East,Wisconsin,Technology,Accessories,Howard PLC Accessories,1,28.57,0.0,28.57,13.53,15.04
ORD-11727,2021-07-25,2021-07-26,First Class,CUST-2179,Victor Carey,Consumer,East,South Dakota,Furniture,Desks,"Walton, Robertson and Booker Desks",8,1006.8,0.05,7651.68,5230.3,2421.38
ORD-11728,2022-01-11,2022-01-18,Same Day,CUST-1104,Samuel Lopez,Home Office,East,Hawaii,Technology,Phones,"Peters, Church and Marshall Phones",8,557.97,0.15,3794.2,2433.09,1361.11
ORD-11729,2023-06-03,2023-06-04,First Class,CUST-2281,Robert Browning,Consumer,South,Delaware,Office Supplies,Binders,Moore and Sons Binders,9,22.56,0.1,182.74,95.44,87.3
ORD-11730,2023-05-06,2023-05-08,Second Class,CUST-1220,James Weaver,Corporate,West,Georgia,Office Supplies,Paper,Graham-Jones Paper,5,9.31,0.0,46.55,29.08,17.47
ORD-11731,2023-02-07,2023-02-11,Standard Class,CUST-2530,Chad Brown,Consumer,West,South Dakota,Technology,Monitors,Walker-Crawford Monitors,7,481.7,0.0,3371.9,2217.41,1154.49
ORD-11732,2023-06-25,2023-06-29,Standard Class,CUST-2910,James Stevens DDS,Consumer,West,Tennessee,Office Supplies,Paper,Clark and Sons Paper,7,14.56,0.0,101.92,65.83,36.09
ORD-11733,2021-06-01,2021-06-05,Second Class,CUST-1636,Jennifer Potter,Corporate,North,North Dakota,Furniture,Desks,West and Sons Desks,7,192.22,0.0,1345.54,806.55,538.99
ORD-11734,2023-05-08,2023-05-12,Second Class,CUST-2940,Michelle Williams,Consumer,South,Minnesota,Furniture,Bookcases,Crane PLC Bookcases,10,377.29,0.05,3584.26,2361.74,1222.52
ORD-11735,2021-07-05,2021-07-11,Standard Class,CUST-1297,Lori Tapia,Corporate,South,Nevada,Office Supplies,Binders,"Ramirez, Moore and Simon Binders",9,33.63,0.2,242.14,162.24,79.9
ORD-11736,2023-08-24,2023-08-27,Second Class,CUST-1955,Cody Barnett,Consumer,North,Massachusetts,Office Supplies,Pens & Pencils,Rush-Weber Pens & Pencils,3,10.42,0.05,29.7,16.06,13.64
ORD-11737,2022-02-20,2022-02-26,First Class,CUST-2259,Benjamin Young,Corporate,South,Illinois,Technology,Accessories,Edwards and Sons Accessories,10,56.37,0.0,563.7,265.66,298.04
ORD-11738,2022-10-19,2022-10-20,Same Day,CUST-1234,James Gutierrez,Home Office,West,Montana,Technology,Laptops,Bailey-Welch Laptops,3,1559.95,0.1,4211.87,2857.65,1354.22
ORD-11739,2023-05-26,2023-05-28,Second Class,CUST-1109,Lauren Gomez,Home Office,West,Kansas,Furniture,Desks,Richardson-Gonzales Desks,6,528.81,0.15,2696.93,1831.72,865.21
ORD-11740,2023-08-02,2023-08-06,Standard Class,CUST-1055,Melissa Goodwin,Corporate,South,Delaware,Technology,Tablets,Trujillo-Brown Tablets,2,251.15,0.05,477.19,281.62,195.57
ORD-11741,2021-06-15,2021-06-18,First Class,CUST-1561,Amy Rojas,Corporate,North,Minnesota,Furniture,Shelving,"Good, Pineda and Randolph Shelving",8,217.44,0.0,1739.52,1104.81,634.71
ORD-11742,2022-03-13,2022-03-19,Same Day,CUST-2803,Felicia Andrews,Consumer,South,Wyoming,Technology,Monitors,"Riley, Wilson and Pope Monitors",7,154.41,0.1,972.78,495.64,477.14
ORD-11743,2022-02-26,2022-03-01,Standard Class,CUST-2391,Lindsey Chapman,Corporate,East,Connecticut,Furniture,Bookcases,Myers-Miller Bookcases,8,281.32,0.1,2025.5,1352.92,672.58
ORD-11744,2021-09-28,2021-10-02,Standard Class,CUST-2536,Felicia Nguyen,Corporate,North,California,Furniture,Chairs,"Owens, Robinson and Olson Chairs",3,519.9,0.0,1559.7,1048.38,511.32
ORD-1240,2021-12-13,2021-12-16,Second Class,CUST-2578,Russell Deleon,Home Office,South,Connecticut,Technology,Monitors,Guerrero-Murphy Monitors,1,360.61,0.0,360.61,210.54,150.07
ORD-11746,2022-05-02,2022-05-07,Same Day,CUST-1176,James King,Home Office,West,Ohio,Furniture,Chairs,"Anderson, Berry and Martinez Chairs",7,802.82,0.05,5338.75,3710.57,1628.18
ORD-11747,2022-01-13,2022-01-14,First Class,CUST-1165,Dominic Cunningham,Corporate,North,Oklahoma,Technology,Accessories,Anderson-Cowan Accessories,1,63.25,0.0,63.25,35.24,28.01
ORD-11748,2023-12-28,2024-01-04,First Class,CUST-1443,Zachary Dominguez,Corporate,North,Kentucky,Technology,Phones,Kelly Inc Phones,8,1113.32,0.0,8906.56,4069.37,4837.19
ORD-11749,2022-09-15,2022-09-18,Standard Class,CUST-2240,Sean Perez,Corporate,South,Nebraska,Furniture,Bookcases,"Hensley, Anderson and Rosario Bookcases",2,95.61,0.2,152.98,124.22,28.76
ORD-11750,2023-06-19,2023-06-23,Same Day,CUST-2409,Anne Carson,Home Office,West,Michigan,Furniture,Tables,"Santiago, Schneider and Hughes Tables",7,594.88,0.15,3539.54,1955.33,1584.21
ORD-11751,2023-06-22,2023-06-27,Same Day,CUST-1744,Nicole Ballard,Corporate,South,South Dakota,Technology,Phones,Perkins-Schwartz Phones,6,440.52,0.0,2643.12,1441.61,1201.51
ORD-11752,2022-08-15,2022-08-21,Standard Class,CUST-1608,Michelle King,Corporate,West,Louisiana,Office Supplies,Paper,Reeves Ltd Paper,9,15.76,0.0,141.84,68.78,73.06
ORD-11753,2021-07-18,2021-07-24,Standard Class,CUST-1209,Tonya Vega,Corporate,South,Florida,Technology,Phones,Hamilton Inc Phones,4,624.26,0.0,2497.04,1409.0,1088.04
ORD-11754,2022-06-21,2022-06-25,Same Day,CUST-1641,James Moore,Corporate,West,Kentucky,Office Supplies,Labels,"Bautista, Salinas and Stewart Labels",10,6.08,0.0,60.8,41.39,19.41
ORD-1284,2023-09-24,2023-09-30,Second Class,CUST-1822,Vincent Thompson,Home Office,South,Oklahoma,Furniture,Shelving,"Whitney, Garza and Allen Shelving",1,274.62,0.0,274.62,160.74,113.88
ORD-11756,2021-08-21,2021-08-27,Second Class,CUST-1118,Lucas Irwin,Corporate,East,Michigan,Furniture,Chairs,Hall Inc Chairs,10,707.72,0.3,4954.04,4435.54,518.5
ORD-11757,2023-07-15,2023-07-17,Second Class,CUST-1982,Evan West,Consumer,South,New Jersey,Furniture,Desks,Campos Inc Desks,1,408.18,0.2,326.54,192.04,134.5
ORD-11758,2023-09-11,2023-09-14,Same Day,CUST-2493,Selena Cooper,Home Office,East,Oklahoma,Technology,Laptops,Robinson and Sons Laptops,8,1351.06,0.1,9727.63,7155.17,2572.46
ORD-11759,2021-10-04,2021-10-05,Standard Class,CUST-2118,Kevin Brown,Corporate,East,New York,Furniture,Tables,Chang-Hansen Tables,10,1354.26,0.05,12865.47,9242.35,3623.12
ORD-11760,2021-01-20,2021-01-24,Standard Class,CUST-2640,Thomas Schmitt,Home Office,East,New Mexico,Office Supplies,Pens & Pencils,Odom-Jenkins Pens & Pencils,2,13.89,0.05,26.39,18.69,7.7
ORD-11761,2022-12-23,2022-12-27,Same Day,CUST-2542,Stephanie Obrien,Corporate,North,Alabama,Office Supplies,Binders,"Carpenter, Hurst and Mccullough Binders",7,6.5,0.0,45.5,24.64,20.86
ORD-11762,2022-03-09,2022-03-14,Standard Class,CUST-2327,Jason Cooper,Home Office,North,Maine,Office Supplies,Labels,Frazier LLC Labels,7,7.49,0.0,52.43,34.59,17.84
ORD-11763,2021-06-07,2021-06-11,Second Class,CUST-2628,Tyler Hale,Home Office,South,Hawaii,Office Supplies,Labels,Griffin-Frazier Labels,3,19.6,0.1,52.92,26.65,26.27
ORD-11764,2023-12-16,2023-12-19,Second Class,CUST-2736,Eric Howard,Consumer,East,Maine,Technology,Phones,Bond-Holmes Phones,4,421.8,0.0,1687.2,1018.19,669.01
ORD-11765,2022-11-13,2022-11-18,First Class,CUST-2850,Jessica Jenkins,Consumer,North,Maryland,Furniture,Shelving,"Small, Martinez and Horton Shelving",4,257.05,0.0,1028.2,558.2,470.0
ORD-11766,2021-08-05,2021-08-09,First Class,CUST-2229,Ellen Watson,Home Office,South,Tennessee,Technology,Phones,"Bailey, Wilson and Peters Phones",4,1050.61,0.05,3992.32,2828.22,1164.1
ORD-11767,2022-01-03,2022-01-04,First Class,CUST-2447,Nathan Sanchez,Consumer,West,Michigan,Office Supplies,Labels,Young Group Labels,2,17.85,0.05,33.91,23.81,10.1
ORD-11768,2022-05-31,2022-06-03,First Class,CUST-1445,Larry Gutierrez,Consumer,South,Rhode Island,Technology,Laptops,Murphy and Sons Laptops,7,1574.7,0.0,11022.9,7233.27,3789.63
ORD-11769,2022-09-19,2022-09-22,Standard Class,CUST-1951,Lori Lawson,Consumer,East,Maryland,Technology,Phones,Nguyen-Murphy Phones,9,797.82,0.1,6462.34,4000.64,2461.7
ORD-11770,2022-01-21,2022-01-24,Standard Class,CUST-1190,Donna Cordova,Corporate,West,Ohio,Furniture,Chairs,Moore-Hopkins Chairs,10,541.17,0.05,5141.11,3295.79,1845.32
ORD-11771,2023-09-07,2023-09-13,Second Class,CUST-1463,David Small,Home Office,East,Kentucky,Furniture,Chairs,Turner-Mendoza Chairs,4,134.56,0.0,538.24,303.14,235.1
ORD-11772,2021-07-12,2021-07-18,Second Class,CUST-2719,Robert Jones,Home Office,South,Oregon,Technology,Accessories,"Ruiz, Frank and Murray Accessories",5,138.78,0.0,693.9,476.21,217.69
ORD-11773,2021-07-24,2021-07-30,First Class,CUST-1344,Ellen Molina,Corporate,East,Ohio,Technology,Phones,Howard Ltd Phones,4,873.71,0.0,3494.84,1585.27,1909.57
ORD-1615,2023-04-23,2023-04-26,First Class,CUST-1241,Nicole Hamilton,Home Office,West,Kansas,Technology,Accessories,Deleon-Donovan Accessories,1,147.93,0.0,147.93,77.95,69.98
ORD-11775,2022-09-25,2022-09-29,,CUST-2269,Stephen Powell,Home Office,North,Kansas,Furniture,Chairs,Sutton Inc Chairs,7,883.5,0.5,3092.25,3223.68,-131.43
ORD-11776,2021-04-25,2021-04-30,First Class,CUST-2761,Jonathan Davis,Consumer,North,North Dakota,Technology,Phones,Thomas-Jenkins Phones,5,238.93,0.15,1015.45,741.99,273.46
ORD-11777,2022-05-11,2022-05-15,Second Class,CUST-2194,Craig Brennan III,Home Office,West,Minnesota,Technology,Accessories,"Wu, Jones and Rios Accessories",7,37.95,0.0,265.65,183.09,82.56
ORD-11778,2021-05-14,2021-05-20,Same Day,CUST-1392,Matthew Smith,Home Office,North,Alaska,Furniture,Desks,Blankenship Group Desks,10,952.9,0.0,9529.0,4883.73,4645.27
ORD-11779,2021-12-30,2022-01-04,Second Class,CUST-1391,Donna Parks,Consumer,East,Montana,Furniture,Desks,"Davis, Williams and Murray Desks",5,961.79,0.0,4808.95,2619.13,2189.82
ORD-11780,2023-12-15,2023-12-19,Same Day,CUST-2498,Mindy Atkinson,Consumer,West,Ohio,Furniture,Shelving,Mcintosh LLC Shelving,4,180.09,0.3,504.25,493.28,10.97
ORD-11781,2023-07-11,2023-07-14,Second Class,CUST-1044,Christopher Morgan,Home Office,East,Iowa,Office Supplies,Pens & Pencils,Turner Inc Pens & Pencils,4,6.04,0.1,21.74,12.95,8.79
ORD-11782,2021-01-17,2021-01-19,First Class,CUST-2239,Sharon Bray,Corporate,East,Arizona,Technology,Tablets,"Sutton, Rivas and Ramirez Tablets",9,561.84,0.15,4298.08,3439.93,858.15
ORD-11783,2023-12-08,2023-12-10,First Class,CUST-2634,Crystal Conner,Home Office,East,South Dakota,Office Supplies,Binders,Murray Ltd Binders,-2,14.94,0.15,25.4,16.87,8.53
ORD-11784,2023-04-04,2023-04-10,First Class,CUST-1880,Katrina Rodriguez,Corporate,East,Pennsylvania,Office Supplies,Binders,Peterson Inc Binders,8,23.37,0.0,186.96,112.67,74.29
ORD-11785,2023-06-07,2023-06-12,Standard Class,CUST-2272,Dan Johnson,Corporate,North,Texas,Office Supplies,Paper,Mullins PLC Paper,2,27.47,0.0,54.94,36.62,18.32
ORD-11786,2023-01-05,2023-01-09,Same Day,CUST-2336,Michael Rodgers,Corporate,North,Wyoming,Technology,Laptops,Moore PLC Laptops,4,1948.72,0.15,6625.65,4271.96,2353.69
ORD-11787,2022-01-06,2022-01-08,First Class,CUST-2977,Carolyn Snow,Corporate,West,North Carolina,Furniture,Shelving,"Thomas, Matthews and Sutton Shelving",1,149.82,0.1,134.84,100.63,34.21
ORD-11788,2022-04-15,2022-04-19,First Class,CUST-2689,Adrian Cook,Home Office,East,Oklahoma,Furniture,Shelving,Morgan PLC Shelving,5,125.19,0.0,625.95,345.61,280.34
ORD-11789,2021-09-12,2021-09-15,Second Class,CUST-1676,James Humphrey,Consumer,South,Hawaii,Technology,Tablets,Robinson-Snyder Tablets,8,432.51,0.15,2941.07,2250.38,690.69
ORD-11790,2021-05-27,2021-06-02,Same Day,CUST-2059,Joseph Rice,Home Office,East,Delaware,Furniture,Bookcases,Ford-Moore Bookcases,8,443.37,0.0,3546.96,1862.91,1684.05
ORD-11791,2022-03-29,2022-03-30,Same Day,CUST-2576,Richard Smith,Consumer,South,South Carolina,Furniture,Desks,Rodriguez Inc Desks,7,934.62,0.15,5560.99,3781.72,1779.27
ORD-1301,2023-10-29,2023-11-05,Second Class,CUST-2850,Jennifer Griffin,Home Office,West,Montana,Office Supplies,Labels,Smith Ltd Labels,10,12.41,0.0,124.1,75.78,48.32
ORD-11793,2022-02-02,2022-02-08,First Class,CUST-2392,Alexandra Hopkins,Corporate,South,Maryland,Office Supplies,Pens & Pencils,"Duncan, Fields and Pham Pens & Pencils",8,14.06,0.0,112.48,52.07,60.41
ORD-11794,2021-11-05,2021-11-07,Second Class,CUST-1863,Donna Nguyen,Consumer,West,Indiana,Furniture,Shelving,Cervantes-Allen Shelving,9,107.12,0.15,819.47,563.32,256.15
ORD-11795,2023-08-04,2023-08-08,First Class,CUST-1278,William Edwards,Corporate,South,Texas,Furniture,Chairs,"Clark, Shaw and York Chairs",4,447.76,0.15,1522.38,965.97,556.41
ORD-11796,2023-10-13,2023-10-20,Same Day,CUST-2401,Jeffrey Jimenez,Corporate,South,Massachusetts,Office Supplies,Storage,Brown-Warner Storage,1,47.67,0.05,45.29,24.61,20.68
ORD-11797,2021-02-26,2021-03-05,Same Day,CUST-1953,John Fowler,Corporate,West,Colorado,Office Supplies,Labels,"Fry, Galvan and Roberts Labels",3,14.83,0.05,42.27,28.78,13.49
ORD-11798,2023-07-01,2023-07-04,Same Day,CUST-1649,Samantha Fletcher,Corporate,South,Minnesota,Office Supplies,Paper,Johnson Group Paper,3,19.58,0.0,58.74,27.62,31.12
ORD-11799,2021-03-10,2021-03-17,Standard Class,CUST-2486,Crystal Smith,Home Office,South,Hawaii,Furniture,Desks,Matthews-Wilson Desks,10,165.33,0.0,1653.3,858.79,794.51
ORD-11800,2022-05-19,2022-05-22,First Class,CUST-2771,Ryan Dalton,Home Office,South,South Dakota,Technology,Accessories,Mcdonald-Fowler Accessories,5,50.67,0.0,253.35,140.78,112.57
ORD-11801,2021-06-11,2021-06-12,Same Day,CUST-1630,Cynthia White,Home Office,East,Oregon,Office Supplies,Storage,"Thomas, Vega and Johnson Storage",1,78.87,0.15,67.04,55.2,11.84
ORD-11802,2021-06-27,2021-07-02,Same Day,CUST-2028,Jessica Shelton,Consumer,West,Louisiana,Office Supplies,Paper,"Scott, Reynolds and Jenkins Paper",10,9.33,0.05,88.63,65.16,23.47
ORD-11803,2023-04-17,2023-04-22,Same Day,CUST-2475,Jennifer Jarvis DVM,Corporate,West,Ohio,Office Supplies,Storage,"Miller, Tyler and Moore Storage",5,39.85,0.1,,115.1,64.23
ORD-11804,2023-01-26,2023-01-30,Standard Class,CUST-1767,Dawn Bailey,Consumer,North,Idaho,Office Supplies,Envelopes,Roth-Higgins Envelopes,7,20.57,0.05,136.79,90.43,46.36
ORD-11805,2023-10-14,2023-10-18,,CUST-1646,Destiny Cox,Corporate,West,Kentucky,Office Supplies,Envelopes,"Holmes, Callahan and Carter Envelopes",4,7.43,0.1,26.75,18.61,8.14
ORD-11806,2021-06-30,2021-07-05,First Class,CUST-1992,Ashley Snow,Corporate,West,Tennessee,Furniture,Desks,Rhodes-Smith Desks,7,785.46,0.0,5498.22,2566.61,2931.61
ORD-11807,2022-09-12,2022-09-19,First Class,CUST-2240,Reginald Benton,Corporate,East,South Carolina,Technology,Monitors,"Santana, Martinez and Johnson Monitors",2,563.82,0.0,1127.64,635.77,491.87
ORD-11808,2021-06-18,2021-06-23,Same Day,CUST-2545,Brittany Davis,Corporate,West,Arkansas,Technology,Laptops,"Smith, Davis and Moore Laptops",3,1902.03,0.2,4564.87,3763.6,801.27
ORD-11809,2021-01-18,2021-01-20,First Class,CUST-1547,Jonathan Chapman,Corporate,East,Florida,Office Supplies,Storage,Sweeney PLC Storage,2,43.53,0.0,87.06,53.85,33.21
ORD-11810,2023-09-29,2023-10-04,First Class,CUST-2275,Crystal Hunter,Home Office,North,North Dakota,Furniture,Chairs,"Walton, Hall and Bryan Chairs",10,366.39,0.2,2931.12,2284.23,646.89
ORD-11811,2021-08-15,2021-08-19,Same Day,CUST-1364,Cameron Gonzalez,Consumer,South,Maine,Furniture,Shelving,Lopez-Taylor Shelving,2,118.93,0.2,190.29,155.06,35.23
ORD-11812,2023-12-28,2023-12-29,Standard Class,CUST-1387,Deanna Johnson,Corporate,South,Montana,Technology,Tablets,"Mccoy, Miller and Carter Tablets",9,293.22,0.1,2375.08,1842.5,532.58
ORD-11813,2022-05-11,2022-05-18,First Class,CUST-2506,Brandon Mills,Consumer,South,Georgia,Furniture,Shelving,Jones PLC Shelving,3,295.33,0.0,885.99,563.61,322.38
ORD-11814,2022-02-07,2022-02-09,Standard Class,CUST-1729,Maurice Gonzales,Corporate,South,North Carolina,Technology,Tablets,"Brooks, Parker and Williams Tablets",8,354.36,0.2,2267.9,1560.3,707.6
ORD-1451,2021-07-24,2021-07-25,First Class,CUST-1834,Brandi Johnson,Corporate,East,Nebraska,Technology,Laptops,Pennington-Stevens Laptops,1,1049.02,0.0,1049.02,611.79,437.23
ORD-11816,2022-09-14,2022-09-15,Second Class,CUST-1376,Brittany Mcdaniel,Home Office,North,Ohio,Furniture,Bookcases,Tucker-Collier Bookcases,7,200.7,0.1,1264.41,739.48,524.93
ORD-11817,2021-07-30,2021-07-31,Same Day,CUST-2422,Bryan Williams,Home Office,West,Ohio,Technology,Phones,Cross-Miller Phones,10,1138.76,0.0,11387.6,5357.96,6029.64
ORD-11818,2021-09-10,2021-09-14,Second Class,CUST-2031,George Williams,Consumer,South,Louisiana,Furniture,Tables,Curry-Jones Tables,2,1072.23,0.0,2144.46,1099.07,1045.39
ORD-11819,2023-02-21,2023-02-23,Second Class,CUST-1554,Matthew Thomas,Corporate,North,West Virginia,Furniture,Chairs,"Hernandez, Dickerson and Lindsey Chairs",8,598.91,0.0,4791.28,2612.48,2178.8
ORD-11820,2023-07-23,2023-07-24,First Class,CUST-1062,Keith Cruz,Consumer,West,Alabama,Furniture,Chairs,Armstrong-Williams Chairs,10,89.12,0.0,891.2,570.38,320.82
ORD-11821,2021-10-24,2021-10-29,Second Class,CUST-1381,Heather George,Home Office,North,Arkansas,Office Supplies,Labels,Lewis-Thompson Labels,8,8.11,0.1,58.39,44.43,13.96
ORD-1389,2021-02-28,2021-03-02,Same Day,CUST-1536,Brian Bridges,Consumer,West,Illinois,Office Supplies,Envelopes,Carter PLC Envelopes,1,29.89,0.1,26.9,13.78,13.12
ORD-11823,2022-06-11,2022-06-18,First Class,CUST-2492,Laura Vang,Home Office,East,Hawaii,Office Supplies,Pens & Pencils,Meadows-Patterson Pens & Pencils,5,22.39,0.0,111.95,66.6,45.35
ORD-11824,2023-06-03,2023-06-10,Same Day,CUST-2007,Peggy Jimenez,Home Office,West,Nebraska,Office Supplies,Storage,Sampson and Sons Storage,5,77.41,0.0,387.05,255.55,131.5
ORD-11825,2023-05-04,2023-05-10,Second Class,CUST-2727,Mr. Christopher Marshall MD,Home Office,North,Minnesota,Furniture,Tables,"Myers, Green and Calderon Tables",10,599.68,0.05,5696.96,4136.27,1560.69
ORD-11826,2022-07-22,2022-07-28,,CUST-1163,Patricia Edwards,Home Office,North,West Virginia,Technology,Laptops,Richardson-Miller Laptops,4,1719.11,0.05,6532.62,4522.48,2010.14
ORD-11827,2022-10-23,2022-10-29,First Class,CUST-2470,Brent Tran,Home Office,East,Hawaii,Technology,Tablets,Jenkins-Richard Tablets,6,160.84,0.0,965.04,559.98,405.06
ORD-11828,2023-06-22,2023-06-24,Standard Class,CUST-2807,Colleen Diaz,Consumer,West,North Dakota,Office Supplies,Paper,Burns-Osborne Paper,2,37.4,0.0,74.8,38.02,36.78
ORD-11829,2022-06-08,2022-06-15,Same Day,CUST-2668,Mr. Mark Greer,Home Office,West,Connecticut,Office Supplies,Binders,Bentley Inc Binders,10,26.67,0.0,266.7,173.88,92.82
ORD-11830,2021-12-04,2021-12-10,Second Class,CUST-2564,Mrs. Shannon Smith,Consumer,South,Idaho,Office Supplies,Storage,Harris PLC Storage,3,58.21,0.05,,85.52,80.38
ORD-11831,2023-05-16,2023-05-20,First Class,CUST-2028,Nancy Clark,Consumer,West,Pennsylvania,Technology,Monitors,Watts-Davis Monitors,1,430.14,0.0,430.14,271.79,158.35
ORD-11832,2023-08-31,2023-09-03,First Class,CUST-2302,Dr. Sara Richard DVM,Consumer,North,New York,Office Supplies,Pens & Pencils,Mendez Group Pens & Pencils,4,20.44,0.0,81.76,53.78,27.98
ORD-11833,2022-07-21,2022-07-22,Same Day,CUST-2302,Michael White,Corporate,West,Delaware,Office Supplies,Pens & Pencils,"Castillo, Nash and Valdez Pens & Pencils",6,22.64,0.05,129.05,85.19,43.86
ORD-11834,2023-05-20,2023-05-23,Standard Class,CUST-1832,Brian Parker,Corporate,East,Nebraska,Furniture,Desks,"Davis, Howard and May Desks",6,571.4,0.1,3085.56,2073.17,1012.39
ORD-11835,2022-05-02,2022-05-08,Same Day,CUST-2158,Ms. Jennifer Brooks,Consumer,East,Connecticut,Technology,Printers,"Kelley, Anderson and Matthews Printers",-7,484.9,0.0,3394.3,2035.61,1358.69
ORD-11836,2022-11-02,2022-11-07,Second Class,CUST-1353,Samuel Ramirez,Corporate,South,Connecticut,Furniture,Shelving,"Webb, Thomas and Bridges Shelving",1,252.73,0.15,214.82,119.15,95.67
ORD-11837,2021-04-10,2021-04-15,Second Class,CUST-1892,John Bradshaw,Home Office,North,North Dakota,Technology,Tablets,"Hughes, Lee and Garner Tablets",9,332.5,0.15,2543.62,1653.51,890.11
ORD-11838,2021-05-28,2021-06-04,Second Class,CUST-1898,Steven Padilla,Home Office,South,Michigan,Technology,Accessories,"Porter, Adkins and Thompson Accessories",1,132.39,0.0,132.39,77.9,54.49
ORD-11839,2022-12-08,2022-12-10,First Class,CUST-1083,Robert Silva,Home Office,West,Utah,Office Supplies,Labels,"Sanchez, Valdez and Black Labels",8,9.18,0.0,73.44,49.22,24.22
ORD-11840,2022-02-27,2022-03-03,Second Class,CUST-1612,Michael Reeves,Home Office,North,Virginia,Office Supplies,Pens & Pencils,Davis and Sons Pens & Pencils,7,23.42,0.05,155.74,87.41,68.33
ORD-11841,2021-11-11,2021-11-18,Same Day,CUST-1349,Jeffrey Gray,Consumer,East,Nebraska,Technology,Tablets,"Keith, Brown and Hill Tablets",9,599.07,0.15,4582.89,3673.7,909.19
ORD-11842,2021-10-12,2021-10-13,Same Day,CUST-1853,Paula Robinson,Corporate,South,Texas,Office Supplies,Envelopes,Ramirez-Bond Envelopes,4,26.92,0.05,102.3,72.0,30.3
ORD-11843,2021-02-15,2021-02-22,Standard Class,CUST-2364,Michael Wall,Home Office,North,Maryland,Furniture,Bookcases,"Griffin, Scott and West Bookcases",9,234.97,0.0,2114.73,1273.87,840.86
ORD-11844,2021-12-05,2021-12-08,First Class,CUST-2879,Mr. Howard Smith,Corporate,South,Delaware,Furniture,Shelving,Hartman-Adams Shelving,8,56.82,0.0,454.56,294.72,159.84
ORD-11845,2022-10-16,2022-10-21,Same Day,CUST-1740,Thomas Russell,Corporate,East,Oregon,Furniture,Desks,Combs and Sons Desks,6,669.08,0.1,3613.03,2158.29,1454.74
ORD-11846,2021-07-28,2021-07-31,Same Day,CUST-1357,Daisy Patrick,Consumer,North,Minnesota,Furniture,Shelving,Johnson Ltd Shelving,4,108.46,0.05,412.15,266.51,145.64
ORD-11847,2022-03-08,2022-03-11,Second Class,CUST-1104,Melinda Miller,Home Office,North,Maine,Furniture,Bookcases,Barnes Group Bookcases,1,397.78,0.0,397.78,190.19,207.59
ORD-11848,2021-05-27,2021-06-03,First Class,CUST-2098,Kathryn Reyes,Corporate,South,South Dakota,Technology,Laptops,"Kim, Davis and Arroyo Laptops",5,1929.65,0.0,9648.25,4975.68,4672.57
ORD-11849,2023-09-27,2023-09-30,First Class,CUST-2793,Michele Stewart,Home Office,East,Georgia,Technology,Printers,May and Sons Printers,8,570.14,0.3,3192.78,2443.17,749.61
ORD-11850,2021-02-06,2021-02-13,First Class,CUST-2609,Joshua Mueller,Corporate,West,Missouri,Office Supplies,Binders,Ellis LLC Binders,6,25.92,0.0,155.52,83.57,71.95
ORD-11851,2023-12-24,2023-12-31,Same Day,CUST-1240,Caleb Wood,Consumer,West,Idaho,Furniture,Shelving,"Peters, Patel and Guzman Shelving",8,118.37,0.0,946.96,462.92,484.04
ORD-11852,2023-06-30,2023-07-06,Same Day,CUST-2009,Michael Calhoun,Home Office,West,New York,Technology,Monitors,"King, Gonzalez and Stevens Monitors",5,310.05,0.0,1550.25,852.81,697.44
ORD-11853,2022-03-20,2022-03-24,First Class,CUST-2569,Donna Thomas,Corporate,North,Colorado,Furniture,Desks,"Ray, Decker and Smith Desks",2,1171.61,0.05,2226.06,1358.01,868.05
ORD-11854,2021-03-05,2021-03-11,Standard Class,CUST-1897,Rhonda Levine,Home Office,North,Tennessee,Technology,Phones,Sharp Group Phones,10,225.4,0.15,1915.9,1361.29,554.61
ORD-11855,2023-12-20,2023-12-23,Same Day,CUST-2851,Monica Smith,Home Office,South,North Dakota,Office Supplies,Storage,"Wilson, Bauer and Browning Storage",5,50.09,0.05,237.93,123.85,114.08
ORD-11856,2022-12-24,2022-12-26,Same Day,CUST-1491,Noah Briggs,Corporate,East,Idaho,Technology,Accessories,Jones LLC Accessories,10,121.74,0.15,1034.79,753.83,280.96
ORD-11857,2021-06-24,2021-06-26,Second Class,CUST-1218,Benjamin Evans,Consumer,North,Pennsylvania,Furniture,Shelving,"Thomas, Horton and Reed Shelving",1,194.53,0.0,194.53,97.97,96.56
ORD-11858,2022-04-10,2022-04-14,Second Class,CUST-1460,Joshua Vasquez,Corporate,West,Idaho,Technology,Printers,Vazquez PLC Printers,10,178.57,0.0,1785.7,941.85,843.85
ORD-11859,2021-01-23,2021-01-29,Standard Class,CUST-2476,Brian Garcia,Consumer,East,Colorado,Furniture,Shelving,Freeman-Brooks Shelving,2,147.65,0.3,206.71,189.56,17.15
ORD-11860,2022-12-03,2022-12-05,Standard Class,CUST-1485,Tracy Montgomery,Home Office,West,Arkansas,Furniture,Tables,Gay and Sons Tables,9,1284.0,0.15,9822.6,8014.98,1807.62
ORD-11861,2021-07-01,2021-07-08,Same Day,CUST-1401,Jason Dunlap,Consumer,North,Georgia,Furniture,Bookcases,Preston-Payne Bookcases,2,371.32,0.0,742.64,442.48,300.16
ORD-11862,2021-10-28,2021-11-04,Standard Class,CUST-1626,Karen Larsen,Corporate,East,Missouri,Office Supplies,Envelopes,Marks-Brown Envelopes,6,20.76,0.15,105.88,74.29,31.59
ORD-11863,2022-10-12,2022-10-15,Second Class,CUST-2066,Elaine Salazar,Consumer,East,Washington,Office Supplies,Pens & Pencils,Bailey-Bullock Pens & Pencils,5,16.47,0.0,82.35,51.19,31.16
ORD-11864,2021-07-25,2021-07-31,First Class,CUST-2948,Calvin Johnson,Home Office,West,Oregon,Technology,Monitors,"Yoder, Lewis and Armstrong Monitors",8,436.53,0.0,3492.24,1751.43,1740.81
ORD-11865,2021-10-03,2021-10-05,Same Day,CUST-2355,Robert Wilcox,Home Office,South,Maine,Furniture,Bookcases,Montgomery Group Bookcases,9,403.34,0.15,3085.55,1869.64,1215.91
ORD-11866,2023-03-09,2023-03-10,Same Day,CUST-2799,Roberto Holt,Corporate,East,Kentucky,Technology,Monitors,Mccarthy-Maldonado Monitors,1,392.73,0.2,314.18,197.06,117.12
ORD-11867,2022-05-01,2022-05-08,Same Day,CUST-2236,David Ross,Corporate,North,Nevada,Office Supplies,Storage,Blanchard PLC Storage,10,13.23,0.0,132.3,91.66,40.64
ORD-11868,2023-12-09,2023-12-16,Standard Class,CUST-2345,Nicole Murphy,Corporate,North,Nevada,Office Supplies,Storage,Perez-Bartlett Storage,2,55.79,0.05,106.0,51.38,54.62
ORD-11869,2022-11-04,2022-11-11,Second Class,CUST-1956,Amanda Green,Corporate,North,Minnesota,Furniture,Tables,Farrell-Romero Tables,4,1243.21,0.0,4972.84,2607.48,2365.36
ORD-11870,2022-05-28,2022-06-04,Second Class,CUST-2156,Gary Flores,Home Office,West,Virginia,Furniture,Shelving,"Garcia, Schwartz and Lindsey Shelving",1,61.66,0.0,61.66,28.06,33.6
ORD-11871,2021-04-19,2021-04-20,Standard Class,CUST-1765,Bonnie Sandoval,Home Office,North,Alabama,Furniture,Chairs,"Allen, Thomas and Boone Chairs",3,268.16,0.0,804.48,481.92,322.56
ORD-11872,2022-11-12,2022-11-14,Standard Class,CUST-2845,Nicholas Gonzalez,Corporate,South,California,Technology,Phones,Clark Ltd Phones,3,1193.47,0.05,3401.39,1767.96,1633.43
ORD-11873,2023-01-22,2023-01-29,Standard Class,CUST-2771,Mathew Reid,Home Office,South,Montana,Office Supplies,Binders,Harper Group Binders,1,17.86,0.0,17.86,10.31,7.55
ORD-1370,2022-10-31,2022-11-07,Standard Class,CUST-2880,Linda Woods DVM,Corporate,West,Florida,Technology,Printers,"Miller, Scott and Castillo Printers",9,363.52,0.15,2780.93,1839.2,941.73
ORD-11875,2021-07-01,2021-07-03,Standard Class,CUST-1177,Donna Garrett,Home Office,East,West Virginia,Furniture,Desks,"Vasquez, Buchanan and Rubio Desks",6,948.64,0.0,5691.84,3852.45,1839.39
ORD-11876,2023-07-19,2023-07-20,Standard Class,CUST-2755,Kelly Kim,Corporate,North,Ohio,Office Supplies,Labels,Wiggins and Sons Labels,10,19.13,0.1,172.17,102.29,69.88
ORD-11877,2023-02-22,2023-02-23,First Class,CUST-1518,Erica Smith,Home Office,South,Indiana,Technology,Laptops,"Harrison, Campos and Tran Laptops",9,1083.56,0.0,9752.04,5006.82,4745.22
ORD-11878,2023-04-07,2023-04-11,First Class,CUST-2756,Renee Griffith,Consumer,North,New Jersey,Furniture,Shelving,Ali LLC Shelving,4,193.56,0.0,774.24,456.29,317.95
ORD-11879,2022-04-23,2022-04-30,Same Day,CUST-2557,Joe Moran,Consumer,North,Maine,Office Supplies,Pens & Pencils,Wilson and Sons Pens & Pencils,6,7.16,0.3,30.07,26.51,3.56
ORD-11880,2023-10-21,2023-10-24,Same Day,CUST-2596,Bryan Brown,Consumer,East,Iowa,Technology,Monitors,Nelson PLC Monitors,10,282.79,0.15,2403.72,1806.27,597.45
ORD-11881,2021-08-28,2021-09-02,Same Day,CUST-1040,Daniel Ellis,Corporate,East,Arizona,Furniture,Bookcases,"Duncan, Brown and Brown Bookcases",1,454.64,0.05,431.91,229.28,202.63
ORD-11882,2022-09-05,2022-09-12,First Class,CUST-1215,Michael Vasquez,Consumer,North,Colorado,Technology,Phones,Lee-Green Phones,10,251.46,0.15,2137.41,1583.02,554.39
ORD-11883,2023-11-15,2023-11-20,First Class,CUST-1793,Nicole Gutierrez,Home Office,South,Nebraska,Office Supplies,Labels,Hall-Baird Labels,5,10.51,0.2,42.04,29.71,12.33
ORD-11884,2022-12-16,2022-12-22,First Class,CUST-1776,Jacob Garcia,Home Office,South,Montana,Office Supplies,Labels,"Gonzalez, Black and Gray Labels",1,8.08,0.1,7.27,4.4,2.87
ORD-11885,2023-06-26,2023-06-30,Same Day,CUST-1767,Cathy Jones,Corporate,North,Georgia,Furniture,Tables,"Campbell, Solis and Brown Tables",9,213.4,0.0,1920.6,1232.8,687.8
ORD-11886,2023-06-29,2023-06-30,Same Day,CUST-2938,Cheryl Wallace,Corporate,South,Tennessee,Furniture,Desks,"Wilson, Stewart and Bryant Desks",7,726.45,0.0,5085.15,3406.21,1678.94
ORD-11887,2021-12-10,2021-12-13,Standard Class,CUST-2401,Justin Tran,Consumer,North,Louisiana,Office Supplies,Paper,Hodges-Chandler Paper,10,12.15,0.0,121.5,84.04,37.46
ORD-11888,2023-02-13,2023-02-18,Same Day,CUST-1464,Victor Harris,Home Office,North,Illinois,Technology,Monitors,Ellis-Robinson Monitors,4,612.59,0.0,2450.36,1647.62,802.74
ORD-11889,2022-09-18,2022-09-19,Same Day,CUST-1987,Michael Jackson,Home Office,North,Washington,Office Supplies,Labels,"Velez, Hinton and Brennan Labels",3,8.19,0.0,24.57,11.92,12.65
ORD-11890,2022-11-29,2022-12-01,First Class,CUST-2293,Mr. Charles Cunningham,Home Office,North,New Hampshire,Technology,Phones,Diaz-Howard Phones,5,1061.49,0.0,5307.45,3023.76,2283.69
ORD-11891,2023-04-21,2023-04-28,Standard Class,CUST-1747,Christina Pineda,Corporate,North,Wyoming,Office Supplies,Binders,"Flores, Davidson and Howe Binders",5,16.4,0.2,65.6,56.88,8.72
ORD-11892,2022-01-05,2022-01-06,Same Day,CUST-1266,Joel Lopez,Consumer,North,Idaho,Office Supplies,Labels,Escobar LLC Labels,7,17.47,0.05,116.18,55.87,60.31
ORD-11893,2022-03-04,2022-03-09,First Class,CUST-2105,Michael Long,Corporate,West,Texas,Technology,Laptops,"Mcgee, Church and Miller Laptops",1,1883.87,0.2,1507.1,1301.97,205.13
ORD-11894,2021-12-22,2021-12-27,First Class,CUST-2365,Christopher Ho,Home Office,West,Kansas,Technology,Tablets,Ortega PLC Tablets,2,473.09,0.0,946.18,614.36,331.82
ORD-11895,2021-06-10,2021-06-16,Standard Class,CUST-1639,George Greer,Corporate,North,New York,Office Supplies,Pens & Pencils,"Gay, Cooper and Gutierrez Pens & Pencils",1,4.64,0.0,4.64,2.11,2.53
ORD-11896,2023-01-10,2023-01-13,Standard Class,CUST-1815,Robert Hall,Corporate,West,Tennessee,Technology,Laptops,Khan PLC Laptops,3,806.0,0.1,2176.2,1624.56,551.64
ORD-11897,2022-10-17,2022-10-23,Same Day,CUST-1728,Scott Ellis,Consumer,West,Missouri,Furniture,Desks,Houston-Bauer Desks,2,824.4,0.0,1648.8,1102.41,546.39
ORD-11898,2022-12-01,2022-12-04,Same Day,CUST-2648,Sharon Graves,Consumer,South,Alaska,Furniture,Shelving,"Morris, Porter and Hernandez Shelving",5,156.3,0.0,781.5,456.11,325.39
ORD-11899,2021-01-22,2021-01-26,Second Class,CUST-1531,Natasha Peters,Corporate,West,Illinois,Technology,Tablets,Miller-Parker Tablets,9,778.94,0.3,4907.32,3533.57,1373.75
ORD-11900,2023-08-01,2023-08-02,First Class,CUST-1218,Robert Baldwin,Home Office,West,Tennessee,Furniture,Desks,"Gonzales, Young and Clark Desks",7,352.03,0.0,2464.21,1170.33,1293.88
ORD-11901,2021-09-25,2021-09-26,,CUST-2125,Amanda Contreras,Home Office,East,Louisiana,Office Supplies,Labels,Morales Ltd Labels,8,19.66,0.1,141.55,73.67,67.88
ORD-11902,2022-02-09,2022-02-16,Standard Class,CUST-1330,Melissa Santos,Home Office,North,Colorado,Technology,Monitors,"Hunt, Huang and Smith Monitors",3,320.13,0.3,672.27,570.32,101.95
ORD-11903,2023-06-28,2023-06-29,Standard Class,CUST-1039,Megan Harper,Corporate,East,Missouri,Office Supplies,Labels,Robinson Group Labels,6,19.36,0.2,92.93,58.4,34.53
ORD-11904,2022-05-03,2022-05-08,Second Class,CUST-1708,Samantha Woodard,Home Office,North,California,Office Supplies,Pens & Pencils,Christensen Inc Pens & Pencils,2,18.01,0.5,18.01,23.51,-5.5
ORD-11905,2023-06-09,2023-06-15,Same Day,CUST-2806,Robert Stewart,Corporate,East,Louisiana,Furniture,Shelving,Wilcox-Scott Shelving,2,101.81,0.0,203.62,103.62,100.0
ORD-11906,2023-02-10,2023-02-13,Same Day,CUST-1831,Alex Jones,Home Office,East,Montana,Technology,Accessories,White-Hines Accessories,6,52.8,0.15,269.28,155.61,113.67
ORD-11907,2023-12-30,2024-01-05,Standard Class,CUST-1600,Kelsey Green,Corporate,West,Washington,Technology,Tablets,"Jones, Santiago and Preston Tablets",1,713.26,0.15,606.27,361.34,244.93
ORD-11908,2023-09-17,2023-09-19,,CUST-2800,Mrs. Samantha Hurley DDS,Consumer,West,Connecticut,Technology,Accessories,"Morris, Edwards and Acevedo Accessories",1,14.28,0.05,13.57,8.92,4.65
ORD-11909,2022-04-18,2022-04-19,Second Class,CUST-2960,Barbara Brown,Corporate,North,Washington,Office Supplies,Envelopes,"Cole, Brown and Thompson Envelopes",3,24.04,0.0,72.12,36.44,35.68
ORD-11910,2022-01-09,2022-01-13,Standard Class,CUST-2006,Rachel Jackson MD,Corporate,West,Maine,Technology,Accessories,Leonard-Castro Accessories,8,56.49,0.0,451.92,224.19,227.73
ORD-11911,2023-12-17,2023-12-23,Second Class,CUST-1335,Stacey Koch,Consumer,South,Kentucky,Furniture,Chairs,Anderson Inc Chairs,2,800.62,0.05,1521.18,852.64,668.54
ORD-11912,2022-12-24,2022-12-26,Same Day,CUST-1345,Miranda Rocha,Consumer,West,Illinois,Furniture,Bookcases,Medina-Green Bookcases,7,331.24,0.2,1854.94,1091.18,763.76
ORD-11913,2021-02-02,2021-02-07,,CUST-1113,Nicholas Holmes,Corporate,East,Oregon,Technology,Accessories,Townsend-King Accessories,4,52.17,0.0,208.68,101.38,107.3
ORD-11914,2022-10-28,2022-10-31,Same Day,CUST-2463,Benjamin Adkins,Corporate,South,Louisiana,Office Supplies,Storage,Vazquez and Sons Storage,5,14.73,0.0,73.65,46.72,26.93
ORD-11915,2023-01-15,2023-01-22,Standard Class,CUST-1460,Emily Simon,Home Office,South,Mississippi,Furniture,Desks,"Knight, Davis and Hansen Desks",10,237.44,0.0,2374.4,1331.37,1043.03
ORD-11916,2022-01-11,2022-01-18,Second Class,CUST-2051,Joseph Bentley,Corporate,South,New Hampshire,Office Supplies,Binders,Sandoval Ltd Binders,7,28.3,0.05,188.19,122.42,65.77
ORD-11917,2022-11-29,2022-12-01,Standard Class,CUST-1426,Bryce Chavez,Consumer,South,Mississippi,Office Supplies,Storage,Phillips-Wong Storage,9,23.87,0.0,214.83,109.16,105.67
ORD-11918,2023-02-06,2023-02-08,First Class,CUST-1112,John Lopez,Consumer,South,Minnesota,Technology,Phones,Obrien LLC Phones,3,510.23,0.0,1530.69,906.96,623.73
ORD-11919,2023-09-26,2023-10-02,Second Class,CUST-1664,Jared Moss,Home Office,West,California,Office Supplies,Paper,Martinez-Brady Paper,2,22.83,0.0,45.66,29.89,15.77
ORD-11920,2022-09-05,2022-09-08,First Class,CUST-2215,Sharon Gonzalez,Home Office,South,Illinois,Technology,Tablets,Martinez-Cook Tablets,5,771.41,0.05,3664.2,2599.04,1065.16
ORD-11921,2021-06-04,2021-06-09,Standard Class,CUST-2500,Carolyn Townsend,Corporate,North,Rhode Island,Office Supplies,Pens & Pencils,"Green, Kim and Brown Pens & Pencils",3,21.68,0.0,65.04,41.8,23.24
ORD-11922,2021-08-14,2021-08-17,Standard Class,CUST-1643,Richard Mccarthy,Corporate,West,Wyoming,Office Supplies,Envelopes,Jimenez Inc Envelopes,5,23.06,0.05,109.53,77.09,32.44
ORD-11923,2021-02-05,2021-02-12,Second Class,CUST-1840,Jessica Contreras,Consumer,North,Virginia,Technology,Phones,Evans and Sons Phones,4,632.24,0.0,2528.96,1396.98,1131.98
ORD-11924,2022-10-03,2022-10-04,Standard Class,CUST-2243,Taylor Stevenson,Home Office,West,Kansas,Furniture,Shelving,Smith-Ross Shelving,7,210.85,0.0,1475.95,1010.86,465.09
ORD-11925,2023-05-16,2023-05-17,Standard Class,CUST-2526,Michael Berry,Home Office,North,Utah,Furniture,Bookcases,Lowe LLC Bookcases,7,353.76,0.05,2352.5,1538.93,813.57
ORD-11926,2021-11-01,2021-11-05,Standard Class,CUST-2141,Julie Gibbs,Consumer,South,Alabama,Technology,Laptops,Moran Inc Laptops,5,710.11,0.1,3195.5,2248.1,947.4
ORD-11927,2023-11-07,2023-11-11,Second Class,CUST-1181,Ryan Woods,Home Office,East,Washington,Technology,Printers,Fowler-Rhodes Printers,7,495.61,0.1,3122.34,1659.94,1462.4
ORD-11928,2021-11-25,2021-11-29,Same Day,CUST-1024,Ann Wiley,Corporate,South,Maine,Office Supplies,Labels,Fischer Group Labels,6,2.82,0.05,16.07,9.31,6.76
ORD-11929,2022-08-18,2022-08-22,Standard Class,CUST-1431,Edward White,Corporate,West,Pennsylvania,Furniture,Tables,Jacobs-Craig Tables,1,336.1,0.1,302.49,230.53,71.96
ORD-11930,2023-03-31,2023-04-05,Standard Class,CUST-2556,Bonnie Hernandez,Home Office,East,Maine,Office Supplies,Paper,"Campbell, Anderson and Haynes Paper",4,30.64,0.1,110.3,61.95,48.35
ORD-11931,2023-09-12,2023-09-15,Same Day,CUST-1776,Shawn Little,Home Office,West,Colorado,Technology,Accessories,Robertson Ltd Accessories,5,45.74,0.05,217.27,117.79,99.48
ORD-11932,2023-06-02,2023-06-03,Standard Class,CUST-1748,Timothy Ford,Corporate,South,South Carolina,Office Supplies,Pens & Pencils,Carpenter and Sons Pens & Pencils,9,3.57,0.0,32.13,16.9,15.23
ORD-11933,2021-02-03,2021-02-09,Same Day,CUST-2709,Benjamin Schwartz,Corporate,West,South Carolina,Office Supplies,Binders,Osborne PLC Binders,2,37.27,0.05,70.81,50.91,19.9
ORD-1204,2023-10-12,2023-10-18,Second Class,CUST-2603,Ashley Glover,Consumer,West,Alabama,Office Supplies,Binders,"Massey, Pope and Barry Binders",8,11.89,0.1,85.61,45.17,40.44
ORD-11935,2021-04-28,2021-04-30,,CUST-1594,Vanessa Sanchez,Corporate,East,Delaware,Technology,Printers,Lee-Mcclain Printers,8,227.25,0.1,1636.2,937.46,698.74
ORD-11936,2022-03-04,2022-03-09,Standard Class,CUST-1938,Daisy Strong,Consumer,West,Florida,Technology,Accessories,Vasquez Ltd Accessories,6,18.09,0.0,108.54,64.75,43.79
ORD-11937,2021-05-02,2021-05-03,First Class,CUST-1457,Christina Phillips,Corporate,South,California,Technology,Printers,Howard-Campbell Printers,7,276.3,0.0,1934.1,976.6,957.5
ORD-11938,2023-04-26,2023-04-29,First Class,CUST-1793,Jamie Banks,Consumer,West,Mississippi,Furniture,Bookcases,"Zamora, Gardner and Medina Bookcases",4,332.12,0.5,664.24,927.14,-262.9
ORD-11939,2022-11-02,2022-11-08,Second Class,CUST-1260,Jeremy Brewer,Consumer,North,South Dakota,Furniture,Desks,"Foster, Jordan and Taylor Desks",9,495.15,0.05,,2509.31,1724.22
ORD-11940,2021-07-29,2021-07-31,Same Day,CUST-2062,David Lee,Home Office,North,Montana,Technology,Monitors,Velez Ltd Monitors,5,822.48,0.0,4112.4,2722.42,1389.98
ORD-11941,2023-06-03,2023-06-04,Standard Class,CUST-2740,Douglas Johnson,Consumer,South,Maine,Office Supplies,Paper,Jones and Sons Paper,3,55.77,0.15,142.21,92.56,49.65
ORD-11942,2022-02-01,2022-02-05,Standard Class,CUST-1800,Amy Johnson,Home Office,East,Delaware,Furniture,Desks,Strickland Inc Desks,9,636.58,0.0,5729.22,3124.74,2604.48
ORD-11943,2023-03-16,2023-03-18,First Class,CUST-1945,Robert West,Consumer,West,Michigan,Furniture,Bookcases,Barrera-Washington Bookcases,3,193.21,0.0,579.63,282.45,297.18
ORD-11944,2021-11-09,2021-11-13,Standard Class,CUST-2663,Mary Smith,Consumer,East,Maine,Technology,Printers,"Cisneros, Bryant and Wright Printers",4,270.84,0.3,758.35,496.06,262.29
ORD-11945,2021-07-09,2021-07-16,Standard Class,CUST-1254,Mrs. Megan Dunn,Consumer,South,Illinois,Technology,Tablets,Freeman-Velasquez Tablets,10,645.45,0.0,6454.5,4406.29,2048.21
ORD-11946,2023-04-19,2023-04-24,Second Class,CUST-1592,Amanda Flores,Consumer,North,Connecticut,Furniture,Bookcases,"Williams, Perez and Horton Bookcases",7,432.68,0.3,2120.13,1912.87,207.26
ORD-11947,2021-08-01,2021-08-04,Standard Class,CUST-2887,Joshua Macdonald,Consumer,South,Arizona,Technology,Printers,West-Carlson Printers,-2,120.82,0.0,241.64,160.56,81.08
ORD-11948,2023-01-10,2023-01-14,First Class,CUST-2622,Charles Ryan,Consumer,West,Pennsylvania,Technology,Printers,Hamilton-Collins Printers,-8,410.81,0.2,2629.18,1510.59,1118.59
ORD-11949,2022-12-26,2023-01-02,Standard Class,CUST-1970,Michael Powers,Consumer,South,Hawaii,Office Supplies,Paper,Burke-Hunt Paper,9,21.28,0.0,191.52,98.76,92.76
ORD-11950,2022-03-16,2022-03-23,Same Day,CUST-1528,Nathan Jenkins,Home Office,West,Mississippi,Office Supplies,Pens & Pencils,Huynh Ltd Pens & Pencils,8,17.21,0.05,130.8,62.9,67.9
ORD-11951,2022-08-15,2022-08-16,Same Day,CUST-2973,Adam King PhD,Corporate,North,Delaware,Technology,Tablets,"Benjamin, Sanchez and Ball Tablets",4,762.67,0.05,2898.15,2134.62,763.53
ORD-11952,2021-04-04,2021-04-07,First Class,CUST-1494,Stefanie Reynolds,Consumer,North,Montana,Technology,Phones,Francis-Ramirez Phones,3,216.92,0.0,650.76,303.48,347.28
ORD-11953,2022-04-08,2022-04-12,Same Day,CUST-1043,Alicia Kelly,Consumer,East,Michigan,Technology,Laptops,"Dean, Frank and Turner Laptops",10,1995.03,0.0,19950.3,9804.29,10146.01
ORD-11954,2023-11-29,2023-12-04,Same Day,CUST-1142,Mark Vargas,Corporate,North,Maryland,Office Supplies,Pens & Pencils,Franco-Lee Pens & Pencils,7,23.86,0.0,167.02,101.72,65.3
ORD-11955,2021-05-28,2021-06-01,Same Day,CUST-2764,Jason Thompson,Consumer,West,Montana,Furniture,Desks,Wilkins-Lucas Desks,2,545.82,0.0,1091.64,492.31,599.33
ORD-11956,2021-06-01,2021-06-05,Standard Class,CUST-1866,Dr. Melanie Serrano,Consumer,North,Alaska,Office Supplies,Labels,Thomas Ltd Labels,10,18.33,0.0,183.3,87.22,96.08
ORD-11957,2023-07-06,2023-07-09,First Class,CUST-2355,Linda Bates,Home Office,East,Massachusetts,Office Supplies,Labels,Walker and Sons Labels,2,2.43,0.0,4.86,2.91,1.95
ORD-11958,2022-03-09,2022-03-15,Standard Class,CUST-1002,Hunter Kelly,Consumer,East,Massachusetts,Furniture,Shelving,Williams LLC Shelving,6,229.91,0.0,1379.46,855.16,524.3
ORD-11959,2023-09-06,2023-09-12,Second Class,CUST-1930,Jennifer Bell,Consumer,East,Nevada,Furniture,Shelving,Bray-Burgess Shelving,7,191.74,0.05,1275.07,844.78,430.29
ORD-11960,2022-12-16,2022-12-23,Second Class,CUST-2986,Laura Cantrell,Home Office,South,Kansas,Office Supplies,Envelopes,"Adkins, Morrow and Andrews Envelopes",5,27.65,0.05,131.34,68.99,62.35
ORD-11961,2022-05-10,2022-05-13,First Class,CUST-2832,Catherine Morales,Corporate,West,Wisconsin,Furniture,Desks,Smith-Weaver Desks,7,1052.33,0.05,6997.99,5139.9,1858.09
ORD-11962,2023-08-06,2023-08-11,Same Day,CUST-1248,Janet Oconnor,Corporate,South,Missouri,Office Supplies,Paper,Thompson Ltd Paper,6,28.67,0.0,172.02,112.88,59.14
ORD-11963,2023-04-01,2023-04-03,First Class,CUST-2220,James Pratt,Corporate,North,Virginia,Office Supplies,Paper,"Anderson, Richardson and May Paper",10,26.63,0.05,252.98,146.01,106.97
ORD-11964,2022-05-02,2022-05-05,,CUST-2720,Sheryl Obrien,Consumer,West,Mississippi,Technology,Printers,"Graham, Adams and Gardner Printers",6,424.56,0.0,2547.36,1527.97,1019.39
ORD-11965,2021-12-22,2021-12-26,Standard Class,CUST-2365,Ryan Norman,Consumer,North,West Virginia,Office Supplies,Envelopes,Miles-Green Envelopes,3,18.75,0.0,,34.05,22.2
ORD-11966,2022-06-01,2022-06-08,Same Day,CUST-1167,Christopher Cooper,Consumer,North,Arizona,Furniture,Chairs,"Kerr, Hughes and Gomez Chairs",6,148.19,0.0,889.14,457.45,431.69
ORD-11967,2023-02-08,2023-02-15,Second Class,CUST-2393,Jo Mathews,Home Office,West,Oklahoma,Technology,Laptops,"Daugherty, Mitchell and Johnson Laptops",9,665.63,0.05,5691.14,3149.53,2541.61
ORD-11968,2023-08-13,2023-08-19,First Class,CUST-2753,Andrew Bishop,Corporate,East,South Carolina,Office Supplies,Binders,Mullins-Hoffman Binders,4,10.28,0.0,41.12,23.58,17.54
ORD-11969,2022-03-13,2022-03-20,Second Class,CUST-1814,Michele Silva,Corporate,North,Virginia,Furniture,Tables,"Norton, Bennett and Li Tables",3,216.89,0.0,650.67,296.22,354.45
ORD-11970,2023-06-13,2023-06-18,Same Day,CUST-1648,Jacob Saunders,Home Office,North,Montana,Office Supplies,Storage,"Patel, Murphy and Ramos Storage",4,14.42,0.15,49.03,27.63,21.4
ORD-11971,2022-01-03,2022-01-06,Standard Class,CUST-1305,Scott Harrison,Home Office,West,Michigan,Office Supplies,Storage,Donovan Group Storage,1,40.42,0.15,34.36,25.61,8.75
ORD-11972,2022-01-17,2022-01-20,First Class,CUST-2559,Christopher Hood,Corporate,East,Washington,Office Supplies,Paper,Walker Group Paper,10,14.61,0.0,146.1,71.79,74.31
ORD-11973,2023-06-10,2023-06-15,Same Day,CUST-1237,Dr. John Scott,Consumer,East,Maryland,Office Supplies,Envelopes,"Navarro, Price and Proctor Envelopes",4,17.05,0.15,57.97,43.13,14.84
ORD-11974,2021-06-24,2021-07-01,Standard Class,CUST-2216,Carlos Price,Home Office,North,New Jersey,Technology,Monitors,Cortez Inc Monitors,5,184.75,0.0,923.75,531.08,392.67
ORD-11975,2021-07-20,2021-07-26,Standard Class,CUST-1545,James Wilson,Corporate,South,South Carolina,Furniture,Tables,Flores-Goodwin Tables,3,1084.07,0.15,2764.38,1753.21,1011.17
ORD-11976,2022-01-25,2022-01-28,Same Day,CUST-2630,Jordan Villa,Consumer,South,Ohio,Office Supplies,Binders,Velez-Ortiz Binders,3,7.3,0.2,17.52,11.04,6.48
ORD-11977,2022-02-05,2022-02-10,Same Day,CUST-2746,Jessica Kelley,Home Office,East,Texas,Furniture,Bookcases,Moran Ltd Bookcases,10,211.67,0.05,2010.86,1334.31,676.55
ORD-11978,2022-03-20,2022-03-24,Standard Class,CUST-1447,Brittany Carter,Home Office,West,Alabama,Office Supplies,Paper,"Mitchell, Smith and Howard Paper",3,36.04,0.0,108.12,61.61,46.51
ORD-11979,2021-11-25,2021-11-27,Second Class,CUST-2112,Richard Lara,Consumer,East,Ohio,Technology,Printers,"Osborne, Newman and Hurley Printers",8,284.33,0.15,1933.44,1339.54,593.9
ORD-11980,2021-10-13,2021-10-18,Second Class,CUST-2717,Jeffrey Johnson,Consumer,North,New York,Office Supplies,Binders,"Wilson, Meza and Bailey Binders",9,4.19,0.1,33.94,26.34,7.6
ORD-11981,2022-12-25,2023-01-01,Same Day,CUST-1305,Joseph Conway,Consumer,North,Maryland,Technology,Phones,West-Knight Phones,9,882.95,0.05,7549.22,4423.76,3125.46
ORD-11982,2022-06-03,2022-06-10,,CUST-2467,Sandra Ewing,Consumer,West,Utah,Office Supplies,Binders,"Edwards, Browning and Smith Binders",10,3.24,0.0,32.4,18.99,13.41
ORD-11983,2022-12-25,2022-12-28,Second Class,CUST-1037,Jesse Bautista,Corporate,North,Georgia,Furniture,Tables,Gonzales and Sons Tables,4,1171.6,0.05,4452.08,2964.92,1487.16
ORD-11984,2022-03-02,2022-03-08,Second Class,CUST-1021,Maurice Bailey MD,Corporate,South,Rhode Island,Technology,Tablets,"King, Ellis and Hays Tablets",5,224.64,0.1,1010.88,751.73,259.15
ORD-11985,2022-07-11,2022-07-17,Standard Class,CUST-1562,Robert Jones,Consumer,West,Minnesota,Technology,Monitors,"Frank, Davis and Johnson Monitors",3,391.68,0.1,1057.54,584.7,472.84
ORD-11986,2023-05-02,2023-05-08,Standard Class,CUST-2720,Heather Cooper,Corporate,West,New Mexico,Office Supplies,Binders,Hudson Group Binders,7,24.25,0.1,152.78,81.13,71.65
ORD-11987,2022-06-02,2022-06-03,Standard Class,CUST-1892,David Hernandez,Corporate,East,Texas,Furniture,Tables,"Rivera, Mendoza and Elliott Tables",5,1123.1,0.0,5615.5,2917.88,2697.62
ORD-11988,2021-07-14,2021-07-18,First Class,CUST-2936,Gina Turner,Corporate,South,North Dakota,Furniture,Tables,"Knight, Williams and Cisneros Tables",9,125.91,0.0,1133.19,538.22,594.97
ORD-11989,2023-04-16,2023-04-21,First Class,CUST-1202,Rodney Davis,Home Office,South,Kentucky,Furniture,Chairs,"Walker, Hart and Martinez Chairs",5,560.81,0.0,2804.05,1720.42,1083.63
ORD-11990,2021-04-09,2021-04-12,Second Class,CUST-1933,Sandra Santos,Home Office,West,Hawaii,Technology,Printers,Patton-Larsen Printers,6,514.96,0.0,3089.76,2003.08,1086.68
ORD-11991,2022-11-28,2022-12-04,First Class,CUST-1745,Peter Richardson,Consumer,North,Arkansas,Furniture,Bookcases,"Gregory, Patel and Russell Bookcases",5,163.41,0.1,735.35,450.32,285.03
ORD-11992,2021-12-29,2022-01-02,Same Day,CUST-1911,Francisco Kennedy,Corporate,North,Alabama,Technology,Laptops,"Shepard, Stewart and Adams Laptops",3,1880.49,0.15,4795.25,3191.67,1603.58
ORD-11993,2021-08-30,2021-09-06,Standard Class,CUST-2820,Kimberly Graves,Corporate,South,Maine,Technology,Laptops,Turner Inc Laptops,6,956.62,0.15,4878.76,3433.8,1444.96
ORD-11994,2022-01-06,2022-01-07,First Class,CUST-2154,Sydney Johnson,Corporate,West,Connecticut,Technology,Tablets,Harris Ltd Tablets,4,794.58,0.0,3178.32,1719.84,1458.48
ORD-11995,2022-04-03,2022-04-04,Second Class,CUST-1957,Harry Hensley,Corporate,South,Alabama,Office Supplies,Storage,Bradley-Cooper Storage,10,44.71,0.5,223.55,311.79,-88.24
ORD-11996,2021-03-21,2021-03-28,First Class,CUST-2350,Jason Bailey,Consumer,South,Illinois,Office Supplies,Pens & Pencils,Koch-Smith Pens & Pencils,2,9.48,0.0,18.96,11.24,7.72
ORD-11997,2023-07-29,2023-08-02,Standard Class,CUST-2375,Crystal Carter,Home Office,South,Oregon,Technology,Monitors,Rhodes PLC Monitors,9,301.06,0.05,2574.06,1351.9,1222.16
ORD-11998,2023-09-09,2023-09-14,Standard Class,CUST-1259,Gary Allen,Corporate,North,Pennsylvania,Technology,Accessories,Hickman Inc Accessories,8,148.37,0.0,1186.96,750.91,436.05
ORD-11999,2023-11-30,2023-12-06,Second Class,CUST-2051,Jessica Liu MD,Corporate,West,Kentucky,Furniture,Bookcases,Hines and Sons Bookcases,1,366.21,0.2,292.97,226.75,66.22
ORD-12000,2021-01-18,2021-01-24,Same Day,CUST-2202,Jo White,Corporate,East,New York,Furniture,Chairs,Thomas-Gray Chairs,-5,527.8,0.15,2243.15,1347.68,895.47
ORD-12001,2023-04-06,2023-04-11,Standard Class,CUST-1872,Rhonda Bauer,Consumer,West,Mississippi,Office Supplies,Pens & Pencils,Page-Thomas Pens & Pencils,5,12.64,0.15,53.72,29.12,24.6
ORD-12002,2023-03-12,2023-03-13,First Class,CUST-1510,Christopher Hodge,Corporate,South,Missouri,Furniture,Bookcases,"Hughes, Wallace and Green Bookcases",4,185.32,0.0,741.28,353.8,387.48
ORD-12003,2023-07-12,2023-07-17,Same Day,CUST-2017,Brandon Aguirre,Corporate,West,Kansas,Furniture,Shelving,Swanson-Rodriguez Shelving,10,125.64,0.1,1130.76,833.96,296.8
ORD-12004,2023-09-29,2023-10-06,Second Class,CUST-1906,Shannon West,Home Office,North,Vermont,Furniture,Shelving,Long-Wyatt Shelving,8,58.73,0.05,446.35,290.97,155.38
ORD-12005,2021-01-06,2021-01-10,Second Class,CUST-2195,Brian Kaiser,Consumer,South,New York,Furniture,Tables,Martinez-Hess Tables,7,762.65,0.0,5338.55,2436.43,2902.12
ORD-12006,2022-11-28,2022-11-30,,CUST-2568,Alexis Summers,Consumer,South,Wisconsin,Technology,Monitors,"Ramirez, Washington and West Monitors",9,686.62,0.0,6179.58,3412.36,2767.22
ORD-12007,2022-05-03,2022-05-06,Same Day,CUST-2656,William Perkins,Consumer,East,Georgia,Technology,Laptops,Martinez-Clark Laptops,3,1670.97,0.2,4010.33,2454.6,1555.73
ORD-12008,2021-06-03,2021-06-06,Second Class,CUST-2814,Pedro Davis,Consumer,South,South Dakota,Furniture,Tables,"Martin, Cobb and Flores Tables",10,335.11,0.1,3015.99,1911.86,1104.13
ORD-12009,2021-03-25,2021-03-29,Standard Class,CUST-1398,Luis Adams,Corporate,East,Washington,Furniture,Bookcases,"Perez, Wright and Stone Bookcases",6,198.14,0.1,1069.96,579.2,490.76
ORD-12010,2021-07-10,2021-07-16,Second Class,CUST-2547,Jessica Robinson,Consumer,West,Connecticut,Office Supplies,Pens & Pencils,"Johnson, Werner and Russell Pens & Pencils",8,14.96,0.15,101.73,70.72,31.01
ORD-12011,2022-05-01,2022-05-07,Second Class,CUST-1790,Andrew Werner,Corporate,East,Florida,Office Supplies,Paper,"Holloway, Benson and Owens Paper",7,29.07,0.0,203.49,119.09,84.4
ORD-12012,2022-11-28,2022-12-03,First Class,CUST-1835,Andrew Blanchard,Consumer,East,Delaware,Office Supplies,Labels,"Galvan, Mcclure and Griffith Labels",4,14.51,0.1,52.24,37.89,14.35
ORD-12013,2021-10-08,2021-10-12,First Class,CUST-2180,David Lewis,Home Office,North,Wyoming,Office Supplies,Paper,"Wu, Brown and Perkins Paper",8,32.48,0.1,233.86,130.98,102.88
ORD-12014,2021-10-19,2021-10-23,Second Class,CUST-1376,Mason Robinson,Home Office,South,California,Office Supplies,Envelopes,Hartman Ltd Envelopes,1,25.23,0.0,25.23,13.73,11.5
ORD-12015,2021-03-18,2021-03-22,Same Day,CUST-1048,Dr. Elizabeth Myers MD,Home Office,North,Vermont,Technology,Laptops,Santos LLC Laptops,6,1389.93,0.3,5837.71,5364.97,472.74
ORD-12016,2023-07-26,2023-07-30,Second Class,CUST-2868,Mark Conner,Consumer,West,Connecticut,Office Supplies,Envelopes,Vazquez Ltd Envelopes,1,5.91,0.0,5.91,3.56,2.35
ORD-12017,2021-05-29,2021-06-04,Second Class,CUST-1773,Michael Martinez,Home Office,South,Tennessee,Technology,Accessories,Martinez-Pham Accessories,4,20.34,0.1,73.22,49.53,23.69
ORD-12018,2021-04-24,2021-04-29,Second Class,CUST-1477,Adrian Smith,Home Office,West,Ohio,Technology,Laptops,Davenport-Montes Laptops,4,1790.14,0.0,7160.56,3297.66,3862.9
ORD-12019,2023-07-01,2023-07-08,First Class,CUST-1297,John Jackson,Consumer,West,Pennsylvania,Office Supplies,Envelopes,Young Ltd Envelopes,8,10.55,0.15,71.74,49.41,22.33
ORD-12020,2021-12-09,2021-12-13,Standard Class,CUST-2846,Bianca Hoover,Corporate,East,Kentucky,Technology,Monitors,Bond-Nguyen Monitors,9,269.08,0.15,2058.46,1683.61,374.85
ORD-12021,2023-05-04,2023-05-11,First Class,CUST-1873,Ashley Chambers,Corporate,West,North Dakota,Office Supplies,Envelopes,"Vargas, Miller and Hanson Envelopes",9,14.32,0.05,122.44,58.42,64.02
ORD-12022,2023-08-20,2023-08-24,Same Day,CUST-1028,Carla Watkins,Corporate,North,Pennsylvania,Technology,Accessories,Spencer-Parks Accessories,6,97.87,0.0,587.22,366.26,220.96
ORD-12023,2023-11-19,2023-11-24,Standard Class,CUST-1313,Michele Fowler,Home Office,East,Maine,Furniture,Shelving,Evans and Sons Shelving,6,110.87,0.0,665.22,313.72,351.5
ORD-12024,2021-05-26,2021-06-01,Second Class,CUST-1244,Brian Hull,Corporate,North,Michigan,Technology,Phones,"Foley, Holloway and Brooks Phones",10,722.45,0.0,7224.5,4491.86,2732.64
ORD-12025,2023-03-26,2023-03-31,Same Day,CUST-1152,Scott Lucas,Home Office,West,Idaho,Technology,Printers,Delacruz-Vang Printers,8,181.86,0.0,1454.88,795.53,659.35
ORD-12026,2021-09-10,2021-09-12,Second Class,CUST-1273,Crystal Hall,Home Office,East,North Carolina,Office Supplies,Pens & Pencils,Patterson PLC Pens & Pencils,10,24.99,0.15,212.41,145.17,67.24
ORD-12027,2022-06-20,2022-06-25,Standard Class,CUST-2906,Adam Barrera,Home Office,North,South Dakota,Technology,Printers,"Stephenson, Smith and Williams Printers",5,429.57,0.0,2147.85,1290.82,857.03
ORD-12028,2021-07-31,2021-08-06,First Class,CUST-1584,Eric Wise,Consumer,East,Washington,Office Supplies,Paper,"Braun, Mccarty and Martin Paper",7,43.07,0.0,301.49,171.81,129.68
ORD-12029,2022-08-25,2022-08-29,Same Day,CUST-2995,Kayla Webster,Consumer,North,New Hampshire,Technology,Monitors,Jones-Kim Monitors,9,468.49,0.05,4005.59,2057.26,1948.33
ORD-12030,2021-02-27,2021-03-05,Standard Class,CUST-1304,Katherine Roy,Corporate,East,Indiana,Technology,Tablets,Dunlap-Chen Tablets,1,751.35,0.1,676.22,476.53,199.69
ORD-12031,2021-12-19,2021-12-24,Standard Class,CUST-2852,Thomas Payne,Home Office,West,North Dakota,Furniture,Tables,Brown Ltd Tables,4,345.59,0.1,1244.12,964.11,280.01
ORD-12032,2023-07-14,2023-07-20,Same Day,CUST-1342,Samuel Oconnell,Corporate,South,Hawaii,Office Supplies,Envelopes,"Miller, Avery and Flowers Envelopes",6,15.44,0.05,88.01,61.77,26.24
ORD-12033,2022-08-06,2022-08-07,Second Class,CUST-1902,Christy White DDS,Corporate,North,North Carolina,Office Supplies,Envelopes,Lee-Bautista Envelopes,10,21.31,0.1,191.79,100.34,91.45
ORD-12034,2023-03-21,2023-03-27,Second Class,CUST-2245,Cynthia Parker,Corporate,West,Idaho,Furniture,Bookcases,Vazquez Ltd Bookcases,4,100.88,0.0,403.52,261.22,142.3
ORD-12035,2021-07-01,2021-07-08,,CUST-2346,Andrew Berry,Consumer,East,Colorado,Furniture,Chairs,"Barnes, Sexton and Nicholson Chairs",7,689.7,0.1,4345.11,2587.16,1757.95
ORD-12036,2021-04-30,2021-05-02,First Class,CUST-2030,Natasha Moody,Corporate,South,Arizona,Furniture,Bookcases,Brown PLC Bookcases,7,330.77,0.05,2199.62,1062.1,1137.52
ORD-12037,2023-06-14,2023-06-16,Standard Class,CUST-1498,Steven Williams,Corporate,South,Maine,Office Supplies,Envelopes,"Contreras, Rodriguez and Hawkins Envelopes",6,4.22,0.0,25.32,15.05,10.27
ORD-12038,2021-05-26,2021-05-31,Standard Class,CUST-2837,Taylor Vincent,Home Office,East,Maine,Office Supplies,Envelopes,"Williams, Williams and Hodges Envelopes",2,18.96,0.2,30.34,21.98,8.36
ORD-12039,2021-04-18,2021-04-25,Same Day,CUST-1406,Benjamin Kelley,Home Office,East,Alabama,Furniture,Desks,Sellers-Smith Desks,2,1000.36,0.0,2000.72,1233.45,767.27
ORD-12040,2023-10-12,2023-10-18,Same Day,CUST-2743,Alexandra Mathews,Corporate,East,Minnesota,Furniture,Shelving,"Phillips, Sanchez and Harris Shelving",1,42.16,0.2,,22.62,11.11
ORD-12041,2021-05-12,2021-05-19,Standard Class,CUST-2990,James Freeman,Home Office,East,Connecticut,Furniture,Desks,"Vang, Smith and Hall Desks",9,1004.9,0.15,7687.48,4388.44,3299.04
ORD-12042,2023-09-14,2023-09-20,Second Class,CUST-1971,Anthony Smith,Consumer,North,Iowa,Furniture,Shelving,"Fernandez, Gutierrez and Zavala Shelving",5,112.81,0.0,564.05,388.97,175.08
ORD-12043,2022-01-06,2022-01-10,First Class,CUST-1876,Jennifer Chambers,Home Office,West,New Jersey,Office Supplies,Storage,"Byrd, Thomas and Jefferson Storage",3,15.5,0.0,46.5,22.6,23.9
ORD-12044,2021-05-22,2021-05-24,First Class,CUST-2250,Janet Pope,Consumer,South,Rhode Island,Furniture,Shelving,Brewer-Gross Shelving,8,176.43,0.0,1411.44,902.79,508.65
ORD-12045,2022-03-04,2022-03-07,First Class,CUST-2234,Jacqueline Hall MD,Consumer,North,Colorado,Office Supplies,Paper,Jones-Oliver Paper,10,43.02,0.0,430.2,200.47,229.73
ORD-12046,2022-12-17,2022-12-21,Second Class,CUST-1737,Jessica Wagner,Corporate,West,Kansas,Technology,Printers,Green Group Printers,9,517.57,0.0,4658.13,3014.19,1643.94
ORD-12047,2022-06-01,2022-06-06,Same Day,CUST-1475,Justin Lindsey,Consumer,West,Oklahoma,Technology,Accessories,Garcia LLC Accessories,4,28.52,0.15,96.97,63.28,33.69
ORD-12048,2021-12-27,2022-01-03,Second Class,CUST-2536,Angel Moore,Corporate,North,South Dakota,Technology,Monitors,Silva-Blevins Monitors,8,679.91,0.05,5167.32,3585.84,1581.48
ORD-12049,2021-08-04,2021-08-06,First Class,CUST-2430,Patricia Johnson,Consumer,West,Rhode Island,Furniture,Tables,Jackson-Carter Tables,3,997.32,0.0,2991.96,1990.83,1001.13
ORD-12050,2022-09-04,2022-09-07,Same Day,CUST-2051,Emily Taylor,Corporate,West,Florida,Furniture,Desks,Roberts-Coleman Desks,8,713.36,0.05,5421.54,3023.15,2398.39
ORD-12051,2023-12-06,2023-12-08,Second Class,CUST-1350,Tyler Miller,Home Office,West,North Dakota,Technology,Printers,Adams-Atkins Printers,5,305.16,0.0,1525.8,896.78,629.02
ORD-12052,2023-12-14,2023-12-21,Same Day,CUST-2823,Mary Horton,Consumer,East,South Dakota,Office Supplies,Labels,Miranda-White Labels,6,2.75,0.15,14.03,10.37,3.66
ORD-12053,2023-08-01,2023-08-02,Second Class,CUST-1343,Timothy Christian,Consumer,South,Nevada,Office Supplies,Paper,Robinson-Phillips Paper,1,23.06,0.0,23.06,13.49,9.57
ORD-12054,2023-09-12,2023-09-17,Second Class,CUST-2109,Jennifer Leon,Home Office,East,Florida,Technology,Monitors,Hernandez-Fitzpatrick Monitors,7,800.6,0.05,5323.99,3824.12,1499.87
ORD-12055,2023-09-17,2023-09-21,Second Class,CUST-1896,Jonathan Taylor,Consumer,North,Pennsylvania,Technology,Phones,Hays Ltd Phones,8,344.03,0.1,2477.02,1586.54,890.48
ORD-12056,2023-01-25,2023-01-29,First Class,CUST-1355,Adam Brown,Consumer,South,Nevada,Office Supplies,Binders,Keller and Sons Binders,4,27.64,0.15,93.98,70.6,23.38
ORD-12057,2023-08-21,2023-08-23,First Class,CUST-1946,Darlene Olson,Consumer,South,Wisconsin,Office Supplies,Storage,Gilmore and Sons Storage,1,55.1,0.0,55.1,34.52,20.58
ORD-12058,2021-03-27,2021-04-03,,CUST-1700,Amanda Lewis,Corporate,East,Maine,Technology,Tablets,Taylor-Murphy Tablets,8,373.85,0.2,2392.64,1935.54,457.1
ORD-12059,2021-08-01,2021-08-05,Same Day,CUST-2748,Anthony Wheeler,Consumer,East,Massachusetts,Office Supplies,Labels,Stewart Group Labels,4,12.87,0.5,25.74,26.94,-1.2
ORD-12060,2022-12-05,2022-12-09,Second Class,CUST-2977,Sandy Ramos,Corporate,East,Georgia,Furniture,Tables,Baker LLC Tables,5,999.93,0.0,4999.65,3301.53,1698.12
ORD-12061,2022-11-08,2022-11-11,Standard Class,CUST-1896,Jose Sanchez,Consumer,North,Oklahoma,Furniture,Tables,Wyatt-Andrews Tables,4,809.26,0.0,3237.04,1588.61,1648.43
ORD-12062,2022-07-26,2022-07-28,First Class,CUST-1844,Lisa Roberts,Consumer,East,Nebraska,Furniture,Tables,"Anderson, Brown and Edwards Tables",4,1349.81,0.1,4859.32,3229.86,1629.46
ORD-12063,2023-10-31,2023-11-04,Standard Class,CUST-1294,Molly Wilson,Home Office,South,Arizona,Technology,Laptops,Miller-Parks Laptops,1,719.2,0.0,719.2,367.03,352.17
ORD-12064,2021-08-28,2021-08-31,Standard Class,CUST-1573,Troy Jones,Consumer,East,Oklahoma,Technology,Printers,"Mason, Hutchinson and Mcfarland Printers",10,300.64,0.0,3006.4,1859.2,1147.2
ORD-12065,2023-02-20,2023-02-23,Same Day,CUST-1753,Joy Mccormick,Corporate,East,South Carolina,Office Supplies,Storage,Rush-Gilmore Storage,8,11.48,0.0,91.84,48.65,43.19
ORD-12066,2022-05-07,2022-05-13,First Class,CUST-2454,Paul Baker,Home Office,North,California,Office Supplies,Storage,Miles-Jackson Storage,6,33.84,0.05,192.89,108.76,84.13
ORD-12067,2022-12-08,2022-12-10,First Class,CUST-2747,Nathan Moore,Home Office,East,New Hampshire,Office Supplies,Paper,Hernandez-Miller Paper,6,21.52,0.2,103.3,76.15,27.15
ORD-12068,2021-05-18,2021-05-23,Standard Class,CUST-1613,George Bass,Corporate,West,Massachusetts,Technology,Laptops,Webster Ltd Laptops,9,1919.37,0.05,16410.61,9126.61,7284.0
ORD-12069,2022-06-21,2022-06-25,Second Class,CUST-2586,Robert Golden,Home Office,South,Alaska,Office Supplies,Envelopes,Cooper-Yang Envelopes,3,10.99,0.0,32.97,18.02,14.95
ORD-12070,2022-08-06,2022-08-09,Standard Class,CUST-2193,Christopher Sherman,Consumer,West,Wisconsin,Office Supplies,Paper,Matthews-Mueller Paper,-6,15.37,0.1,83.0,58.51,24.49
ORD-12071,2023-01-11,2023-01-17,Standard Class,CUST-1979,Samantha Haynes,Home Office,East,Pennsylvania,Technology,Printers,"Jordan, Bates and Smith Printers",1,414.87,0.05,394.13,280.16,113.97
ORD-12072,2022-04-30,2022-05-02,First Class,CUST-1176,Robert Lang,Home Office,North,Illinois,Furniture,Shelving,Morse-Chen Shelving,1,55.89,0.0,55.89,36.34,19.55
ORD-12073,2023-06-05,2023-06-11,First Class,CUST-2119,Hannah Cooper,Corporate,North,Florida,Technology,Monitors,Salinas Inc Monitors,4,749.94,0.0,2999.76,1501.48,1498.28
ORD-12074,2022-02-22,2022-02-27,Standard Class,CUST-1188,Christian Green,Corporate,East,Alaska,Technology,Phones,Mason Group Phones,3,439.22,0.0,1317.66,796.94,520.72
ORD-12075,2022-09-11,2022-09-18,Standard Class,CUST-2688,Thomas Aguilar,Home Office,North,North Carolina,Furniture,Chairs,"Case, Reyes and Palmer Chairs",9,213.46,0.3,1344.8,1189.87,154.93
ORD-12076,2022-02-28,2022-03-01,Second Class,CUST-2557,Joyce Watts,Corporate,West,Minnesota,Furniture,Shelving,"Hughes, Stewart and Scott Shelving",1,265.9,0.05,252.6,145.75,106.85
ORD-12077,2021-07-08,2021-07-13,Second Class,CUST-2562,James Rocha,Corporate,East,Arizona,Office Supplies,Paper,Santos-Valdez Paper,2,59.54,0.2,95.26,80.44,14.82
ORD-12078,2022-05-25,2022-05-28,Second Class,CUST-1753,Kelly Baker,Corporate,North,Michigan,Technology,Printers,Dominguez-Rodriguez Printers,1,502.83,0.0,502.83,337.82,165.01
ORD-12079,2022-12-12,2022-12-19,Standard Class,CUST-2760,Anthony Pena,Home Office,West,California,Office Supplies,Paper,Smith-Delacruz Paper,9,19.09,0.0,171.81,98.62,73.19
ORD-12080,2023-10-16,2023-10-22,Same Day,CUST-2335,Melissa Mitchell,Home Office,North,Massachusetts,Technology,Monitors,Manning-Patton Monitors,7,206.43,0.1,1300.51,721.0,579.51
ORD-12081,2023-05-20,2023-05-24,Same Day,CUST-1707,Sabrina Hess,Home Office,East,Louisiana,Office Supplies,Envelopes,"Wheeler, Morales and Acosta Envelopes",1,23.39,0.3,16.37,11.73,4.64
ORD-12082,2023-08-03,2023-08-04,Second Class,CUST-2395,Loretta Berry,Corporate,North,Indiana,Office Supplies,Labels,"Garcia, Morton and Peck Labels",7,17.53,0.0,122.71,62.82,59.89
ORD-12083,2022-09-03,2022-09-05,Same Day,CUST-1831,Jeffrey Sanders,Corporate,West,Alabama,Technology,Tablets,"Harding, Espinoza and Lang Tablets",2,472.06,0.0,944.12,467.95,476.17
ORD-12084,2021-01-11,2021-01-18,Second Class,CUST-2074,Travis Byrd,Corporate,South,South Dakota,Office Supplies,Pens & Pencils,"Knight, James and Shields Pens & Pencils",9,22.28,0.1,180.47,107.03,73.44
ORD-12085,2023-05-12,2023-05-19,Standard Class,CUST-1636,Kimberly Obrien,Home Office,South,Arizona,Furniture,Bookcases,"Davis, Gibson and Perry Bookcases",6,302.18,0.1,1631.77,1164.58,467.19
ORD-12086,2022-01-30,2022-02-01,Same Day,CUST-1066,Miss Amy Hicks DDS,Corporate,South,Tennessee,Technology,Phones,"Rogers, Serrano and Smith Phones",9,695.61,0.2,5008.39,4191.45,816.94
ORD-12087,2022-06-29,2022-06-30,First Class,CUST-1180,Kyle Jones,Consumer,North,Georgia,Office Supplies,Pens & Pencils,Brown-Smith Pens & Pencils,9,12.1,0.0,108.9,69.1,39.8
ORD-12088,2022-06-17,2022-06-20,Same Day,CUST-1211,Amanda White,Consumer,East,Illinois,Office Supplies,Binders,Ortega Ltd Binders,6,6.91,0.0,,19.04,22.42
ORD-12089,2021-05-29,2021-06-02,Second Class,CUST-1628,Brad Garcia,Corporate,North,Oregon,Office Supplies,Paper,Chen-Cook Paper,3,25.34,0.05,72.22,51.15,21.07
ORD-12090,2022-07-07,2022-07-11,Standard Class,CUST-1359,Sara Martinez,Home Office,West,Wisconsin,Technology,Phones,Shea-Smith Phones,9,276.13,0.05,2360.91,1330.62,1030.29
ORD-12091,2022-07-01,2022-07-08,Second Class,CUST-2636,Mary Heath,Home Office,East,California,Furniture,Desks,Jordan PLC Desks,5,517.75,0.2,2071.0,1222.86,848.14
ORD-12092,2022-04-18,2022-04-19,Same Day,CUST-2956,Megan Smith,Corporate,South,Oklahoma,Furniture,Bookcases,Ramirez-Friedman Bookcases,6,183.56,0.15,936.16,503.5,432.66
ORD-12093,2021-07-22,2021-07-28,Same Day,CUST-1911,Alison Gilmore,Home Office,South,Alaska,Technology,Phones,"Edwards, Contreras and Werner Phones",4,975.44,0.3,2731.23,2425.91,305.32
ORD-12094,2021-02-13,2021-02-20,First Class,CUST-2599,John Anthony,Home Office,North,Indiana,Office Supplies,Labels,James-Barnes Labels,6,6.17,0.1,33.32,22.5,10.82
ORD-12095,2022-06-16,2022-06-23,Second Class,CUST-1039,Kayla Powell,Consumer,East,Oklahoma,Office Supplies,Envelopes,Bell-Villegas Envelopes,6,27.81,0.0,166.86,104.0,62.86
ORD-12096,2021-12-20,2021-12-27,Same Day,CUST-2459,Dr. Christopher Rowland,Home Office,East,New Hampshire,Furniture,Bookcases,Callahan PLC Bookcases,4,307.27,0.2,983.26,765.42,217.84
ORD-12097,2022-11-06,2022-11-09,First Class,CUST-2519,Joel Galloway,Home Office,West,Oklahoma,Furniture,Chairs,Singh Group Chairs,3,330.0,0.05,940.5,541.33,399.17
ORD-12098,2021-05-17,2021-05-23,Standard Class,CUST-1626,David Berry,Corporate,East,Massachusetts,Furniture,Bookcases,Fernandez-Davis Bookcases,3,431.69,0.0,1295.07,619.12,675.95
ORD-12099,2021-11-29,2021-12-03,Same Day,CUST-2241,Kyle Jenkins,Corporate,North,Tennessee,Furniture,Bookcases,Garcia-Tanner Bookcases,4,317.43,0.0,1269.72,746.22,523.5
ORD-12100,2022-08-05,2022-08-11,Standard Class,CUST-2949,Daisy Campbell,Consumer,South,Delaware,Furniture,Chairs,Calhoun-Zavala Chairs,8,123.48,0.0,987.84,620.39,367.45
ORD-12101,2022-05-18,2022-05-21,First Class,CUST-2612,Christopher Alexander,Home Office,South,New Jersey,Technology,Printers,Bass-Rice Printers,10,534.46,0.0,5344.6,3347.88,1996.72
ORD-12102,2021-09-13,2021-09-19,Same Day,CUST-1849,Kenneth Rios,Corporate,West,Rhode Island,Furniture,Desks,Martinez LLC Desks,9,631.73,0.15,4832.73,3374.07,1458.66
ORD-12103,2021-05-13,2021-05-20,Second Class,CUST-1959,Steven Rodriguez,Consumer,East,Kentucky,Office Supplies,Envelopes,Morales Group Envelopes,8,15.32,0.0,122.56,77.49,45.07
ORD-12104,2023-04-02,2023-04-05,Same Day,CUST-1167,Timothy Weber,Consumer,South,Delaware,Technology,Accessories,Jackson LLC Accessories,8,141.04,0.1,1015.49,592.56,422.93
ORD-12105,2023-11-24,2023-11-29,Same Day,CUST-2986,Mark Warren,Home Office,South,Pennsylvania,Technology,Tablets,"Richardson, White and Cherry Tablets",5,447.36,0.0,2236.8,1415.71,821.09
ORD-12106,2021-09-05,2021-09-11,Same Day,CUST-1684,April Le,Consumer,South,Texas,Technology,Phones,"Osborn, Newman and Brock Phones",8,1199.99,0.3,6719.94,4455.58,2264.36
ORD-12107,2021-05-04,2021-05-09,Second Class,CUST-2490,Amanda Beasley,Consumer,South,California,Technology,Accessories,Harris-Robinson Accessories,9,111.79,0.15,855.19,554.91,300.28
ORD-12108,2023-04-05,2023-04-12,First Class,CUST-2996,Dominic Chavez,Consumer,North,Iowa,Furniture,Tables,Hernandez-Smith Tables,4,617.61,0.05,2346.92,1364.84,982.08
ORD-12109,2023-09-26,2023-10-01,Standard Class,CUST-2048,Christina Smith,Home Office,West,California,Technology,Monitors,Snyder-Smith Monitors,8,662.15,0.0,5297.2,3457.41,1839.79
ORD-12110,2023-11-21,2023-11-23,Standard Class,CUST-1316,Daniel Flowers,Home Office,West,Oklahoma,Furniture,Tables,Tucker-Franco Tables,10,1157.01,0.0,11570.1,7778.87,3791.23
ORD-12111,2023-08-31,2023-09-07,Second Class,CUST-2663,Christopher Smith,Corporate,West,New Jersey,Office Supplies,Envelopes,Johnson and Sons Envelopes,8,11.22,0.15,76.3,48.19,28.11
ORD-12112,2023-10-26,2023-10-27,Standard Class,CUST-2020,Veronica Rodriguez,Corporate,East,Colorado,Office Supplies,Storage,"Young, Garcia and Gomez Storage",8,19.33,0.0,154.64,89.3,65.34
ORD-12113,2023-03-25,2023-03-30,Standard Class,CUST-1443,Rachel Smith,Consumer,West,Delaware,Technology,Laptops,"Walker, Williams and Barnett Laptops",6,871.36,0.1,4705.34,3626.99,1078.35
ORD-12114,2021-03-09,2021-03-13,Standard Class,CUST-2588,George Cohen,Consumer,West,Iowa,Furniture,Bookcases,"Wall, Johnson and Peck Bookcases",6,211.94,0.3,890.15,799.78,90.37
ORD-12115,2023-01-24,2023-01-25,First Class,CUST-1409,Brandon Solomon,Corporate,North,North Carolina,Technology,Printers,Guerra Inc Printers,9,125.0,0.0,1125.0,715.68,409.32
ORD-12116,2021-10-06,2021-10-10,Same Day,CUST-1528,Keith Gonzalez,Consumer,South,Wyoming,Technology,Accessories,Allen-Thomas Accessories,4,121.8,0.0,487.2,244.68,242.52
ORD-12117,2022-03-25,2022-03-29,Second Class,CUST-2537,Michelle Wilson,Home Office,South,Tennessee,Furniture,Bookcases,"Hall, Riddle and Walker Bookcases",3,366.75,0.15,935.21,741.35,193.86
ORD-1709,2021-10-19,2021-10-25,Standard Class,CUST-1069,Melissa Edwards,Consumer,West,Indiana,Technology,Laptops,Park-Hansen Laptops,4,926.31,0.1,3334.72,2208.39,1126.33
ORD-12119,2023-11-20,2023-11-22,Standard Class,CUST-2299,Shawn Hammond,Consumer,South,Florida,Technology,Printers,Green Group Printers,4,182.71,0.2,584.67,427.07,157.6
ORD-12120,2023-12-09,2023-12-16,,CUST-2541,Brittany Knapp,Home Office,North,Tennessee,Office Supplies,Envelopes,Jacobs-Thomas Envelopes,9,16.15,0.05,138.08,81.39,56.69
ORD-12121,2023-01-01,2023-01-04,Same Day,CUST-1295,Levi Carrillo,Consumer,East,Texas,Office Supplies,Storage,"Mendez, Burns and Vega Storage",7,50.0,0.05,332.5,231.36,101.14
ORD-12122,2021-10-25,2021-10-31,Same Day,CUST-2985,Richard Harper,Home Office,West,Georgia,Office Supplies,Envelopes,Brown-Nichols Envelopes,4,21.81,0.0,87.24,46.31,40.93
ORD-12123,2022-03-29,2022-04-03,Second Class,CUST-1959,Jordan Patterson,Home Office,South,Montana,Furniture,Shelving,Hebert-Williams Shelving,4,134.29,0.0,537.16,318.56,218.6
ORD-12124,2023-05-12,2023-05-15,First Class,CUST-2394,Dale Hayes,Home Office,North,South Carolina,Furniture,Desks,"Hardin, Sanchez and Molina Desks",6,188.33,0.0,1129.98,741.34,388.64
ORD-12125,2023-04-06,2023-04-12,Same Day,CUST-2012,Jonathon Lopez,Corporate,West,Minnesota,Technology,Printers,Simmons-Duran Printers,7,86.08,0.0,602.56,386.76,215.8
ORD-12126,2021-07-02,2021-07-08,Second Class,CUST-1379,Jasmine Mathews,Corporate,South,Alabama,Technology,Printers,Patel Ltd Printers,-10,511.0,0.1,4599.0,2757.32,1841.68
ORD-12127,2022-08-28,2022-08-30,Same Day,CUST-1466,Jordan Garza,Home Office,East,West Virginia,Office Supplies,Storage,"Alvarado, Lopez and Martin Storage",2,21.82,0.0,43.64,27.02,16.62
ORD-12128,2023-04-30,2023-05-03,First Class,CUST-1753,Diane Gibson,Consumer,North,Vermont,Furniture,Bookcases,Bush-Flynn Bookcases,5,463.46,0.0,2317.3,1473.86,843.44
ORD-1149,2023-08-16,2023-08-18,Standard Class,CUST-2398,Jodi Andrews,Home Office,South,Florida,Office Supplies,Paper,Jones-James Paper,4,33.25,0.0,133.0,84.33,48.67
ORD-12130,2022-08-07,2022-08-12,Second Class,CUST-2225,Melissa Mccoy,Consumer,West,Connecticut,Office Supplies,Envelopes,Levine and Sons Envelopes,8,13.54,0.0,108.32,68.5,39.82
ORD-12131,2023-03-23,2023-03-29,Standard Class,CUST-1905,Deborah Adkins,Consumer,South,Idaho,Furniture,Tables,Gibbs-Vasquez Tables,2,127.02,0.05,241.34,147.3,94.04
ORD-12132,2023-01-14,2023-01-20,Second Class,CUST-1882,Robin Zimmerman,Consumer,North,New York,Office Supplies,Pens & Pencils,Garcia-Chapman Pens & Pencils,8,9.0,0.15,61.2,41.65,19.55
ORD-12133,2021-01-30,2021-02-02,First Class,CUST-1505,Scott Shelton,Home Office,East,Nevada,Furniture,Desks,Rosales Group Desks,7,645.21,0.0,4516.47,2663.84,1852.63
ORD-12134,2023-06-22,2023-06-29,Second Class,CUST-2578,Tracy Sellers,Home Office,East,Iowa,Office Supplies,Storage,"Hughes, Carter and Perry Storage",5,77.3,0.0,386.5,267.51,118.99
ORD-12135,2022-01-27,2022-01-31,First Class,CUST-2515,Kristina Brown,Corporate,West,Rhode Island,Technology,Tablets,White-Thomas Tablets,1,763.2,0.1,686.88,360.21,326.67
ORD-12136,2021-03-30,2021-04-04,First Class,CUST-2267,Alison Riley,Consumer,North,Vermont,Technology,Tablets,"Williamson, Jordan and Allen Tablets",9,493.63,0.05,4220.54,2292.44,1928.1
ORD-12137,2021-12-05,2021-12-08,Same Day,CUST-2791,April Gonzalez,Consumer,East,Idaho,Office Supplies,Binders,"Carr, Flynn and Wang Binders",1,30.64,0.0,30.64,19.93,10.71
ORD-12138,2022-04-27,2022-05-02,Standard Class,CUST-2118,Dr. Jason Mann,Consumer,South,Wyoming,Office Supplies,Labels,"Briggs, Williams and Pena Labels",6,9.3,0.0,,30.53,25.27
ORD-12139,2022-03-11,2022-03-15,,CUST-1941,Patrick Leonard,Corporate,North,Florida,Office Supplies,Pens & Pencils,"Davis, Day and Underwood Pens & Pencils",5,11.65,0.0,58.25,37.9,20.35
ORD-12140,2023-04-10,2023-04-16,Standard Class,CUST-2615,Catherine Murphy,Corporate,North,Kansas,Furniture,Chairs,Garcia PLC Chairs,3,429.34,0.0,1288.02,656.16,631.86
ORD-12141,2022-03-17,2022-03-19,Standard Class,CUST-1851,Amanda Wright,Home Office,West,North Carolina,Furniture,Shelving,"Miller, Griffin and Reed Shelving",1,274.76,0.0,274.76,165.01,109.75
ORD-12142,2023-09-14,2023-09-16,Standard Class,CUST-2793,Alyssa Cordova,Consumer,North,Pennsylvania,Technology,Laptops,Harding-Johnson Laptops,9,1740.89,0.0,15668.01,8377.43,7290.58
ORD-12143,2021-07-05,2021-07-10,First Class,CUST-2184,Christopher Becker,Consumer,South,Kentucky,Technology,Printers,"Boyd, White and Lopez Printers",8,501.54,0.0,4012.32,2191.5,1820.82
ORD-12144,2022-04-01,2022-04-08,Standard Class,CUST-1897,Jordan Lee,Consumer,West,Indiana,Office Supplies,Envelopes,Thompson Inc Envelopes,6,24.18,0.0,145.08,89.65,55.43
ORD-12145,2021-11-30,2021-12-07,Second Class,CUST-2143,Laura Meadows,Home Office,East,Maine,Furniture,Tables,Carlson Inc Tables,1,225.99,0.05,214.69,113.22,101.47
ORD-12146,2022-02-03,2022-02-06,Second Class,CUST-1276,Hannah Romero,Consumer,East,Massachusetts,Technology,Phones,"Payne, Rios and Singleton Phones",2,1118.41,0.05,2124.98,1085.14,1039.84
ORD-12147,2022-12-16,2022-12-20,Same Day,CUST-2107,Denise Hart,Consumer,West,North Carolina,Technology,Accessories,Jones-Payne Accessories,4,17.3,0.0,69.2,40.17,29.03
ORD-12148,2021-05-02,2021-05-06,Second Class,CUST-2931,Donald Merritt,Consumer,West,Massachusetts,Office Supplies,Paper,Parker-Flores Paper,3,8.76,0.2,21.02,16.09,4.93
ORD-12149,2021-06-17,2021-06-18,Standard Class,CUST-2368,Patrick Rowe,Home Office,South,Nevada,Office Supplies,Storage,"Woods, Lewis and Gibson Storage",3,57.16,0.0,171.48,79.89,91.59
ORD-12150,2023-10-12,2023-10-17,First Class,CUST-1878,Jamie Leonard,Consumer,South,New Mexico,Furniture,Shelving,"Olson, James and Hunter Shelving",4,259.38,0.0,1037.52,660.26,377.26
ORD-12151,2023-03-04,2023-03-10,Standard Class,CUST-2761,Christopher Hamilton,Home Office,North,Hawaii,Technology,Printers,"Rosario, Smith and Bridges Printers",6,504.32,0.05,2874.62,2028.48,846.14
ORD-12152,2021-01-13,2021-01-18,Standard Class,CUST-2589,Veronica Turner,Consumer,North,West Virginia,Office Supplies,Pens & Pencils,"Hunter, Chavez and Hall Pens & Pencils",3,2.71,0.0,8.13,5.27,2.86
ORD-12153,2021-07-29,2021-08-01,Standard Class,CUST-2721,Robin Allen,Consumer,East,Maryland,Office Supplies,Pens & Pencils,Cohen-Snyder Pens & Pencils,7,19.18,0.15,114.12,77.18,36.94
ORD-1696,2022-11-12,2022-11-19,Same Day,CUST-1847,Michael Horne,Consumer,West,Idaho,Office Supplies,Labels,Romero and Sons Labels,5,7.86,0.05,37.34,25.66,11.68
ORD-12155,2022-06-13,2022-06-15,First Class,CUST-1624,Michele Smith,Consumer,North,Alabama,Office Supplies,Pens & Pencils,"Schultz, Gardner and Mueller Pens & Pencils",10,11.16,0.05,106.02,51.35,54.67
ORD-12156,2022-08-13,2022-08-17,Second Class,CUST-1175,Tina Hall,Home Office,East,Colorado,Office Supplies,Labels,Brown PLC Labels,8,8.46,0.2,54.14,41.07,13.07
ORD-12157,2023-02-08,2023-02-13,Same Day,CUST-1275,James Shaffer,Home Office,West,Colorado,Technology,Laptops,Hudson-Rodriguez Laptops,5,734.02,0.0,3670.1,2559.19,1110.91
ORD-12158,2023-03-29,2023-04-02,Same Day,CUST-2222,Leslie Ferguson,Home Office,South,Nebraska,Technology,Tablets,James LLC Tablets,-7,674.31,0.0,4720.17,2972.72,1747.45
ORD-12159,2023-03-22,2023-03-25,Same Day,CUST-2527,Christine Martinez,Corporate,East,Arizona,Office Supplies,Storage,"Romero, West and Wallace Storage",10,71.33,0.2,570.64,329.18,241.46
ORD-12160,2021-10-30,2021-11-02,Second Class,CUST-1415,Sean Stokes,Corporate,South,Vermont,Technology,Monitors,Turner-Russell Monitors,6,197.18,0.15,1005.62,744.39,261.23
ORD-12161,2023-07-16,2023-07-18,First Class,CUST-1115,Kevin Miller,Corporate,South,New Hampshire,Office Supplies,Envelopes,"Elliott, Wilkinson and Wolfe Envelopes",1,13.54,0.0,13.54,9.07,4.47
ORD-12162,2023-01-31,2023-02-04,Second Class,CUST-2698,Melissa Maldonado,Home Office,South,Michigan,Technology,Accessories,"Griffin, Massey and Jones Accessories",4,60.4,0.0,241.6,139.83,101.77
ORD-1087,2022-07-09,2022-07-12,Standard Class,CUST-1223,Michael Gonzalez,Corporate,North,Connecticut,Office Supplies,Envelopes,"Thomas, Edwards and Rogers Envelopes",3,7.03,0.0,21.09,14.15,6.94
ORD-12164,2022-02-08,2022-02-14,Second Class,CUST-2709,Charles Webb,Corporate,South,Pennsylvania,Office Supplies,Paper,Barnett Inc Paper,9,49.41,0.2,355.75,300.94,54.81
ORD-12165,2023-11-25,2023-11-26,Second Class,CUST-2966,Anthony Wood,Consumer,West,West Virginia,Furniture,Bookcases,"Barnett, Cook and Lynn Bookcases",3,79.86,0.0,239.58,120.81,118.77
ORD-12166,2023-01-11,2023-01-16,Same Day,CUST-2589,Lauren Taylor,Corporate,South,Hawaii,Technology,Printers,"Snyder, Scott and Ruiz Printers",7,164.56,0.0,1151.92,713.98,437.94
ORD-12167,2023-10-09,2023-10-16,Second Class,CUST-1605,Michele Moore,Home Office,South,Mississippi,Office Supplies,Binders,"Garner, Vasquez and Blake Binders",5,31.39,0.05,149.1,100.34,48.76
ORD-12168,2022-05-27,2022-05-30,Second Class,CUST-2507,Steve Armstrong,Home Office,South,Kentucky,Technology,Accessories,Barnes-Gardner Accessories,6,55.07,0.0,330.42,176.04,154.38
ORD-12169,2023-12-27,2023-12-29,Same Day,CUST-1612,Jennifer Perez,Corporate,West,Florida,Furniture,Tables,Ferguson-Smith Tables,5,339.2,0.0,1696.0,1063.64,632.36
ORD-12170,2023-03-10,2023-03-15,Standard Class,CUST-1760,Anne Stewart,Home Office,South,New Hampshire,Technology,Accessories,Nielsen Group Accessories,1,103.12,0.05,97.96,67.58,30.38
ORD-12171,2022-03-27,2022-03-28,Standard Class,CUST-2649,Andrea Gardner,Corporate,North,Alabama,Office Supplies,Binders,Holland-Bryant Binders,1,6.53,0.0,6.53,4.5,2.03
ORD-12172,2022-07-10,2022-07-12,First Class,CUST-2254,Jason Knight,Corporate,North,Nevada,Office Supplies,Pens & Pencils,Mathews-Kelley Pens & Pencils,10,10.18,0.15,86.53,57.55,28.98
ORD-12173,2021-12-04,2021-12-09,First Class,CUST-1058,Jennifer Reese,Consumer,North,Alabama,Technology,Accessories,Cobb-Davis Accessories,4,129.18,0.0,516.72,353.03,163.69
ORD-12174,2022-12-30,2023-01-06,Same Day,CUST-1140,Michele Pitts,Home Office,North,North Carolina,Technology,Accessories,"Stokes, Carlson and Hernandez Accessories",5,38.84,0.0,194.2,121.93,72.27
ORD-12175,2023-07-24,2023-07-28,Second Class,CUST-1261,Kenneth Burns,Corporate,East,Georgia,Office Supplies,Labels,"Potts, Richardson and Anderson Labels",3,9.26,0.0,27.78,14.27,13.51
ORD-12176,2022-06-25,2022-06-30,Second Class,CUST-1028,Samantha Wilson,Corporate,West,North Dakota,Furniture,Chairs,"Goodwin, Gonzalez and Campbell Chairs",4,861.11,0.0,3444.44,2068.46,1375.98
ORD-12177,2022-09-27,2022-10-01,Second Class,CUST-1523,Michael Bradford,Consumer,West,Oregon,Technology,Accessories,Lopez-Mejia Accessories,5,26.47,0.1,119.11,77.94,41.17
ORD-12178,2023-07-10,2023-07-14,First Class,CUST-2750,Walter Williams,Home Office,South,Pennsylvania,Technology,Monitors,Vargas-Lee Monitors,7,452.02,0.15,2689.52,1426.82,1262.7
ORD-12179,2021-12-04,2021-12-08,Second Class,CUST-1901,Michael Smith,Consumer,West,Pennsylvania,Technology,Monitors,Campbell-Webster Monitors,9,740.58,0.0,6665.22,3838.24,2826.98
ORD-12180,2023-06-02,2023-06-07,First Class,CUST-2843,Antonio Bailey,Corporate,West,Alaska,Office Supplies,Envelopes,"Nelson, Norris and Barnes Envelopes",10,24.34,0.0,243.4,131.45,111.95
ORD-12181,2022-06-26,2022-06-28,Standard Class,CUST-2488,Susan Weaver,Corporate,North,Utah,Furniture,Tables,Cardenas Ltd Tables,5,164.8,0.05,782.8,422.79,360.01
ORD-12182,2023-03-08,2023-03-14,First Class,CUST-1180,Nicholas Hernandez,Corporate,North,Hawaii,Technology,Tablets,"Carlson, Cunningham and Walker Tablets",7,577.59,0.0,4043.13,1848.81,2194.32
ORD-12183,2022-11-24,2022-11-29,Standard Class,CUST-2679,Kaitlyn Sanders,Home Office,East,Nebraska,Office Supplies,Labels,Little-Wright Labels,4,14.79,0.15,50.29,32.7,17.59
ORD-12184,2023-04-20,2023-04-22,Second Class,CUST-2180,Alejandro Washington,Corporate,South,Missouri,Furniture,Bookcases,Taylor-Huber Bookcases,10,133.44,0.0,1334.4,670.06,664.34
ORD-12185,2021-05-28,2021-05-30,Second Class,CUST-1994,Carmen Reed,Corporate,North,Utah,Office Supplies,Storage,Thomas Inc Storage,9,42.29,0.0,380.61,224.46,156.15
ORD-12186,2021-09-24,2021-09-26,First Class,CUST-2391,Michael Mann,Corporate,West,Minnesota,Furniture,Bookcases,Haas PLC Bookcases,9,156.83,0.0,1411.47,912.74,498.73
ORD-12187,2021-01-01,2021-01-04,Standard Class,CUST-1845,Deanna Weber,Corporate,West,West Virginia,Technology,Printers,Edwards-Barnes Printers,1,530.26,0.0,530.26,308.31,221.95
ORD-1743,2023-03-18,2023-03-19,Standard Class,CUST-2677,Tina Payne,Corporate,West,Oklahoma,Furniture,Desks,Lee-Boone Desks,5,933.95,0.5,2334.88,2713.8,-378.92
ORD-12189,2021-02-24,2021-02-28,Same Day,CUST-1780,Amy Johnson,Corporate,South,Louisiana,Furniture,Shelving,Morrison and Sons Shelving,10,44.82,0.05,425.79,275.81,149.98
ORD-12190,2023-07-28,2023-07-30,Standard Class,CUST-1355,Kristi Byrd DDS,Consumer,East,North Carolina,Office Supplies,Storage,"Lynch, Miller and Noble Storage",1,22.71,0.05,21.57,14.54,7.03
ORD-12191,2023-01-16,2023-01-19,First Class,CUST-1400,Steven Branch,Consumer,West,California,Furniture,Tables,"Shaffer, Mora and Stafford Tables",8,903.31,0.5,3613.24,4099.17,-485.93
ORD-12192,2022-01-10,2022-01-16,Same Day,CUST-2673,Tamara Brady,Home Office,West,New Mexico,Office Supplies,Paper,Myers Inc Paper,6,11.52,0.0,69.12,34.66,34.46
ORD-12193,2023-12-09,2023-12-12,Same Day,CUST-2928,George Johnson,Corporate,West,Mississippi,Furniture,Bookcases,"Davis, Brown and Gutierrez Bookcases",9,238.77,0.1,1934.04,985.79,948.25
ORD-12194,2021-04-15,2021-04-17,Same Day,CUST-1810,Cathy Clark,Corporate,West,Utah,Office Supplies,Labels,"White, Cannon and Krueger Labels",4,7.28,0.3,20.38,19.54,0.84
ORD-12195,2022-06-27,2022-07-01,Same Day,CUST-2724,Benjamin Chung,Home Office,South,California,Office Supplies,Labels,"Williams, Huang and Hughes Labels",5,9.09,0.1,40.91,23.4,17.51
ORD-12196,2022-05-10,2022-05-14,Second Class,CUST-1011,Lori Munoz,Home Office,East,Florida,Office Supplies,Storage,King PLC Storage,6,73.5,0.05,418.95,283.86,135.09
ORD-12197,2023-06-23,2023-06-30,First Class,CUST-2775,Elizabeth Fuller,Consumer,West,Mississippi,Furniture,Shelving,Graves and Sons Shelving,6,198.9,0.2,954.72,545.08,409.64
ORD-12198,2022-01-18,2022-01-24,First Class,CUST-2230,Matthew Brewer,Corporate,East,New York,Furniture,Chairs,Lewis-Joseph Chairs,9,387.17,0.0,3484.53,2073.6,1410.93
ORD-12199,2022-07-17,2022-07-18,,CUST-1791,Richard Stephenson,Consumer,South,Minnesota,Furniture,Shelving,Gonzalez-Miller Shelving,5,51.15,0.15,217.39,128.45,88.94
ORD-12200,2023-12-28,2024-01-01,Second Class,CUST-1413,Douglas Cook,Corporate,West,Colorado,Furniture,Bookcases,Brown-Navarro Bookcases,6,428.91,0.0,2573.46,1490.37,1083.09
ORD-12201,2022-05-23,2022-05-25,Same Day,CUST-2850,Troy Barker,Corporate,South,Hawaii,Office Supplies,Pens & Pencils,Flores-Davis Pens & Pencils,5,16.9,0.1,76.05,53.78,22.27
ORD-12202,2022-08-04,2022-08-11,Standard Class,CUST-1181,Karen Burgess,Consumer,South,Virginia,Furniture,Shelving,"Wagner, Diaz and Boyd Shelving",2,163.38,0.0,326.76,208.96,117.8
ORD-12203,2023-11-27,2023-11-30,First Class,CUST-2158,Lauren Peterson,Home Office,West,Illinois,Furniture,Tables,Moreno Inc Tables,8,721.97,0.15,4909.4,3030.87,1878.53
ORD-12204,2022-10-21,2022-10-25,,CUST-2445,Sean Larson,Corporate,South,Connecticut,Technology,Tablets,Andrade PLC Tablets,4,277.6,0.15,943.84,569.53,374.31
ORD-12205,2023-08-16,2023-08-17,Second Class,CUST-1963,Troy Juarez,Corporate,West,Maine,Office Supplies,Paper,Kelly-Contreras Paper,6,57.02,0.1,307.91,169.84,138.07
ORD-12206,2023-03-29,2023-03-30,Second Class,CUST-1260,Ryan Jensen,Consumer,West,Ohio,Office Supplies,Paper,Ray-Craig Paper,9,31.45,0.1,254.75,144.3,110.45
ORD-12207,2022-05-24,2022-05-28,Standard Class,CUST-1018,Mary Adams,Corporate,North,Indiana,Office Supplies,Pens & Pencils,Ballard-Schneider Pens & Pencils,10,10.37,0.05,98.51,71.71,26.8
ORD-12208,2023-05-26,2023-05-29,First Class,CUST-1931,Mike Adams,Home Office,South,Idaho,Office Supplies,Labels,"Smith, English and Ramirez Labels",1,3.19,0.05,3.03,1.46,1.57
ORD-12209,2022-12-21,2022-12-25,Standard Class,CUST-1672,Mary Watson,Home Office,East,Indiana,Furniture,Bookcases,Jones Group Bookcases,5,254.2,0.05,1207.45,736.4,471.05
ORD-12210,2023-07-15,2023-07-20,Standard Class,CUST-2621,Janet Morris,Home Office,West,Rhode Island,Furniture,Chairs,Young Ltd Chairs,5,791.74,0.05,3760.76,1968.6,1792.16
ORD-12211,2022-07-01,2022-07-04,First Class,CUST-2128,Caitlyn Mills DDS,Home Office,East,Louisiana,Office Supplies,Binders,Bowers Ltd Binders,2,30.36,0.0,60.72,34.95,25.77
ORD-12212,2023-06-12,2023-06-13,Standard Class,CUST-1316,Jessica King,Corporate,North,Iowa,Furniture,Shelving,French-Miller Shelving,4,96.06,0.5,192.12,258.16,-66.04
ORD-12213,2023-04-04,2023-04-08,Second Class,CUST-2229,Katherine Bates,Consumer,South,Colorado,Technology,Accessories,Anderson Group Accessories,4,60.62,0.15,206.11,145.37,60.74
ORD-12214,2022-12-25,2022-12-28,,CUST-2647,Martha Kent,Consumer,West,Washington,Office Supplies,Storage,Barnes Ltd Storage,1,34.68,0.3,24.28,20.75,3.53
ORD-12215,2022-10-31,2022-11-01,First Class,CUST-1160,Chloe Preston,Home Office,South,New Jersey,Technology,Monitors,Casey-Cannon Monitors,3,169.32,0.15,431.77,299.5,132.27
ORD-12216,2021-03-08,2021-03-13,Standard Class,CUST-2862,Kevin Davidson MD,Corporate,East,Louisiana,Furniture,Chairs,Diaz-Murphy Chairs,7,701.61,0.2,3929.02,3283.78,645.24
ORD-12217,2023-12-13,2023-12-19,Same Day,CUST-1674,Derek Silva,Home Office,East,South Carolina,Furniture,Bookcases,Lopez-Cox Bookcases,4,371.88,0.2,1190.02,998.49,191.53
ORD-12218,2023-11-22,2023-11-29,Same Day,CUST-2744,Joel Townsend,Consumer,East,Pennsylvania,Technology,Tablets,Perez-Barnes Tablets,6,689.41,0.15,3515.99,2563.04,952.95
ORD-12219,2021-06-12,2021-06-15,Same Day,CUST-1499,Sylvia George,Consumer,North,Colorado,Technology,Tablets,Cunningham PLC Tablets,6,373.14,0.0,2238.84,1445.98,792.86
ORD-12220,2022-11-25,2022-11-26,Same Day,CUST-2049,Courtney Campbell,Home Office,East,New Mexico,Furniture,Tables,Cline Ltd Tables,10,1124.54,0.0,11245.4,6958.67,4286.73
ORD-12221,2022-08-18,2022-08-19,Second Class,CUST-1908,Debra Arnold,Corporate,East,Delaware,Furniture,Chairs,"Curtis, Davis and Moore Chairs",6,805.52,0.1,4349.81,2523.02,1826.79
ORD-12222,2021-10-02,2021-10-08,Standard Class,CUST-1675,Jonathan Moran,Corporate,West,Louisiana,Office Supplies,Pens & Pencils,"Hubbard, Jones and Hayes Pens & Pencils",4,15.83,0.0,63.32,36.53,26.79
ORD-12223,2021-08-29,2021-08-31,Second Class,CUST-2743,Andrew Gutierrez,Corporate,South,Washington,Office Supplies,Envelopes,Mathis Group Envelopes,8,16.41,0.0,131.28,87.94,43.34
ORD-12224,2022-08-06,2022-08-11,First Class,CUST-2509,Greg Jordan,Corporate,West,Connecticut,Office Supplies,Labels,Harris-Mckenzie Labels,1,10.46,0.0,10.46,7.04,3.42
ORD-12225,2023-09-28,2023-09-29,First Class,CUST-1452,Denise Schmitt,Corporate,North,Colorado,Office Supplies,Envelopes,"Sandoval, Howe and Wilson Envelopes",2,25.83,0.0,51.66,31.76,19.9
ORD-12226,2021-11-10,2021-11-14,Same Day,CUST-1738,Kristen Chaney,Consumer,North,Nebraska,Technology,Phones,Matthews Group Phones,5,630.93,0.05,2996.92,2036.51,960.41
ORD-12227,2023-01-17,2023-01-20,Standard Class,CUST-1723,Katherine Chandler,Corporate,East,Indiana,Office Supplies,Pens & Pencils,"Taylor, Green and Gibbs Pens & Pencils",4,23.81,0.0,95.24,49.59,45.65
ORD-12228,2023-09-18,2023-09-24,Second Class,CUST-1849,Nicole Torres,Home Office,North,Georgia,Office Supplies,Storage,Thornton-Ramirez Storage,2,66.1,0.0,132.2,85.74,46.46
ORD-12229,2021-04-15,2021-04-18,Standard Class,CUST-1758,Matthew Klein,Corporate,West,Wisconsin,Furniture,Shelving,Stevens-Young Shelving,1,132.59,0.0,132.59,73.5,59.09
ORD-12230,2021-04-05,2021-04-12,Second Class,CUST-1496,Elizabeth Hill,Consumer,West,Rhode Island,Furniture,Bookcases,George and Sons Bookcases,2,397.02,0.05,754.34,467.69,286.65
ORD-12231,2023-02-01,2023-02-08,Standard Class,CUST-1160,Anthony Black,Consumer,North,Pennsylvania,Technology,Tablets,"Guerrero, Russo and Levine Tablets",9,524.24,0.5,2359.08,2162.58,196.5
ORD-12232,2022-03-21,2022-03-26,Second Class,CUST-1087,Julia Scott,Consumer,North,Colorado,Office Supplies,Binders,Johnson Inc Binders,3,9.41,0.0,28.23,17.88,10.35
ORD-12233,2023-12-18,2023-12-21,Standard Class,CUST-2064,Tammy James,Consumer,West,New Mexico,Furniture,Desks,Williams-Reid Desks,8,697.68,0.05,5302.37,3369.71,1932.66
ORD-12234,2021-07-09,2021-07-11,Standard Class,CUST-1828,Monica Jackson,Corporate,East,Indiana,Office Supplies,Storage,Matthews PLC Storage,5,38.29,0.2,153.16,100.46,52.7
ORD-12235,2021-12-07,2021-12-14,First Class,CUST-1832,Julie Torres,Consumer,West,Washington,Office Supplies,Pens & Pencils,Hale-Sparks Pens & Pencils,7,5.42,0.0,37.94,22.37,15.57
ORD-12236,2022-09-30,2022-10-04,First Class,CUST-1626,Mandy Holmes,Corporate,West,Missouri,Furniture,Bookcases,"Richardson, Cochran and Pruitt Bookcases",9,288.04,0.0,2592.36,1533.69,1058.67
ORD-12237,2023-06-15,2023-06-19,Standard Class,CUST-2259,Austin Wilcox,Corporate,North,Tennessee,Furniture,Desks,Horne PLC Desks,10,1181.03,0.05,11219.78,6289.82,4929.96
ORD-12238,2023-03-07,2023-03-11,Same Day,CUST-2063,Danny Miller,Consumer,North,Washington,Technology,Accessories,"Day, Smith and Everett Accessories",10,63.04,0.1,567.36,434.21,133.15
ORD-12239,2021-10-07,2021-10-10,Second Class,CUST-1380,Kimberly Henderson PhD,Consumer,South,New Jersey,Furniture,Shelving,Powers-Chaney Shelving,3,87.34,0.05,248.92,160.48,88.44
ORD-12240,2023-11-21,2023-11-25,Same Day,CUST-2808,Sydney Lawson,Home Office,East,Arizona,Office Supplies,Binders,"Jones, Dominguez and White Binders",9,11.52,0.15,88.13,48.32,39.81
ORD-12241,2022-10-29,2022-11-04,Same Day,CUST-2334,Danielle Parks,Home Office,East,West Virginia,Office Supplies,Labels,Taylor PLC Labels,5,6.4,0.15,27.2,21.71,5.49
ORD-12242,2023-03-22,2023-03-28,Standard Class,CUST-1534,Kimberly Brown,Home Office,East,Michigan,Office Supplies,Labels,"Erickson, Pittman and Kane Labels",1,8.94,0.0,8.94,4.32,4.62
ORD-12243,2023-06-09,2023-06-12,Standard Class,CUST-1518,Kevin Johnson,Consumer,North,Texas,Furniture,Bookcases,Williams-Nelson Bookcases,7,154.53,0.2,865.37,515.81,349.56
ORD-12244,2022-05-27,2022-05-30,Standard Class,CUST-2170,Shaun Mckay,Home Office,East,Texas,Technology,Printers,"Wells, Rogers and Nelson Printers",9,158.48,0.0,1426.32,690.8,735.52
ORD-12245,2022-10-17,2022-10-18,Second Class,CUST-1384,Jacob Terry,Consumer,South,Tennessee,Furniture,Chairs,"Blankenship, Lawson and Braun Chairs",7,739.66,0.0,5177.62,3433.04,1744.58
ORD-12246,2021-04-08,2021-04-15,Second Class,CUST-2122,Erica Hodges,Consumer,North,Arizona,Furniture,Shelving,Hopkins and Sons Shelving,8,170.18,0.2,1089.15,779.41,309.74
ORD-12247,2021-09-17,2021-09-22,Same Day,CUST-1940,John Atkinson,Home Office,East,New Hampshire,Office Supplies,Paper,"Mcintosh, Torres and Patterson Paper",9,55.61,0.05,475.47,270.72,204.75
ORD-1184,2023-05-30,2023-05-31,Same Day,CUST-1441,Martin Jones,Corporate,South,West Virginia,Furniture,Tables,"Harper, Johnson and Jordan Tables",10,619.35,0.0,6193.5,3331.09,2862.41
ORD-12249,2021-06-07,2021-06-08,First Class,CUST-2821,Bryan Mcintosh,Consumer,North,West Virginia,Technology,Printers,Ortega-Oneal Printers,1,569.93,0.05,541.43,262.19,279.24
ORD-12250,2022-05-05,2022-05-12,Same Day,CUST-1169,Douglas Hernandez,Home Office,South,Maine,Office Supplies,Labels,Chambers and Sons Labels,5,12.58,0.0,62.9,44.0,18.9
ORD-12251,2022-03-30,2022-04-01,First Class,CUST-2982,Angela Dickson,Corporate,East,Mississippi,Office Supplies,Pens & Pencils,Hughes-Smith Pens & Pencils,2,7.72,0.0,15.44,7.11,8.33
ORD-12252,2021-10-12,2021-10-13,First Class,CUST-2826,Nicolas Anderson,Corporate,North,North Dakota,Furniture,Chairs,Walls Ltd Chairs,3,423.19,0.0,1269.57,716.32,553.25
ORD-12253,2023-06-14,2023-06-19,First Class,CUST-1005,Darren Nguyen,Corporate,West,Oregon,Technology,Phones,Bowers-Thomas Phones,2,924.02,0.0,1848.04,1222.23,625.81
ORD-12254,2022-02-19,2022-02-26,Same Day,CUST-2637,Louis Gibson,Consumer,South,Rhode Island,Technology,Laptops,Brown-Mueller Laptops,2,1960.06,0.1,3528.11,2438.47,1089.64
ORD-12255,2023-05-08,2023-05-11,First Class,CUST-1905,Mark Henry,Home Office,East,Idaho,Furniture,Desks,Johnson-Kramer Desks,6,118.37,0.0,710.22,474.23,235.99
ORD-12256,2023-12-19,2023-12-26,Second Class,CUST-1677,Tina Yu,Home Office,North,Nevada,Technology,Monitors,Smith Ltd Monitors,9,795.51,0.0,7159.59,3696.26,3463.33
ORD-12257,2023-10-31,2023-11-01,Standard Class,CUST-2242,Ruben Evans,Consumer,South,Virginia,Furniture,Chairs,"Williams, Wolfe and Wise Chairs",1,197.0,0.0,197.0,103.66,93.34
ORD-1493,2023-01-25,2023-01-31,Second Class,CUST-2782,Debra Perez,Consumer,North,Delaware,Office Supplies,Storage,"Neal, Collins and Carter Storage",4,64.23,0.0,256.92,161.13,95.79
ORD-12259,2021-10-28,2021-10-29,Second Class,CUST-2979,Matthew Jones,Home Office,East,Washington,Furniture,Shelving,Hess-Cabrera Shelving,2,273.92,0.0,547.84,308.02,239.82
ORD-12260,2022-04-04,2022-04-11,Second Class,CUST-2678,Nathaniel Warren,Home Office,West,Rhode Island,Office Supplies,Paper,"West, Galvan and Morales Paper",3,11.12,0.0,33.36,20.68,12.68
ORD-12261,2021-03-17,2021-03-20,Same Day,CUST-2514,Paul Ingram,Consumer,South,Texas,Technology,Phones,White-Griffith Phones,9,841.94,0.0,7577.46,4251.81,3325.65
ORD-12262,2022-01-23,2022-01-25,Standard Class,CUST-2205,Donna Simpson,Consumer,West,Tennessee,Technology,Accessories,Reynolds-Compton Accessories,1,19.69,0.1,17.72,11.85,5.87
ORD-12263,2022-08-30,2022-09-06,First Class,CUST-2515,Edwin Wright,Corporate,South,Colorado,Office Supplies,Envelopes,Cole-Anderson Envelopes,9,16.49,0.05,140.99,79.78,61.21
ORD-1267,2021-01-26,2021-01-30,First Class,CUST-1871,Patricia Allen,Consumer,South,Connecticut,Office Supplies,Storage,"Savage, Mcdonald and Davis Storage",8,11.5,0.15,78.2,50.42,27.78
ORD-12265,2021-05-13,2021-05-14,Same Day,CUST-2771,Terry Young,Consumer,North,North Dakota,Office Supplies,Paper,Graham-Burgess Paper,3,36.95,0.0,110.85,72.58,38.27
ORD-12266,2021-01-08,2021-01-15,,CUST-1100,Mary Abbott,Consumer,South,New York,Technology,Tablets,Mendoza Ltd Tablets,4,726.0,0.0,2904.0,1734.83,1169.17
ORD-12267,2023-10-13,2023-10-20,Same Day,CUST-2205,Gail Knight,Corporate,South,Pennsylvania,Technology,Phones,"Barrett, Walker and Parker Phones",3,890.29,0.05,2537.33,1529.71,1007.62
ORD-12268,2023-10-03,2023-10-07,Same Day,CUST-2217,Corey Harrington,Corporate,West,Indiana,Furniture,Tables,"Collins, Abbott and Moyer Tables",2,819.0,0.0,1638.0,748.64,889.36
ORD-12269,2021-09-04,2021-09-06,First Class,CUST-2899,Brandon Woods,Home Office,West,Arkansas,Furniture,Shelving,Rivera-Hill Shelving,10,218.32,0.15,1855.72,1474.52,381.2
ORD-12270,2022-06-29,2022-07-06,Same Day,CUST-1968,William Johnson,Consumer,East,Missouri,Office Supplies,Envelopes,"Boone, Parks and Washington Envelopes",10,17.33,0.0,173.3,96.37,76.93
ORD-12271,2023-07-13,2023-07-18,Same Day,CUST-2257,Tom Ray,Home Office,East,Washington,Furniture,Chairs,"Nelson, Hill and Gibson Chairs",2,531.82,0.0,1063.64,553.67,509.97
ORD-12272,2021-10-24,2021-10-31,Same Day,CUST-1409,Angelica Hughes,Consumer,West,Virginia,Furniture,Shelving,"Anderson, Wagner and Cisneros Shelving",9,119.79,0.0,1078.11,532.98,545.13
ORD-12273,2022-01-23,2022-01-25,Standard Class,CUST-1435,Julie Shelton,Home Office,North,Ohio,Office Supplies,Storage,Hardy-Nelson Storage,2,54.83,0.0,109.66,64.94,44.72
ORD-12274,2023-09-05,2023-09-08,Second Class,CUST-1678,Mary Williams,Consumer,West,New Mexico,Technology,Tablets,"Schmidt, Hampton and Perez Tablets",4,460.95,0.0,1843.8,1169.91,673.89
ORD-12275,2021-08-21,2021-08-23,Same Day,CUST-2750,Michael Zavala,Home Office,South,North Carolina,Furniture,Desks,Boyle-Johnson Desks,10,158.59,0.1,1427.31,913.55,513.76
ORD-12276,2023-06-22,2023-06-28,Second Class,CUST-2854,Tyler Li,Consumer,South,Connecticut,Office Supplies,Envelopes,Armstrong-Lewis Envelopes,8,12.95,0.0,103.6,52.34,51.26
ORD-12277,2023-10-11,2023-10-17,Standard Class,CUST-1161,Richard Smith,Corporate,East,Connecticut,Furniture,Bookcases,Bernard PLC Bookcases,8,361.69,0.0,2893.52,2000.46,893.06
ORD-12278,2021-06-06,2021-06-07,Second Class,CUST-1064,Ronnie Marquez,Home Office,South,Kentucky,Technology,Laptops,Diaz LLC Laptops,5,1880.48,0.0,9402.4,5413.21,3989.19
ORD-12279,2023-02-04,2023-02-08,Second Class,CUST-1381,Randall Webb,Home Office,East,Florida,Office Supplies,Binders,Chen-Stephenson Binders,5,4.86,0.05,23.09,15.2,7.89
ORD-12280,2022-10-08,2022-10-11,Same Day,CUST-1557,Jessica Robertson,Consumer,East,North Dakota,Technology,Monitors,Newman Group Monitors,7,582.46,0.05,3873.36,2656.91,1216.45
ORD-12281,2022-06-18,2022-06-23,Same Day,CUST-2197,Jimmy Miller,Consumer,North,Texas,Office Supplies,Paper,Alvarez-Rose Paper,2,8.32,0.0,16.64,9.95,6.69
ORD-12282,2021-08-21,2021-08-23,Same Day,CUST-2766,Mark Herring,Home Office,South,Arizona,Technology,Laptops,Johnson Inc Laptops,2,1791.12,0.05,3403.13,2452.1,951.03
ORD-12283,2023-10-20,2023-10-21,Standard Class,CUST-1756,Connor Harris,Corporate,North,Hawaii,Office Supplies,Storage,Montgomery PLC Storage,6,77.98,0.0,467.88,248.56,219.32
ORD-12284,2022-11-16,2022-11-19,Second Class,CUST-1006,Miranda Adams,Consumer,North,Alaska,Furniture,Chairs,Coleman LLC Chairs,7,793.93,0.0,5557.51,2920.32,2637.19
ORD-12285,2021-01-09,2021-01-13,Second Class,CUST-1910,Nathan Nelson,Consumer,East,Missouri,Technology,Printers,Perez-Case Printers,7,448.71,0.05,2983.92,1860.72,1123.2
ORD-12286,2021-04-12,2021-04-18,First Class,CUST-2630,Kaitlin Miller,Consumer,North,Wisconsin,Technology,Printers,"Cochran, Burns and Davidson Printers",1,280.16,0.2,224.13,144.23,79.9
ORD-12287,2021-06-24,2021-06-30,Second Class,CUST-1338,Justin Bennett,Corporate,North,California,Technology,Phones,May LLC Phones,6,778.09,0.0,4668.54,2838.95,1829.59
ORD-12288,2021-06-25,2021-06-30,First Class,CUST-1552,Matthew Sandoval,Consumer,South,Tennessee,Office Supplies,Pens & Pencils,"Young, West and Noble Pens & Pencils",7,11.19,0.05,74.41,48.26,26.15
ORD-12289,2021-05-18,2021-05-21,Second Class,CUST-2800,Troy Johnson,Corporate,North,New York,Technology,Accessories,Williams-Meyers Accessories,7,37.59,0.0,263.13,182.91,80.22
ORD-12290,2022-09-15,2022-09-20,Standard Class,CUST-2197,Renee Williams,Consumer,North,Mississippi,Office Supplies,Envelopes,"Nelson, Archer and Lee Envelopes",6,19.54,0.1,105.52,57.97,47.55
ORD-12291,2021-06-22,2021-06-24,Standard Class,CUST-2420,Michelle Wilson,Home Office,West,New York,Furniture,Bookcases,Miller-Hernandez Bookcases,10,130.41,0.2,1043.28,679.52,363.76
ORD-12292,2021-11-29,2021-12-06,First Class,CUST-1618,Jessica Brown,Consumer,South,North Carolina,Furniture,Shelving,"Olson, Haynes and Vega Shelving",2,89.29,0.0,178.58,120.8,57.78
ORD-12293,2021-06-01,2021-06-07,Same Day,CUST-2924,Kimberly Wilson,Home Office,North,Connecticut,Technology,Tablets,Martin Group Tablets,5,736.41,0.1,3313.84,2231.54,1082.3
ORD-12294,2021-09-11,2021-09-14,Same Day,CUST-1232,Brian Wang,Home Office,North,West Virginia,Technology,Accessories,Chung PLC Accessories,6,63.98,0.3,268.72,198.96,69.76
ORD-12295,2023-12-29,2024-01-05,Standard Class,CUST-1593,Brooke Lam,Consumer,East,Maine,Technology,Laptops,Bennett-Mcneil Laptops,9,866.96,0.0,7802.64,5127.94,2674.7
ORD-12296,2023-09-04,2023-09-11,First Class,CUST-2598,Monica Goodman,Consumer,North,Utah,Furniture,Chairs,White LLC Chairs,3,676.36,0.2,1623.26,1391.27,231.99
ORD-12297,2023-08-29,2023-09-02,Same Day,CUST-2267,Sean Rhodes,Home Office,South,Wisconsin,Technology,Printers,"Wolfe, Robbins and Black Printers",5,208.39,0.0,1041.95,680.8,361.15
ORD-12298,2022-09-12,2022-09-13,Same Day,CUST-2834,Tiffany Smith,Corporate,West,Mississippi,Furniture,Shelving,Clark PLC Shelving,8,235.34,0.05,1788.58,1275.52,513.06
ORD-12299,2021-03-15,2021-03-22,Standard Class,CUST-2408,Michael Richardson,Home Office,West,Wisconsin,Technology,Laptops,Mendoza-Camacho Laptops,6,655.6,0.0,3933.6,2588.86,1344.74
ORD-12300,2023-12-26,2023-12-31,First Class,CUST-1994,Rachel Valdez,Corporate,South,Pennsylvania,Technology,Printers,Cole-Mayer Printers,3,495.1,0.0,1485.3,692.42,792.88
ORD-12301,2022-01-26,2022-01-30,Second Class,CUST-2283,Courtney Garza,Consumer,West,Rhode Island,Furniture,Shelving,Munoz and Sons Shelving,3,122.96,0.0,368.88,213.15,155.73
ORD-12302,2022-04-21,2022-04-24,Standard Class,CUST-2332,Timothy Gardner,Consumer,North,Vermont,Furniture,Tables,Campbell-Hoffman Tables,8,832.04,0.2,5325.06,4078.18,1246.88
ORD-12303,2021-06-15,2021-06-21,Same Day,CUST-2448,Jonathan Martinez,Corporate,North,Nevada,Furniture,Shelving,"Nelson, Cabrera and Montes Shelving",10,196.54,0.0,1965.4,1175.88,789.52
ORD-12304,2023-03-30,2023-04-01,First Class,CUST-2033,Cheryl Hamilton,Corporate,West,Colorado,Office Supplies,Paper,Hernandez Group Paper,1,49.83,0.0,49.83,30.63,19.2
ORD-12305,2022-06-11,2022-06-16,First Class,CUST-2532,Emily Ramos,Consumer,South,North Dakota,Technology,Laptops,Ritter-Johnson Laptops,1,932.75,0.15,792.84,601.89,190.95
ORD-12306,2021-05-18,2021-05-21,Second Class,CUST-1426,Meghan Williams,Home Office,East,Maine,Office Supplies,Labels,"Alvarez, Scott and Kennedy Labels",2,7.99,0.0,15.98,10.16,5.82
ORD-12307,2023-05-29,2023-05-31,First Class,CUST-2239,Ryan Flores,Consumer,East,Missouri,Technology,Accessories,Bowen PLC Accessories,2,108.56,0.0,217.12,134.21,82.91
ORD-12308,2023-05-10,2023-05-17,Second Class,CUST-2611,Cassandra Perez,Corporate,North,South Carolina,Furniture,Chairs,Duarte-Moreno Chairs,8,286.48,0.0,2291.84,1180.76,1111.08
ORD-12309,2021-05-10,2021-05-17,Standard Class,CUST-2339,Robert Humphrey,Home Office,South,Vermont,Furniture,Desks,"Bennett, Farley and Martin Desks",3,1071.87,0.0,3215.61,1511.48,1704.13
ORD-12310,2022-10-12,2022-10-17,Standard Class,CUST-2019,Andrea Stone DDS,Consumer,North,Pennsylvania,Office Supplies,Pens & Pencils,Evans Group Pens & Pencils,6,17.52,0.2,84.1,51.54,32.56
ORD-12311,2021-11-28,2021-11-30,Standard Class,CUST-2570,Glenn Moore,Corporate,East,Louisiana,Technology,Printers,Williams Inc Printers,4,395.29,0.0,1581.16,910.7,670.46
ORD-12312,2023-02-02,2023-02-08,Second Class,CUST-1091,Jesse Gutierrez,Consumer,North,Kansas,Furniture,Chairs,Maynard Group Chairs,9,101.94,0.0,917.46,481.17,436.29
ORD-12313,2023-05-16,2023-05-17,Standard Class,CUST-2091,Cindy Harrell,Corporate,South,South Dakota,Furniture,Desks,Powell Inc Desks,5,435.01,0.0,2175.05,1121.12,1053.93
ORD-12314,2021-02-12,2021-02-15,Standard Class,CUST-2014,William Sanchez,Corporate,South,North Dakota,Technology,Laptops,Cisneros Inc Laptops,10,994.17,0.05,9444.61,4792.79,4651.82
ORD-12315,2022-08-26,2022-09-02,Standard Class,CUST-2288,David Martinez,Corporate,North,Illinois,Furniture,Desks,Schultz-Long Desks,3,437.47,0.0,1312.41,854.64,457.77
ORD-12316,2021-10-28,2021-11-03,First Class,CUST-2222,Victoria Meza,Corporate,West,Wyoming,Technology,Laptops,"Noble, Maxwell and Bell Laptops",6,928.18,0.0,5569.08,3509.57,2059.51
ORD-12317,2023-10-15,2023-10-21,Standard Class,CUST-1929,Amber Davis,Corporate,West,Florida,Furniture,Tables,Jefferson Inc Tables,2,300.06,0.0,600.12,390.19,209.93
ORD-12318,2022-03-13,2022-03-18,Same Day,CUST-2175,Nicole Pierce,Consumer,West,North Carolina,Office Supplies,Envelopes,"Nelson, Robles and Flores Envelopes",6,14.82,0.15,75.58,41.71,33.87
ORD-12319,2022-12-01,2022-12-07,First Class,CUST-2655,Krista Serrano,Consumer,West,Tennessee,Furniture,Desks,Huerta Inc Desks,9,145.89,0.0,1313.01,673.87,639.14
ORD-12320,2023-04-05,2023-04-12,Same Day,CUST-1507,Brent Day,Home Office,North,Maine,Furniture,Desks,Blanchard-Salazar Desks,9,408.6,0.05,3493.53,2186.89,1306.64
ORD-12321,2022-10-29,2022-10-31,Standard Class,CUST-1067,Amber Coleman,Corporate,East,Iowa,Office Supplies,Storage,Wang-Clark Storage,9,66.34,0.0,597.06,349.18,247.88
ORD-12322,2022-04-12,2022-04-17,First Class,CUST-1934,Deborah Walker,Consumer,South,Rhode Island,Office Supplies,Labels,"Williams, Hall and Shaffer Labels",4,5.44,0.05,20.67,14.92,5.75
ORD-12323,2022-12-11,2022-12-14,First Class,CUST-1689,Justin Jackson,Consumer,East,Iowa,Technology,Accessories,Howell LLC Accessories,2,75.56,0.1,136.01,93.95,42.06
ORD-12324,2023-10-28,2023-11-04,Same Day,CUST-2203,Christopher Moody,Consumer,South,Montana,Office Supplies,Pens & Pencils,Elliott-Garcia Pens & Pencils,1,23.55,0.0,23.55,14.71,8.84
ORD-12325,2022-09-28,2022-10-02,Standard Class,CUST-1255,Kimberly Morgan,Consumer,East,Ohio,Technology,Laptops,Gonzalez-Park Laptops,8,1636.37,0.15,11127.32,5961.83,5165.49
ORD-12326,2021-02-17,2021-02-23,Standard Class,CUST-1837,Maria Chavez,Corporate,North,Arkansas,Office Supplies,Paper,"Zavala, Jensen and Strong Paper",6,42.84,0.1,231.34,133.63,97.71
ORD-12327,2023-10-17,2023-10-18,First Class,CUST-1848,Nicholas Thomas,Corporate,North,South Carolina,Furniture,Tables,Gray-Craig Tables,5,474.81,0.0,2374.05,1630.51,743.54
ORD-12328,2021-04-07,2021-04-13,Second Class,CUST-2609,Megan Thomas,Consumer,West,Tennessee,Technology,Laptops,"Jarvis, Hoffman and Young Laptops",9,1971.53,0.0,17743.77,9432.14,8311.63
ORD-12329,2021-05-03,2021-05-10,Same Day,CUST-1534,Kendra Jenkins,Consumer,North,Ohio,Technology,Monitors,"Johns, Hall and Browning Monitors",7,380.97,0.1,2400.11,1370.97,1029.14
ORD-12330,2022-08-04,2022-08-08,First Class,CUST-1248,Stephanie Thompson,Consumer,South,Wisconsin,Office Supplies,Storage,Patrick-Sims Storage,9,53.7,0.2,386.64,286.79,99.85
ORD-12331,2023-02-01,2023-02-02,First Class,CUST-1949,Rebecca Mercado,Corporate,North,North Dakota,Technology,Laptops,"Ford, Sullivan and Peterson Laptops",5,1316.32,0.0,6581.6,4095.96,2485.64
ORD-12332,2022-12-27,2022-12-31,First Class,CUST-1058,Sarah Wade,Home Office,East,Massachusetts,Office Supplies,Paper,Martin-Harris Paper,5,6.19,0.0,30.95,20.45,10.5
ORD-12333,2022-06-13,2022-06-14,Second Class,CUST-2712,Jeffrey Gray,Consumer,South,Mississippi,Technology,Phones,Todd Group Phones,2,338.07,0.2,540.91,443.15,97.76
ORD-12334,2021-09-21,2021-09-23,Second Class,CUST-1542,Paul Stewart,Consumer,West,Pennsylvania,Technology,Phones,"Jones, Costa and Lutz Phones",2,211.58,0.0,423.16,193.92,229.24
ORD-12335,2022-10-10,2022-10-17,Second Class,CUST-1838,Deborah Deleon,Consumer,East,Alabama,Office Supplies,Envelopes,Freeman-Taylor Envelopes,4,29.63,0.1,106.67,73.18,33.49
ORD-12336,2022-07-18,2022-07-25,Same Day,CUST-1898,Amanda Lutz,Corporate,South,Maryland,Furniture,Shelving,Ho-Page Shelving,10,188.43,0.0,1884.3,888.1,996.2
ORD-12337,2022-09-29,2022-09-30,First Class,CUST-1399,Zachary Wright,Corporate,East,Louisiana,Office Supplies,Labels,Smith-Brown Labels,10,4.29,0.0,42.9,25.53,17.37
ORD-12338,2023-11-27,2023-11-28,First Class,CUST-2015,Danielle Bishop,Corporate,North,Maryland,Furniture,Desks,Lowe Ltd Desks,9,1008.02,0.0,9072.18,4471.21,4600.97
ORD-12339,2022-08-27,2022-08-29,Same Day,CUST-2436,Dominique James,Corporate,West,Idaho,Office Supplies,Envelopes,Martinez-Williams Envelopes,2,20.97,0.05,39.84,22.66,17.18
ORD-12340,2021-04-19,2021-04-20,Second Class,CUST-2089,Crystal Ellis,Home Office,South,Pennsylvania,Office Supplies,Storage,Diaz Inc Storage,5,27.72,0.05,131.67,77.17,54.5
ORD-12341,2023-10-15,2023-10-19,First Class,CUST-2670,Mason Carpenter,Home Office,East,Maryland,Office Supplies,Pens & Pencils,"Mcdonald, Franco and Davis Pens & Pencils",3,14.57,0.3,30.6,28.44,2.16
ORD-12342,2021-02-19,2021-02-23,Standard Class,CUST-2658,Melanie Hendrix,Corporate,South,West Virginia,Furniture,Bookcases,Sullivan-Martin Bookcases,7,347.42,0.0,2431.94,1609.0,822.94
ORD-12343,2022-06-02,2022-06-06,Second Class,CUST-1813,John Haas,Consumer,East,Georgia,Furniture,Tables,"Stevens, Mendoza and Anderson Tables",7,180.06,0.0,1260.42,766.41,494.01
ORD-12344,2022-04-19,2022-04-25,Standard Class,CUST-2197,Brenda Pratt,Corporate,South,Vermont,Furniture,Chairs,"Reed, Scott and Jensen Chairs",5,659.46,0.0,3297.3,1790.21,1507.09
ORD-12345,2021-11-15,2021-11-21,Second Class,CUST-2610,David Garcia,Corporate,East,Tennessee,Furniture,Shelving,"Booth, Long and Warren Shelving",9,172.21,0.0,1549.89,919.55,630.34
ORD-12346,2023-07-24,2023-07-30,First Class,CUST-1918,Patricia Wilson,Home Office,South,Utah,Furniture,Tables,Ochoa Inc Tables,6,1121.75,0.2,5384.4,3624.44,1759.96
ORD-12347,2022-04-14,2022-04-16,Second Class,CUST-1573,Mary Cooper,Consumer,South,California,Furniture,Chairs,Guzman Ltd Chairs,5,484.27,0.1,2179.22,1154.06,1025.16
ORD-12348,2022-07-09,2022-07-15,Same Day,CUST-1082,Brenda Neal,Corporate,West,Louisiana,Technology,Tablets,Trevino-Smith Tablets,7,777.24,0.15,4624.58,3076.26,1548.32
ORD-12349,2022-12-19,2022-12-20,Standard Class,CUST-2647,Anna White,Consumer,South,West Virginia,Office Supplies,Envelopes,Harding Ltd Envelopes,2,12.9,0.0,25.8,17.83,7.97
ORD-12350,2023-12-14,2023-12-20,First Class,CUST-2907,Wayne Parker,Corporate,West,Kentucky,Technology,Phones,"Terrell, Pruitt and Lee Phones",5,974.94,0.1,4387.23,3346.86,1040.37
ORD-12351,2023-07-25,2023-07-27,Second Class,CUST-1902,Matthew Sloan,Home Office,South,Idaho,Office Supplies,Pens & Pencils,Benson-Cruz Pens & Pencils,10,6.2,0.0,62.0,31.45,30.55
ORD-12352,2023-02-16,2023-02-17,First Class,CUST-1138,Daniel Alvarez,Corporate,South,Iowa,Furniture,Tables,Mccoy-Stevens Tables,10,1182.24,0.0,11822.4,5355.31,6467.09
ORD-12353,2022-12-05,2022-12-07,Same Day,CUST-2848,John Gonzales,Corporate,West,Arizona,Furniture,Bookcases,"Mitchell, Love and Haynes Bookcases",9,479.65,0.0,4316.85,2942.41,1374.44
ORD-12354,2021-03-04,2021-03-10,Second Class,CUST-1105,William Owens,Corporate,South,South Dakota,Technology,Laptops,Ponce-Nguyen Laptops,6,1957.43,0.0,11744.58,6615.65,5128.93
ORD-12355,2022-07-18,2022-07-19,Same Day,CUST-1105,Jermaine Johnson,Consumer,West,South Carolina,Technology,Phones,"Miller, Montes and Garcia Phones",4,649.29,0.0,2597.16,1746.0,851.16
ORD-1060,2021-12-20,2021-12-21,Standard Class,CUST-1174,Brittney Reynolds,Consumer,North,Kentucky,Furniture,Bookcases,Wells PLC Bookcases,1,326.88,0.05,310.54,185.67,124.87
ORD-12357,2021-09-27,2021-09-29,First Class,CUST-2660,Jared Figueroa,Home Office,West,Wisconsin,Furniture,Shelving,Cooper-Daniel Shelving,5,259.77,0.0,1298.85,835.3,463.55
ORD-12358,2023-12-13,2023-12-18,,CUST-1006,Bobby Martinez,Home Office,East,Alaska,Office Supplies,Paper,"Johnson, Morgan and Martinez Paper",8,30.31,0.15,206.11,109.95,96.16
ORD-12359,2021-04-07,2021-04-11,Standard Class,CUST-2010,Gina Riley,Home Office,East,Louisiana,Technology,Phones,Fleming Group Phones,3,536.22,0.3,1126.06,1099.02,27.04
ORD-12360,2022-11-18,2022-11-19,First Class,CUST-1896,David Sampson,Consumer,South,New Mexico,Furniture,Tables,Smith-Armstrong Tables,9,567.87,0.0,5110.83,2423.77,2687.06
ORD-12361,2021-09-13,2021-09-16,Same Day,CUST-1631,Harold Lopez,Consumer,East,Tennessee,Office Supplies,Storage,Hughes-Rivera Storage,7,53.54,0.0,374.78,178.43,196.35
ORD-12362,2022-02-01,2022-02-04,Same Day,CUST-2175,Alicia Russo,Corporate,North,Oregon,Furniture,Bookcases,Walker Inc Bookcases,5,461.85,0.2,1847.4,1189.72,657.68
ORD-12363,2023-05-10,2023-05-15,Same Day,CUST-2916,Ryan Levine,Home Office,East,Washington,Office Supplies,Envelopes,Horn Group Envelopes,7,23.31,0.0,163.17,101.12,62.05
ORD-12364,2023-06-14,2023-06-18,Standard Class,CUST-1593,Kevin Perez,Consumer,West,New Hampshire,Furniture,Bookcases,Robinson-Wright Bookcases,10,256.47,0.0,2564.7,1674.14,890.56
ORD-12365,2021-11-24,2021-11-27,Second Class,CUST-1224,Wesley Gutierrez,Corporate,East,South Dakota,Furniture,Desks,Williams-Miller Desks,8,818.43,0.05,6220.07,3032.09,3187.98
ORD-12366,2023-06-18,2023-06-23,First Class,CUST-1599,Taylor Hernandez,Consumer,West,New Mexico,Office Supplies,Envelopes,"Hoover, Scott and Ramirez Envelopes",-9,21.09,0.5,94.91,132.23,-37.32
ORD-12367,2022-01-01,2022-01-05,Same Day,CUST-1285,Samuel Moreno,Consumer,South,Florida,Furniture,Shelving,Gonzales Group Shelving,6,92.24,0.0,553.44,357.85,195.59
ORD-12368,2023-09-18,2023-09-20,Standard Class,CUST-1510,Matthew Willis,Consumer,North,Ohio,Furniture,Desks,Owens and Sons Desks,4,616.59,0.3,1726.45,1349.96,376.49
ORD-12369,2022-09-17,2022-09-19,Standard Class,CUST-1040,Paula Palmer,Consumer,North,New Mexico,Furniture,Bookcases,Hill PLC Bookcases,9,261.45,0.15,2000.09,1142.32,857.77
ORD-12370,2022-07-05,2022-07-06,Second Class,CUST-2683,Dana Alexander,Home Office,West,Hawaii,Office Supplies,Storage,"Krueger, Lynch and Martin Storage",4,66.78,0.0,267.12,180.43,86.69
ORD-12371,2023-06-28,2023-07-05,First Class,CUST-2976,Jessica Clayton,Consumer,West,Louisiana,Office Supplies,Envelopes,Knight-Knight Envelopes,10,8.1,0.05,76.95,50.21,26.74
ORD-12372,2023-07-01,2023-07-02,First Class,CUST-2501,Tony Mosley,Home Office,North,West Virginia,Technology,Phones,Johnson LLC Phones,8,243.98,0.0,1951.84,999.11,952.73
ORD-12373,2023-02-21,2023-02-23,Standard Class,CUST-1894,Stephen Young,Consumer,North,New Jersey,Furniture,Tables,"Williams, Anthony and Bruce Tables",5,1488.73,0.0,7443.65,4534.91,2908.74
ORD-12374,2023-06-15,2023-06-19,First Class,CUST-2557,Andrew Wu,Home Office,West,Florida,Office Supplies,Storage,"Kim, Cooper and Day Storage",5,59.55,0.15,253.09,196.02,57.07
ORD-12375,2023-10-28,2023-11-02,Standard Class,CUST-2451,Jessica Allen,Corporate,South,Hawaii,Office Supplies,Paper,"Tucker, Lambert and Carlson Paper",8,20.07,0.05,152.53,101.39,51.14
ORD-12376,2021-02-18,2021-02-19,Second Class,CUST-1433,Charles Gutierrez,Consumer,North,Hawaii,Technology,Accessories,Shepard Ltd Accessories,4,32.54,0.1,117.14,76.9,40.24
ORD-12377,2021-05-26,2021-05-29,Same Day,CUST-1226,Mrs. Desiree Lambert,Home Office,West,Hawaii,Office Supplies,Envelopes,Abbott-Richardson Envelopes,9,10.37,0.0,93.33,60.55,32.78
ORD-12378,2023-04-04,2023-04-10,Second Class,CUST-1901,Julia Lopez,Home Office,West,North Carolina,Furniture,Tables,Sanchez-Carrillo Tables,5,659.01,0.0,3295.05,2217.52,1077.53
ORD-12379,2023-09-12,2023-09-16,Same Day,CUST-1017,Susan Stafford,Home Office,East,Ohio,Office Supplies,Envelopes,Jones-Nixon Envelopes,7,28.54,0.2,159.82,132.92,26.9
ORD-12380,2022-08-12,2022-08-17,Second Class,CUST-2083,Charles Fowler,Consumer,West,Texas,Furniture,Desks,"Wright, Sutton and Patel Desks",5,744.73,0.0,3723.65,2014.27,1709.38
ORD-12381,2023-01-11,2023-01-17,,CUST-1348,Jamie Alexander,Home Office,West,Pennsylvania,Technology,Phones,"Acosta, Jones and Reed Phones",5,560.59,0.0,2802.95,1751.73,1051.22
ORD-12382,2022-09-18,2022-09-22,Standard Class,CUST-2196,James Terry,Consumer,South,Montana,Furniture,Desks,Flores Ltd Desks,7,809.89,0.15,4818.85,3229.98,1588.87
ORD-12383,2022-05-05,2022-05-07,Second Class,CUST-1222,Melissa Lee,Consumer,East,Iowa,Technology,Laptops,Mclaughlin Ltd Laptops,1,959.72,0.0,959.72,628.8,330.92
ORD-12384,2022-08-16,2022-08-19,Same Day,CUST-1703,Chase Johnson,Consumer,East,Georgia,Furniture,Chairs,"Douglas, Benson and Reed Chairs",5,408.4,0.05,1939.9,987.02,952.88
ORD-12385,2022-02-14,2022-02-20,Second Class,CUST-1182,Nicholas Rice,Home Office,South,Minnesota,Technology,Phones,Morales Inc Phones,5,808.61,0.0,4043.05,2766.92,1276.13
ORD-12386,2022-12-29,2023-01-04,Second Class,CUST-2360,Daniel Avery,Corporate,North,California,Office Supplies,Pens & Pencils,"Sweeney, Juarez and Davis Pens & Pencils",7,24.28,0.2,135.97,85.12,50.85
ORD-12387,2021-08-16,2021-08-23,Standard Class,CUST-1264,Adam Barajas,Corporate,West,Missouri,Office Supplies,Envelopes,Guzman LLC Envelopes,3,17.41,0.0,52.23,31.34,20.89
ORD-12388,2022-08-05,2022-08-07,Second Class,CUST-2713,Angela Miller,Consumer,West,West Virginia,Furniture,Bookcases,Matthews-Murphy Bookcases,7,338.88,0.1,2134.94,1592.51,542.43
ORD-12389,2021-09-26,2021-10-02,Standard Class,CUST-2012,Lance Ramirez,Consumer,North,New Mexico,Furniture,Tables,Neal Inc Tables,8,383.91,0.05,2917.72,2056.01,861.71
ORD-12390,2021-09-12,2021-09-19,Same Day,CUST-1154,Robert Jones,Home Office,North,Washington,Furniture,Shelving,"Patterson, Hayes and Edwards Shelving",3,121.33,0.15,309.39,247.07,62.32
ORD-12391,2021-03-15,2021-03-16,First Class,CUST-1444,Lisa Nielsen,Home Office,South,Massachusetts,Furniture,Bookcases,"Brennan, Kennedy and White Bookcases",7,455.58,0.0,3189.06,1580.87,1608.19
ORD-12392,2022-10-24,2022-10-26,Second Class,CUST-1566,Stacy Becker,Consumer,South,Arizona,Furniture,Desks,"Davis, Hawkins and Johnson Desks",6,1183.95,0.0,7103.7,3877.31,3226.39
ORD-12393,2021-11-23,2021-11-24,First Class,CUST-1609,Timothy Mcdowell,Consumer,East,Nevada,Technology,Accessories,"Fuller, Williams and Schultz Accessories",6,79.23,0.3,332.77,246.44,86.33
ORD-12394,2022-01-13,2022-01-18,Second Class,CUST-2925,Ms. Holly Hernandez,Home Office,West,Maryland,Technology,Phones,Hernandez and Sons Phones,1,480.02,0.1,432.02,245.62,186.4
ORD-12395,2023-08-17,2023-08-21,Standard Class,CUST-1482,Annette Martin,Home Office,East,Washington,Technology,Monitors,Nielsen-Watkins Monitors,1,348.75,0.0,348.75,210.97,137.78
ORD-12396,2022-06-11,2022-06-15,Second Class,CUST-1908,Jeffrey Jefferson,Corporate,West,Kentucky,Furniture,Desks,Elliott Group Desks,3,1132.57,0.1,3057.94,1830.18,1227.76
ORD-12397,2023-05-27,2023-05-28,Standard Class,CUST-2188,Daniel Adkins,Consumer,South,Arkansas,Technology,Printers,Reyes-Gomez Printers,9,246.66,0.2,1775.95,1215.21,560.74
ORD-12398,2022-03-02,2022-03-05,First Class,CUST-1511,Ashley Underwood,Home Office,North,Wyoming,Furniture,Bookcases,Ortiz Group Bookcases,1,138.86,0.15,118.03,84.76,33.27
ORD-12399,2023-07-04,2023-07-08,First Class,CUST-2704,Daniel Lopez,Home Office,North,Utah,Office Supplies,Binders,Anderson-Ramirez Binders,9,20.48,0.3,129.02,124.03,4.99
ORD-12400,2022-05-12,2022-05-17,Standard Class,CUST-1946,Rachel Stone,Home Office,North,South Dakota,Technology,Tablets,Greer LLC Tablets,1,712.16,0.0,712.16,399.1,313.06
ORD-12401,2023-03-13,2023-03-20,Second Class,CUST-2224,Christopher Baker,Consumer,North,Pennsylvania,Office Supplies,Binders,Gray-Cruz Binders,2,6.12,0.0,12.24,8.34,3.9
ORD-12402,2022-03-07,2022-03-14,Second Class,CUST-2655,Vanessa Burgess,Corporate,North,Maine,Technology,Accessories,"Bradford, Martinez and Cooley Accessories",5,48.65,0.0,243.25,127.1,116.15
ORD-12403,2023-06-24,2023-06-28,Second Class,CUST-1321,Karen Hunter,Corporate,North,New Jersey,Office Supplies,Binders,Smith-Guerrero Binders,1,8.78,0.05,8.34,5.9,2.44
ORD-12404,2022-03-24,2022-03-26,Same Day,CUST-1080,Brittney Cooper MD,Consumer,North,Florida,Furniture,Shelving,Miller-Lee Shelving,8,274.64,0.2,1757.7,1319.14,438.56
ORD-12405,2023-09-02,2023-09-06,First Class,CUST-1757,Melissa Leach,Home Office,West,Idaho,Furniture,Chairs,Russell-Webb Chairs,7,817.6,0.0,5723.2,3806.6,1916.6
ORD-12406,2022-03-20,2022-03-22,Second Class,CUST-1775,Rhonda Dougherty,Corporate,West,Vermont,Technology,Phones,Saunders Inc Phones,5,365.7,0.3,1279.95,1190.09,89.86
ORD-12407,2023-10-11,2023-10-13,Second Class,CUST-1139,Andrew Taylor,Home Office,East,Hawaii,Furniture,Bookcases,Ross-Johnson Bookcases,2,472.84,0.0,945.68,535.62,410.06
ORD-12408,2023-04-17,2023-04-20,First Class,CUST-2608,Brandon Davidson,Home Office,South,Connecticut,Technology,Accessories,Richards and Sons Accessories,8,128.04,0.0,1024.32,605.97,418.35
ORD-12409,2021-10-14,2021-10-15,Same Day,CUST-2988,Mr. Douglas Atkins,Consumer,East,Ohio,Furniture,Desks,"Brown, Kramer and Williams Desks",-6,592.47,0.0,3554.82,2058.1,1496.72
ORD-12410,2021-09-25,2021-09-27,First Class,CUST-1559,Margaret Smith,Consumer,East,New Hampshire,Technology,Accessories,Park-Burke Accessories,6,47.18,0.0,283.08,141.4,141.68
ORD-12411,2023-09-24,2023-09-26,Standard Class,CUST-1249,Trevor Mendoza,Consumer,South,Kansas,Technology,Phones,Ewing and Sons Phones,1,506.88,0.0,506.88,256.06,250.82
ORD-12412,2021-03-09,2021-03-10,Second Class,CUST-2933,Ebony Hansen,Corporate,West,Texas,Office Supplies,Envelopes,Vega Ltd Envelopes,5,23.44,0.2,93.76,71.43,22.33
ORD-12413,2023-08-17,2023-08-22,First Class,CUST-2344,Laurie Harris,Corporate,West,Nebraska,Technology,Tablets,Ingram LLC Tablets,8,319.19,0.15,2170.49,1183.83,986.66
ORD-12414,2023-03-15,2023-03-19,Second Class,CUST-1454,Mrs. Amber Black,Corporate,North,Maine,Office Supplies,Storage,Sims Ltd Storage,1,58.09,0.0,58.09,31.94,26.15
ORD-12415,2022-11-01,2022-11-04,First Class,CUST-2296,Keith Cantrell,Corporate,South,Kansas,Furniture,Shelving,"Munoz, Randolph and Cherry Shelving",4,204.78,0.05,778.16,371.96,406.2
ORD-12416,2021-10-20,2021-10-23,Second Class,CUST-1999,Ashley Hill,Consumer,East,Montana,Furniture,Tables,"Thompson, Smith and Bell Tables",7,1214.0,0.0,8498.0,5763.99,2734.01
ORD-12417,2021-12-29,2021-12-31,Standard Class,CUST-1518,Brian Fox,Home Office,East,Nevada,Furniture,Tables,Booth-Franco Tables,10,1392.1,0.1,12528.9,7205.79,5323.11
ORD-12418,2021-06-28,2021-07-03,First Class,CUST-2051,Devin Garcia,Corporate,South,Vermont,Office Supplies,Storage,Frank Ltd Storage,1,37.84,0.0,37.84,24.06,13.78
ORD-12419,2022-06-06,2022-06-07,Second Class,CUST-2630,Wesley Martin,Home Office,East,Michigan,Furniture,Shelving,Hernandez-Vega Shelving,9,140.39,0.1,1137.16,647.73,489.43
ORD-12420,2021-04-07,2021-04-14,Standard Class,CUST-2424,Caroline Wallace,Home Office,South,North Carolina,Technology,Tablets,Hernandez-Reid Tablets,10,772.1,0.1,6948.9,4052.94,2895.96
ORD-12421,2021-05-20,2021-05-27,Second Class,CUST-2880,Brian Williams,Consumer,West,Tennessee,Technology,Tablets,Brown LLC Tablets,1,310.92,0.0,310.92,172.62,138.3
ORD-12422,2021-11-20,2021-11-22,Standard Class,CUST-1789,Jodi Brown,Consumer,North,Illinois,Office Supplies,Labels,Jones LLC Labels,4,19.45,0.05,73.91,48.11,25.8
ORD-12423,2022-02-04,2022-02-06,Standard Class,CUST-2556,Christine Rodriguez,Home Office,South,Vermont,Furniture,Bookcases,Weaver Ltd Bookcases,1,139.37,0.05,132.4,70.25,62.15
ORD-12424,2021-09-08,2021-09-13,Second Class,CUST-1383,Rebecca Bender,Consumer,North,Kentucky,Furniture,Chairs,Martin-Hammond Chairs,1,318.69,0.05,302.76,158.04,144.72
ORD-12425,2022-10-18,2022-10-22,Standard Class,CUST-1028,Anthony Wallace,Consumer,North,Arizona,Technology,Tablets,"Watson, Patrick and Smith Tablets",1,375.99,0.2,300.79,212.11,88.68
ORD-12426,2021-12-23,2021-12-26,First Class,CUST-1526,Ryan Morgan,Consumer,West,Kansas,Furniture,Chairs,Matthews Group Chairs,2,618.05,0.3,865.27,829.29,35.98
ORD-12427,2021-04-30,2021-05-06,Same Day,CUST-1273,Robert Berry,Corporate,South,Hawaii,Technology,Printers,Gill-Doyle Printers,6,554.84,0.0,3329.04,1592.58,1736.46
ORD-12428,2022-02-18,2022-02-21,Standard Class,CUST-1233,Maria Martin,Consumer,South,Arizona,Furniture,Desks,Parker-Jennings Desks,5,1096.72,0.0,5483.6,3215.19,2268.41
ORD-12429,2022-04-24,2022-04-26,Second Class,CUST-1382,Alicia Gutierrez,Home Office,West,Minnesota,Technology,Laptops,Moore Ltd Laptops,1,1132.62,0.0,1132.62,707.29,425.33
ORD-12430,2022-12-11,2022-12-17,Standard Class,CUST-2854,Charles Miller,Home Office,South,Oregon,Office Supplies,Binders,Black PLC Binders,1,16.36,0.2,13.09,9.27,3.82
ORD-12431,2023-06-06,2023-06-10,Same Day,CUST-1842,Krystal Abbott,Home Office,South,Kansas,Technology,Phones,Murphy-Mcintyre Phones,1,694.11,0.0,694.11,331.58,362.53
ORD-12432,2022-04-24,2022-05-01,First Class,CUST-2259,Bryan Stevenson DDS,Home Office,East,Wisconsin,Furniture,Chairs,"Reid, Jimenez and Herman Chairs",2,227.21,0.0,454.42,253.6,200.82
ORD-12433,2022-02-09,2022-02-10,First Class,CUST-1152,Kayla Stein,Consumer,East,North Carolina,Technology,Phones,Ward-Williams Phones,6,885.77,0.0,5314.62,2407.42,2907.2
ORD-12434,2023-09-30,2023-10-04,First Class,CUST-2032,Marco West DVM,Corporate,West,Iowa,Technology,Phones,"Torres, Perez and Williams Phones",6,522.35,0.0,3134.1,1638.52,1495.58
ORD-12435,2022-08-26,2022-09-02,Standard Class,CUST-1475,Vanessa Montes,Corporate,East,Ohio,Office Supplies,Labels,Wiley and Sons Labels,1,10.86,0.05,10.32,5.95,4.37
ORD-12436,2022-01-19,2022-01-24,Same Day,CUST-2120,Sharon Wood,Consumer,South,Arizona,Furniture,Chairs,Chandler-Turner Chairs,3,149.05,0.0,447.15,282.27,164.88
ORD-12437,2023-02-25,2023-03-02,Standard Class,CUST-2221,Beth Bell,Consumer,East,Massachusetts,Technology,Printers,"Steele, Jones and Holt Printers",3,136.13,0.0,408.39,203.73,204.66
ORD-12438,2023-08-31,2023-09-07,Same Day,CUST-1100,Paul Garcia,Home Office,West,Nebraska,Technology,Monitors,Robinson Inc Monitors,7,377.14,0.0,2639.98,1737.05,902.93
ORD-12439,2021-07-03,2021-07-05,Same Day,CUST-1521,Brandon Chung,Consumer,West,Kentucky,Office Supplies,Labels,Harris Inc Labels,8,8.33,0.05,63.31,40.5,22.81
ORD-12440,2021-09-04,2021-09-09,Second Class,CUST-2542,Devin Swanson,Corporate,East,Mississippi,Furniture,Shelving,Williams PLC Shelving,5,46.56,0.05,221.16,143.03,78.13
ORD-12441,2022-07-03,2022-07-08,Standard Class,CUST-1991,Sarah Dean,Consumer,South,Florida,Furniture,Tables,Duffy-Schmidt Tables,7,809.79,0.0,5668.53,3030.29,2638.24
ORD-12442,2021-11-09,2021-11-15,Same Day,CUST-2441,David Reyes,Corporate,South,Massachusetts,Technology,Phones,Miller-Holt Phones,6,622.17,0.0,,1717.3,2015.72
ORD-12443,2021-05-02,2021-05-07,First Class,CUST-2319,Aaron Barrett,Home Office,South,Maine,Office Supplies,Storage,"Smith, Lee and Henderson Storage",3,45.34,0.0,136.02,85.98,50.04
ORD-12444,2021-12-18,2021-12-23,Same Day,CUST-1440,Corey Evans,Home Office,East,Florida,Furniture,Bookcases,Hall-Rose Bookcases,9,290.62,0.0,2615.58,1476.87,1138.71
ORD-12445,2023-10-28,2023-11-01,Standard Class,CUST-2241,Jeffrey Jacobson,Home Office,East,New York,Furniture,Tables,Clark-Harmon Tables,1,1350.61,0.0,1350.61,814.56,536.05
ORD-12446,2022-12-12,2022-12-14,Second Class,CUST-2132,Christina Carrillo,Home Office,West,Oklahoma,Office Supplies,Pens & Pencils,Braun-Nunez Pens & Pencils,5,14.28,0.0,71.4,45.67,25.73
ORD-12447,2021-01-07,2021-01-11,Second Class,CUST-1213,Jessica Powell,Corporate,West,California,Furniture,Tables,James PLC Tables,3,679.26,0.0,2037.78,1353.54,684.24
ORD-12448,2022-02-06,2022-02-09,Second Class,CUST-1362,Natalie Torres,Corporate,South,Mississippi,Technology,Monitors,"Stewart, Ballard and Castro Monitors",1,352.63,0.0,352.63,193.8,158.83
ORD-12449,2022-08-04,2022-08-07,Second Class,CUST-2467,John Miller,Consumer,East,Oklahoma,Office Supplies,Binders,Harding-Roberts Binders,9,32.59,0.05,278.64,165.67,112.97
ORD-12450,2022-08-24,2022-08-29,First Class,CUST-1341,Michael Lamb,Consumer,East,Connecticut,Technology,Printers,"Li, Jenkins and Rice Printers",3,533.06,0.0,1599.18,949.86,649.32
ORD-12451,2021-09-09,2021-09-13,First Class,CUST-2250,Warren Rivas,Consumer,East,Wyoming,Technology,Accessories,Torres Group Accessories,7,117.56,0.0,822.92,498.7,324.22
ORD-12452,2022-02-23,2022-02-26,Same Day,CUST-2266,Trevor Griffith,Home Office,West,Alabama,Furniture,Tables,"Walker, Sullivan and Hanna Tables",10,517.82,0.05,4919.29,2900.99,2018.3
ORD-12453,2022-06-19,2022-06-22,Standard Class,CUST-2632,Benjamin Richardson,Home Office,South,New Hampshire,Office Supplies,Envelopes,Carey PLC Envelopes,2,18.39,0.0,36.78,23.99,12.79
ORD-12454,2021-12-18,2021-12-21,Standard Class,CUST-1156,Lori Davis,Consumer,North,South Dakota,Office Supplies,Storage,"Miller, Rich and Pearson Storage",3,71.84,0.2,172.42,122.07,50.35
ORD-12455,2023-02-26,2023-02-28,Same Day,CUST-2675,Beth Brock,Home Office,North,Hawaii,Technology,Printers,"Lopez, Garcia and Jones Printers",5,290.34,0.2,1161.36,900.26,261.1
ORD-12456,2023-04-27,2023-04-29,Same Day,CUST-2243,Judith Bryan,Consumer,South,Arizona,Office Supplies,Envelopes,"Miller, Chavez and Hunt Envelopes",7,14.23,0.0,99.61,45.48,54.13
ORD-12457,2022-06-30,2022-07-04,Same Day,CUST-1209,Ms. Jamie Jones,Consumer,South,California,Technology,Tablets,Smith PLC Tablets,10,743.36,0.3,5203.52,4134.46,1069.06
ORD-12458,2023-09-12,2023-09-14,First Class,CUST-2108,Kayla Sanchez,Corporate,South,California,Office Supplies,Paper,Schwartz Ltd Paper,4,12.63,0.0,50.52,25.1,25.42
ORD-12459,2022-08-28,2022-08-30,Standard Class,CUST-2266,Jennifer Floyd PhD,Corporate,West,Delaware,Furniture,Desks,Jones Inc Desks,3,224.1,0.0,672.3,420.53,251.77
ORD-12460,2022-08-09,2022-08-10,Standard Class,CUST-1527,Joshua Guerra,Corporate,North,Delaware,Furniture,Shelving,"Hendricks, Martinez and Gonzalez Shelving",8,251.75,0.05,1913.3,1232.23,681.07
ORD-12461,2023-01-25,2023-01-27,Same Day,CUST-1659,Wayne Mccall,Home Office,East,Tennessee,Furniture,Tables,Browning-Lee Tables,8,427.52,0.0,3420.16,2376.8,1043.36
ORD-12462,2021-12-16,2021-12-21,Same Day,CUST-2021,Joe Singh Jr.,Corporate,West,North Dakota,Office Supplies,Pens & Pencils,Paul Inc Pens & Pencils,7,17.17,0.0,120.19,72.38,47.81
ORD-12463,2021-03-24,2021-03-27,Same Day,CUST-2494,Cynthia Conley,Home Office,North,New York,Furniture,Shelving,"Allen, Lawrence and Gibbs Shelving",4,206.74,0.0,826.96,501.5,325.46
ORD-12464,2021-02-22,2021-03-01,First Class,CUST-2129,Robin Brown,Home Office,West,Indiana,Office Supplies,Paper,Wall-Farrell Paper,4,47.45,0.05,180.31,105.99,74.32
ORD-12465,2023-03-16,2023-03-17,First Class,CUST-1167,Jennifer Johnson,Consumer,North,Indiana,Furniture,Tables,Mckinney-Miller Tables,1,707.24,0.15,601.15,401.01,200.14
ORD-12466,2021-08-01,2021-08-06,Same Day,CUST-2750,Jeffrey Armstrong,Corporate,East,South Dakota,Technology,Laptops,Davis-Frost Laptops,3,1300.57,0.0,3901.71,2395.06,1506.65
ORD-12467,2022-11-20,2022-11-22,Second Class,CUST-1963,Eric Wright,Corporate,East,Iowa,Furniture,Bookcases,"Scott, Wells and Wu Bookcases",6,86.79,0.5,260.37,282.96,-22.59
ORD-12468,2022-06-01,2022-06-06,First Class,CUST-1722,Dawn Jackson,Home Office,South,Illinois,Technology,Phones,"Baldwin, Fitzpatrick and Lopez Phones",7,922.74,0.2,5167.34,3267.55,1899.79
ORD-12469,2021-04-16,2021-04-17,First Class,CUST-2582,Tiffany Garcia,Consumer,South,Alaska,Office Supplies,Paper,Acosta PLC Paper,6,14.38,0.2,69.02,55.93,13.09
ORD-12470,2023-03-25,2023-03-29,Same Day,CUST-2946,Nicholas Mendez,Home Office,North,Kentucky,Office Supplies,Labels,Gonzales LLC Labels,3,15.53,0.05,44.26,22.85,21.41
ORD-12471,2021-07-03,2021-07-06,Standard Class,CUST-1263,Shawn Goodwin,Corporate,South,Maine,Technology,Laptops,Miller-Warren Laptops,9,1747.91,0.0,15731.19,8110.33,7620.86
ORD-12472,2023-09-15,2023-09-19,First Class,CUST-2259,Heather Payne,Corporate,West,Montana,Office Supplies,Labels,"Allen, Jones and Bennett Labels",8,15.32,0.2,98.05,85.58,12.47
ORD-12473,2021-02-15,2021-02-19,,CUST-2812,Jacob Soto,Corporate,North,Wisconsin,Technology,Printers,"Ochoa, Hines and Graham Printers",7,148.04,0.1,932.65,558.08,374.57
ORD-12474,2022-01-22,2022-01-28,Second Class,CUST-1587,Adam Perez,Consumer,North,Hawaii,Technology,Tablets,Sanders LLC Tablets,9,539.23,0.0,4853.07,3278.17,1574.9
ORD-12475,2022-08-21,2022-08-24,Second Class,CUST-1511,Emma Beard,Corporate,West,Colorado,Office Supplies,Paper,Davis and Sons Paper,7,49.24,0.0,344.68,225.35,119.33
ORD-12476,2021-04-09,2021-04-15,Standard Class,CUST-1064,Jason Lucas,Home Office,South,Iowa,Technology,Accessories,Bailey Inc Accessories,1,35.3,0.05,33.53,23.92,9.61
ORD-12477,2022-12-02,2022-12-09,Same Day,CUST-1731,Lisa Park,Corporate,East,Alaska,Office Supplies,Storage,"Wong, Martin and Rivera Storage",7,60.74,0.0,425.18,282.03,143.15
ORD-12478,2022-05-28,2022-05-30,Standard Class,CUST-1227,Mitchell Espinoza,Consumer,North,Michigan,Office Supplies,Labels,Chandler PLC Labels,4,17.94,0.0,71.76,46.75,25.01
ORD-12479,2021-10-05,2021-10-07,Standard Class,CUST-2937,Joshua Hernandez,Consumer,South,Arizona,Technology,Phones,"Brown, Barnett and Rodriguez Phones",10,824.26,0.0,8242.6,5216.71,3025.89
ORD-12480,2023-08-10,2023-08-11,First Class,CUST-1885,Laura Ellis,Consumer,West,Michigan,Office Supplies,Envelopes,"Villegas, Martinez and Martinez Envelopes",2,23.12,0.0,46.24,29.89,16.35
ORD-12481,2023-06-14,2023-06-16,First Class,CUST-1860,Jeremy Rivera,Corporate,South,Minnesota,Technology,Phones,"Kelly, Adams and Little Phones",2,640.02,0.0,1280.04,738.28,541.76
ORD-12482,2022-08-01,2022-08-02,Same Day,CUST-1978,Teresa Brown,Consumer,East,Oklahoma,Furniture,Bookcases,"Edwards, Sawyer and Jones Bookcases",8,350.8,0.1,2525.76,1385.14,1140.62
ORD-12483,2023-08-05,2023-08-12,First Class,CUST-1370,Angela Payne,Home Office,East,Oregon,Technology,Accessories,"Rhodes, Clark and White Accessories",4,14.7,0.1,52.92,29.49,23.43
ORD-12484,2021-06-19,2021-06-23,First Class,CUST-2192,Shelly Yoder,Consumer,East,Arizona,Furniture,Shelving,Bowers LLC Shelving,2,196.67,0.05,373.67,212.23,161.44
ORD-12485,2021-01-13,2021-01-14,First Class,CUST-1347,Marie Trujillo,Corporate,South,Rhode Island,Office Supplies,Storage,Smith-Richard Storage,5,55.98,0.5,139.95,183.66,-43.71
ORD-12486,2023-08-21,2023-08-28,Standard Class,CUST-2565,Juan Moon,Consumer,North,Iowa,Furniture,Shelving,"Berger, Welch and Holt Shelving",9,137.68,0.0,1239.12,713.15,525.97
ORD-12487,2022-12-05,2022-12-06,Second Class,CUST-2428,Diane Cummings,Consumer,North,Arizona,Furniture,Bookcases,Jenkins-Thomas Bookcases,1,225.33,0.1,202.8,109.47,93.33
ORD-12488,2023-05-18,2023-05-19,Same Day,CUST-1200,Richard Evans,Consumer,East,Hawaii,Furniture,Bookcases,Moore-Campos Bookcases,8,353.05,0.0,2824.4,1765.99,1058.41
ORD-12489,2023-09-13,2023-09-16,Standard Class,CUST-1591,Sarah Smith,Home Office,South,Virginia,Technology,Accessories,"Atkins, Garcia and Morris Accessories",10,78.23,0.0,782.3,404.49,377.81
ORD-12490,2022-11-25,2022-11-26,Same Day,CUST-1866,Sara Harrison,Corporate,North,Oklahoma,Furniture,Shelving,Barnes Inc Shelving,4,225.02,0.15,765.07,607.35,157.72
ORD-12491,2023-05-13,2023-05-17,Same Day,CUST-1617,Christian Allen,Consumer,South,Idaho,Office Supplies,Pens & Pencils,Tran-Buck Pens & Pencils,2,19.08,0.1,34.34,17.94,16.4
ORD-12492,2021-09-02,2021-09-08,,CUST-1146,David Johnson,Consumer,South,Kentucky,Office Supplies,Envelopes,Nelson LLC Envelopes,5,9.45,0.0,47.25,25.64,21.61
ORD-12493,2023-02-04,2023-02-08,First Class,CUST-1263,Desiree Miller,Consumer,South,Arizona,Furniture,Bookcases,"Reeves, Dominguez and Buchanan Bookcases",4,242.74,0.0,970.96,560.91,410.05
ORD-12494,2023-12-13,2023-12-17,Same Day,CUST-2285,Pamela Rice,Home Office,West,West Virginia,Furniture,Tables,"Jones, Howell and Ball Tables",8,1366.89,0.15,9294.85,6433.8,2861.05
ORD-12495,2022-02-24,2022-02-28,Second Class,CUST-1375,Brian Brennan,Consumer,East,New York,Furniture,Desks,Palmer Inc Desks,7,193.8,0.2,1085.28,627.75,457.53
ORD-12496,2021-01-21,2021-01-22,Second Class,CUST-1221,Barbara Hill,Home Office,North,Idaho,Furniture,Chairs,Brown Inc Chairs,3,426.0,0.0,1278.0,704.61,573.39
ORD-12497,2022-12-10,2022-12-12,Standard Class,CUST-2614,Tyler Smith,Consumer,South,Iowa,Furniture,Shelving,Thomas-Davis Shelving,4,264.19,0.0,,571.4,485.36
ORD-12498,2022-08-16,2022-08-18,First Class,CUST-2639,Heidi Brown,Consumer,North,Kentucky,Technology,Laptops,"Ortiz, White and Long Laptops",6,1178.52,0.0,7071.12,3842.65,3228.47
ORD-12499,2021-09-19,2021-09-22,Same Day,CUST-1910,Kathleen White,Corporate,West,Minnesota,Office Supplies,Paper,Martinez Group Paper,1,51.1,0.0,51.1,25.78,25.32
ORD-12500,2023-11-21,2023-11-27,First Class,CUST-1497,Shelby Thompson,Home Office,North,North Dakota,Technology,Accessories,Gibson LLC Accessories,3,121.13,0.1,327.05,170.87,156.18
ORD-12501,2022-11-17,2022-11-19,Same Day,CUST-2791,Sandra Freeman,Consumer,North,Montana,Furniture,Tables,West Inc Tables,10,1302.59,0.0,13025.9,8015.22,5010.68
ORD-12502,2023-03-13,2023-03-17,Standard Class,CUST-2333,Zachary Woods PhD,Home Office,East,Arkansas,Technology,Accessories,Mcdonald PLC Accessories,9,140.22,0.1,1135.78,633.86,501.92
ORD-12503,2021-01-21,2021-01-23,First Class,CUST-2251,Mrs. Meghan Pineda DDS,Consumer,South,Nebraska,Office Supplies,Binders,Stephens-Martin Binders,4,21.76,0.0,87.04,45.26,41.78
ORD-12504,2021-08-09,2021-08-15,Second Class,CUST-2514,Joseph Fisher,Corporate,South,Pennsylvania,Furniture,Shelving,"Bonilla, Jones and Jenkins Shelving",1,112.3,0.15,95.45,69.86,25.59
ORD-12505,2022-05-27,2022-05-28,First Class,CUST-2137,Monique Carter,Consumer,West,Idaho,Furniture,Tables,"Yang, Fernandez and Moore Tables",6,1434.94,0.0,8609.64,5609.69,2999.95
ORD-12506,2023-10-23,2023-10-26,First Class,CUST-2958,Brittany Bates,Home Office,South,Utah,Technology,Monitors,"Mitchell, Moore and Jones Monitors",7,675.76,0.0,4730.32,2842.49,1887.83
ORD-12507,2023-10-15,2023-10-19,Standard Class,CUST-1819,Kathryn Dalton,Home Office,North,Texas,Furniture,Shelving,Flynn Group Shelving,1,273.86,0.2,219.09,155.2,63.89
ORD-12508,2023-03-04,2023-03-05,Second Class,CUST-2344,Nathaniel Sellers,Corporate,North,Rhode Island,Office Supplies,Pens & Pencils,Cole-Lopez Pens & Pencils,6,12.13,0.0,72.78,45.54,27.24
ORD-12509,2023-09-11,2023-09-18,First Class,CUST-1809,Gregory Davis,Consumer,South,Georgia,Technology,Tablets,"Rodriguez, Williams and Schneider Tablets",5,348.2,0.05,1653.95,922.66,731.29
ORD-12510,2021-03-11,2021-03-17,,CUST-2428,Bobby Jones,Corporate,East,North Carolina,Furniture,Shelving,"Burgess, Schaefer and Stewart Shelving",6,259.5,0.05,1479.15,1043.81,435.34
ORD-12511,2022-01-21,2022-01-25,First Class,CUST-2186,Tracy Johnson,Corporate,North,New Jersey,Furniture,Tables,"Jordan, Norris and Wyatt Tables",9,1147.84,0.0,10330.56,6603.28,3727.28
ORD-12512,2023-12-24,2023-12-28,First Class,CUST-1897,Jean Perkins MD,Consumer,North,North Carolina,Technology,Accessories,"Murray, Glenn and Soto Accessories",7,74.35,0.0,520.45,287.52,232.93
ORD-12513,2023-05-25,2023-05-29,Standard Class,CUST-1450,Katherine Williams,Corporate,South,Florida,Furniture,Desks,Anderson LLC Desks,4,131.97,0.2,422.3,258.39,163.91
ORD-12514,2023-05-12,2023-05-16,Second Class,CUST-2186,Larry Meyer,Home Office,North,Maryland,Technology,Monitors,Wells LLC Monitors,-4,635.15,0.0,2540.6,1381.66,1158.94
ORD-12515,2021-03-11,2021-03-14,Second Class,CUST-1412,Brandi James,Home Office,South,Oklahoma,Office Supplies,Storage,"Shelton, Stephenson and Prince Storage",6,56.15,0.0,336.9,192.8,144.1
ORD-12516,2023-12-27,2023-12-31,First Class,CUST-2353,Regina Phillips,Consumer,East,Washington,Technology,Phones,Johnson Ltd Phones,10,451.26,0.0,4512.6,2510.93,2001.67
ORD-12517,2021-12-27,2021-12-31,Second Class,CUST-1647,Tonya Vazquez,Corporate,West,Texas,Furniture,Shelving,Hill-Smith Shelving,2,151.48,0.0,302.96,146.68,156.28
ORD-12518,2023-03-02,2023-03-03,Standard Class,CUST-1956,Stanley Garcia,Home Office,North,Maryland,Furniture,Chairs,Smith-Williams Chairs,10,642.86,0.0,6428.6,4145.77,2282.83
ORD-12519,2022-10-18,2022-10-21,Standard Class,CUST-2452,Anna Flores,Consumer,East,Idaho,Technology,Laptops,"Cooper, Espinoza and Johnson Laptops",10,698.48,0.1,6286.32,4049.53,2236.79
ORD-12520,2022-03-08,2022-03-09,Standard Class,CUST-2178,Matthew Herrera,Corporate,West,Colorado,Furniture,Tables,"Washington, Elliott and Roberts Tables",7,510.62,0.1,3216.91,1855.35,1361.56
ORD-12521,2022-06-03,2022-06-09,,CUST-2290,Brian Barry,Consumer,North,Oklahoma,Technology,Tablets,Hall-Webb Tablets,2,292.37,0.0,584.74,399.45,185.29
ORD-12522,2022-08-02,2022-08-03,Standard Class,CUST-1918,Paul Hernandez,Home Office,North,Texas,Technology,Tablets,Mcdonald Inc Tablets,4,576.54,0.1,2075.54,1133.51,942.03
ORD-12523,2023-03-09,2023-03-16,Same Day,CUST-1793,Zachary Cummings,Consumer,East,Nevada,Furniture,Desks,"Anderson, Jefferson and Reilly Desks",3,936.37,0.0,2809.11,1957.43,851.68
ORD-12524,2022-08-11,2022-08-14,Same Day,CUST-1043,Shannon Romero,Home Office,North,Georgia,Technology,Monitors,Chavez LLC Monitors,5,735.82,0.0,3679.1,2146.53,1532.57
ORD-12525,2023-07-06,2023-07-12,Second Class,CUST-1782,Jennifer Phillips,Consumer,South,Nebraska,Furniture,Desks,Cox PLC Desks,-3,548.21,0.1,1480.17,1098.86,381.31
ORD-12526,2021-08-04,2021-08-05,Standard Class,CUST-1115,Emily Porter,Corporate,West,Utah,Technology,Phones,Lopez Ltd Phones,5,322.41,0.05,1531.45,1057.87,473.58
ORD-12527,2021-05-01,2021-05-03,Second Class,CUST-1909,Michael Kelley,Corporate,West,Maine,Office Supplies,Storage,Carroll Inc Storage,8,68.96,0.0,551.68,368.88,182.8
ORD-12528,2023-06-16,2023-06-20,Standard Class,CUST-2785,Leah Rogers,Home Office,South,New Mexico,Office Supplies,Paper,"Lara, Lamb and Pham Paper",10,24.66,0.1,221.94,111.77,110.17
ORD-12529,2022-08-01,2022-08-06,Same Day,CUST-1529,Christopher Tran,Home Office,East,Alaska,Office Supplies,Labels,Rios Group Labels,3,10.5,0.0,31.5,21.45,10.05
ORD-12530,2022-09-01,2022-09-07,Second Class,CUST-2089,Jessica Palmer,Consumer,East,Washington,Technology,Accessories,Harris Inc Accessories,6,114.31,0.0,685.86,431.95,253.91
ORD-12531,2021-08-02,2021-08-09,Standard Class,CUST-1644,Justin Bradley,Home Office,West,New Hampshire,Technology,Accessories,"Dixon, Lewis and Davis Accessories",10,68.7,0.05,652.65,371.89,280.76
ORD-12532,2023-10-10,2023-10-11,Same Day,CUST-1847,Kim Taylor,Home Office,North,Arizona,Office Supplies,Binders,Dunn-Shepard Binders,9,32.13,0.15,245.79,183.34,62.45
ORD-12533,2021-05-04,2021-05-06,Second Class,CUST-2951,Christina Griffith,Corporate,North,Michigan,Furniture,Shelving,Moore-Rogers Shelving,4,92.59,0.5,185.18,196.63,-11.45
ORD-12534,2022-05-16,2022-05-19,Second Class,CUST-1283,Christy Smith,Corporate,East,Connecticut,Technology,Accessories,Ryan Ltd Accessories,6,51.89,0.0,311.34,185.1,126.24
ORD-12535,2021-10-01,2021-10-05,Same Day,CUST-2687,Jessica Hughes,Home Office,South,South Carolina,Office Supplies,Paper,Brown Ltd Paper,6,23.65,0.15,120.61,97.15,23.46
ORD-12536,2023-11-14,2023-11-20,Same Day,CUST-2963,Benjamin White,Home Office,East,Kentucky,Technology,Printers,"Delacruz, Davis and Mcfarland Printers",3,597.59,0.0,1792.77,1127.32,665.45
ORD-12537,2022-12-07,2022-12-13,Same Day,CUST-2551,Angela Cooper,Corporate,South,Texas,Office Supplies,Storage,Hicks-Evans Storage,3,60.63,0.3,127.32,112.98,14.34
ORD-12538,2022-07-29,2022-07-30,Second Class,CUST-1359,Franklin Dougherty,Home Office,South,Michigan,Office Supplies,Labels,Anderson-Phillips Labels,4,3.73,0.2,11.94,8.85,3.09
ORD-12539,2022-05-29,2022-06-05,Same Day,CUST-1738,Kara Boone,Corporate,East,New Hampshire,Technology,Tablets,Hernandez PLC Tablets,1,639.88,0.15,543.9,326.44,217.46
ORD-12540,2021-04-15,2021-04-17,Second Class,CUST-1415,Kayla Chavez,Consumer,South,New York,Office Supplies,Pens & Pencils,"Farmer, Parrish and Jimenez Pens & Pencils",9,3.48,0.05,29.75,20.09,9.66
ORD-12541,2023-02-18,2023-02-21,,CUST-2624,Keith Thomas,Home Office,West,Michigan,Office Supplies,Storage,Peterson and Sons Storage,5,23.35,0.2,93.4,69.45,23.95
ORD-12542,2023-04-16,2023-04-21,Standard Class,CUST-2280,Alexandria Craig,Consumer,East,North Dakota,Furniture,Desks,Marquez-Evans Desks,3,201.62,0.15,514.13,298.29,215.84
ORD-12543,2023-01-11,2023-01-16,Second Class,CUST-2620,Angela Barnett,Home Office,East,West Virginia,Office Supplies,Storage,Thompson and Sons Storage,9,13.54,0.15,103.58,72.4,31.18
ORD-12544,2022-08-25,2022-08-29,Second Class,CUST-2524,Nancy Smith,Corporate,South,Louisiana,Office Supplies,Storage,Gibbs PLC Storage,4,75.3,0.0,301.2,199.69,101.51
ORD-12545,2023-10-21,2023-10-24,Standard Class,CUST-1887,Vicki Rocha,Consumer,East,Arkansas,Furniture,Chairs,Ponce-Murray Chairs,4,273.21,0.1,983.56,713.06,270.5
ORD-12546,2023-02-08,2023-02-12,Standard Class,CUST-1294,Derrick Lowe,Home Office,East,North Carolina,Furniture,Desks,"Gamble, Stevens and Bentley Desks",1,1044.29,0.0,1044.29,531.25,513.04
ORD-12547,2023-02-14,2023-02-16,First Class,CUST-1155,Mrs. Dawn Pitts MD,Consumer,North,Michigan,Office Supplies,Pens & Pencils,"Callahan, Levine and Thomas Pens & Pencils",5,9.04,0.1,40.68,30.67,10.01
ORD-12548,2021-05-04,2021-05-06,Same Day,CUST-1606,Brian Short,Corporate,North,Iowa,Furniture,Bookcases,Rodriguez LLC Bookcases,2,291.9,0.0,583.8,370.68,213.12
ORD-12549,2021-10-02,2021-10-05,Standard Class,CUST-1852,Antonio Archer,Corporate,West,Oklahoma,Furniture,Chairs,Carson-Morgan Chairs,10,442.6,0.1,3983.4,2787.34,1196.06
ORD-12550,2021-04-25,2021-05-02,Second Class,CUST-1313,Dr. Autumn Shelton,Consumer,South,Indiana,Furniture,Shelving,"Rodriguez, Williams and Graves Shelving",8,114.85,0.2,735.04,512.36,222.68
ORD-12551,2023-11-23,2023-11-26,Standard Class,CUST-2349,Jared Brooks,Consumer,East,Minnesota,Office Supplies,Pens & Pencils,"Lynch, Hamilton and Young Pens & Pencils",1,19.08,0.0,19.08,12.19,6.89
ORD-12552,2022-02-12,2022-02-19,First Class,CUST-1521,Rick Morales,Corporate,East,Missouri,Furniture,Chairs,Livingston PLC Chairs,7,769.24,0.0,5384.68,2722.46,2662.22
ORD-12553,2021-12-31,2022-01-02,Second Class,CUST-2039,Lori Thompson,Home Office,North,Arkansas,Office Supplies,Pens & Pencils,Freeman-Clements Pens & Pencils,-2,18.92,0.0,37.84,24.2,13.64
ORD-12554,2023-03-15,2023-03-20,First Class,CUST-1323,Amber Mccormick,Corporate,West,South Dakota,Office Supplies,Envelopes,Lopez-Smith Envelopes,-9,7.89,0.05,67.46,46.95,20.51
ORD-12555,2021-05-10,2021-05-12,Second Class,CUST-1110,Adam Jones,Consumer,South,North Carolina,Technology,Printers,Sampson and Sons Printers,6,581.73,0.1,3141.34,1689.23,1452.11
ORD-12556,2022-04-17,2022-04-22,Second Class,CUST-2553,Lori Vasquez,Home Office,South,New Mexico,Office Supplies,Paper,Fowler-Frost Paper,3,45.8,0.0,137.4,70.06,67.34
ORD-12557,2022-12-31,2023-01-06,First Class,CUST-1053,James Sandoval,Home Office,West,New Mexico,Office Supplies,Envelopes,"Logan, Gay and Singh Envelopes",5,13.61,0.0,68.05,43.06,24.99
ORD-12558,2022-10-16,2022-10-23,Second Class,CUST-2544,Jeffrey Ramirez,Corporate,West,Louisiana,Furniture,Bookcases,Floyd and Sons Bookcases,5,421.3,0.05,2001.17,972.58,1028.59
ORD-12559,2021-12-15,2021-12-16,Second Class,CUST-1518,Christine Hoover,Corporate,East,Mississippi,Furniture,Chairs,Underwood-Johnston Chairs,1,354.36,0.15,301.21,200.8,100.41
ORD-12560,2021-01-21,2021-01-22,Standard Class,CUST-1807,Mr. Craig Pena,Home Office,East,Michigan,Office Supplies,Labels,Patterson-Robinson Labels,10,14.44,0.0,144.4,74.06,70.34
ORD-12561,2021-01-11,2021-01-15,First Class,CUST-2494,Heather Anderson,Consumer,East,North Dakota,Furniture,Tables,Burke PLC Tables,8,574.78,0.1,4138.42,2534.62,1603.8
ORD-12562,2023-10-24,2023-10-30,Second Class,CUST-1271,Mr. Michael Compton MD,Home Office,East,Michigan,Office Supplies,Pens & Pencils,Armstrong-Moore Pens & Pencils,1,4.38,0.05,4.16,2.62,1.54
ORD-12563,2022-11-04,2022-11-08,Standard Class,CUST-2412,Benjamin Peterson,Corporate,West,North Carolina,Technology,Printers,Griffin Group Printers,4,192.29,0.15,653.79,462.98,190.81
ORD-12564,2021-05-23,2021-05-27,Same Day,CUST-2326,Shawn Robinson,Home Office,North,West Virginia,Furniture,Bookcases,"Boyd, Barrera and Hodges Bookcases",1,476.75,0.0,476.75,270.54,206.21
ORD-12565,2022-03-05,2022-03-10,Second Class,CUST-2227,Kelli Watts,Corporate,South,Ohio,Technology,Printers,"Allen, Anderson and Pearson Printers",7,206.93,0.2,1158.81,731.57,427.24
ORD-12566,2021-03-03,2021-03-04,Same Day,CUST-2233,Carolyn Lopez,Corporate,East,Idaho,Furniture,Tables,Powers PLC Tables,9,177.64,0.5,799.38,835.46,-36.08
ORD-12567,2021-03-23,2021-03-28,Same Day,CUST-1138,Leslie Jackson,Home Office,East,Tennessee,Office Supplies,Pens & Pencils,"Greer, Rosario and Kennedy Pens & Pencils",8,8.26,0.0,66.08,30.35,35.73
ORD-12568,2021-03-06,2021-03-12,Second Class,CUST-1043,Lisa Moore,Corporate,West,Montana,Office Supplies,Storage,Diaz Ltd Storage,6,78.37,0.05,446.71,222.66,224.05
ORD-12569,2023-10-15,2023-10-18,Standard Class,CUST-2823,Sarah Barker,Consumer,North,Texas,Technology,Phones,Maxwell-Conley Phones,10,741.43,0.0,7414.3,3539.41,3874.89
ORD-12570,2023-05-20,2023-05-25,Same Day,CUST-2036,Eric Richmond,Corporate,South,Indiana,Office Supplies,Envelopes,Waters-Wilson Envelopes,2,27.62,0.2,44.19,35.93,8.26
ORD-12571,2023-05-10,2023-05-14,First Class,CUST-1297,Holly Alvarado,Corporate,East,Florida,Technology,Phones,"Perkins, Esparza and Sawyer Phones",2,447.25,0.0,894.5,526.85,367.65
ORD-12572,2023-12-30,2024-01-04,Standard Class,CUST-1528,John Donovan,Home Office,North,Washington,Office Supplies,Envelopes,"Taylor, Cole and Patterson Envelopes",2,7.31,0.05,13.89,8.37,5.52
ORD-12573,2022-11-17,2022-11-20,First Class,CUST-1126,Maurice Nunez,Home Office,East,Connecticut,Furniture,Tables,Morris-Foster Tables,9,155.65,0.0,1400.85,826.59,574.26
ORD-12574,2021-09-10,2021-09-14,Same Day,CUST-1522,Monica Richardson,Home Office,North,Georgia,Technology,Phones,Reese-Woodward Phones,4,1099.2,0.0,4396.8,2002.52,2394.28
ORD-12575,2021-04-03,2021-04-05,Standard Class,CUST-1251,Michael Norman,Consumer,West,Missouri,Office Supplies,Envelopes,"Chaney, Lewis and Noble Envelopes",1,11.25,0.0,11.25,6.1,5.15
ORD-12576,2022-11-08,2022-11-14,Second Class,CUST-2892,Kyle Johnston,Consumer,East,Tennessee,Office Supplies,Paper,"Walsh, Grimes and Bridges Paper",10,29.45,0.0,294.5,173.89,120.61
ORD-12577,2023-09-11,2023-09-17,First Class,CUST-2292,Harry Lozano,Corporate,East,Pennsylvania,Office Supplies,Labels,Price-Rogers Labels,10,14.8,0.15,125.8,98.15,27.65
ORD-12578,2021-05-18,2021-05-19,Second Class,CUST-2994,Sarah Green,Home Office,South,California,Office Supplies,Envelopes,"Hernandez, West and Ross Envelopes",9,28.37,0.2,204.26,145.81,58.45
ORD-12579,2022-02-04,2022-02-10,Same Day,CUST-1218,Marilyn James,Corporate,East,Georgia,Office Supplies,Envelopes,Joseph PLC Envelopes,1,22.28,0.15,18.94,13.14,5.8
ORD-12580,2022-08-25,2022-08-26,Same Day,CUST-2396,Jennifer Trevino,Corporate,West,Indiana,Technology,Accessories,"Alexander, Jensen and Aguilar Accessories",1,12.8,0.3,8.96,5.95,3.01
ORD-12581,2023-08-18,2023-08-19,Same Day,CUST-2960,Denise Roy,Corporate,North,Tennessee,Office Supplies,Pens & Pencils,Jones and Sons Pens & Pencils,1,5.4,0.0,5.4,3.38,2.02
ORD-12582,2021-07-26,2021-07-30,Standard Class,CUST-1814,Michael Holder,Consumer,South,Iowa,Office Supplies,Pens & Pencils,"Gibson, Hodge and Martin Pens & Pencils",8,6.1,0.0,48.8,24.53,24.27
ORD-12583,2021-05-17,2021-05-20,Same Day,CUST-1558,Mike Jackson,Corporate,South,Illinois,Office Supplies,Paper,Meadows-Sanchez Paper,6,12.91,0.0,77.46,54.05,23.41
ORD-12584,2022-02-23,2022-02-27,Second Class,CUST-2859,Nathan Jones,Consumer,East,South Dakota,Office Supplies,Storage,Noble-Lewis Storage,5,13.79,0.0,68.95,31.8,37.15
ORD-12585,2023-08-24,2023-08-26,First Class,CUST-2623,Joshua Cook,Home Office,North,Illinois,Furniture,Bookcases,Phillips-Sullivan Bookcases,3,74.44,0.0,223.32,135.32,88.0
ORD-12586,2022-01-02,2022-01-05,Standard Class,CUST-1233,Eric Mckinney,Home Office,West,California,Furniture,Tables,"Gutierrez, Harris and Fields Tables",7,649.75,0.0,4548.25,2883.46,1664.79
ORD-12587,2021-01-25,2021-01-28,Same Day,CUST-2998,Scott Evans,Home Office,North,Rhode Island,Furniture,Bookcases,Everett PLC Bookcases,4,157.35,0.1,566.46,356.61,209.85
ORD-12588,2023-02-28,2023-03-03,Same Day,CUST-1273,Ronald Anderson,Corporate,North,West Virginia,Office Supplies,Storage,Rocha-Hobbs Storage,2,25.7,0.0,51.4,32.86,18.54
ORD-12589,2021-11-17,2021-11-22,First Class,CUST-1816,Heather Fritz,Home Office,West,Connecticut,Office Supplies,Paper,"Green, Lamb and Conner Paper",1,6.66,0.5,3.33,3.01,0.32
ORD-12590,2022-10-14,2022-10-19,Same Day,CUST-1817,Edward Ross,Consumer,East,Tennessee,Office Supplies,Pens & Pencils,"Snyder, Tran and Mcdaniel Pens & Pencils",4,4.13,0.0,16.52,11.29,5.23
ORD-12591,2023-07-04,2023-07-10,First Class,CUST-2198,Lorraine Morrow MD,Consumer,West,Florida,Office Supplies,Paper,Gomez LLC Paper,3,6.92,0.0,20.76,13.5,7.26
ORD-12592,2022-05-30,2022-06-06,Same Day,CUST-1040,Jody Humphrey,Home Office,North,Ohio,Furniture,Bookcases,Nguyen-Rose Bookcases,4,318.7,0.0,1274.8,658.79,616.01
ORD-12593,2023-02-11,2023-02-12,Same Day,CUST-2647,Monica Robles,Corporate,East,North Carolina,Furniture,Tables,"Williams, Holloway and Summers Tables",3,703.89,0.0,2111.67,1159.68,951.99
ORD-12594,2021-07-14,2021-07-15,Same Day,CUST-1221,Tina Peck,Consumer,West,Louisiana,Technology,Monitors,Silva Inc Monitors,3,759.31,0.15,1936.24,1410.33,525.91
ORD-12595,2022-09-11,2022-09-16,First Class,CUST-2326,Dr. Jeremy Jackson,Home Office,North,Alabama,Technology,Tablets,Kerr Ltd Tablets,5,512.94,0.0,2564.7,1646.57,918.13
ORD-12596,2021-02-07,2021-02-10,Standard Class,CUST-2245,Kathryn Robinson,Consumer,East,Florida,Technology,Phones,Mcguire-Mccoy Phones,8,715.33,0.1,5150.38,3320.84,1829.54
ORD-12597,2021-03-10,2021-03-15,First Class,CUST-2478,Brooke Sims,Consumer,East,Louisiana,Furniture,Shelving,"Miller, Johnson and Strickland Shelving",2,50.87,0.0,101.74,46.42,55.32
ORD-12598,2022-04-29,2022-04-30,Standard Class,CUST-2164,Jessica Walters,Corporate,West,Utah,Office Supplies,Envelopes,Peters-Hughes Envelopes,9,8.98,0.1,72.74,55.79,16.95
ORD-12599,2023-05-15,2023-05-22,First Class,CUST-1305,Susan Perez,Home Office,East,Virginia,Technology,Monitors,"Campbell, Ruiz and Lamb Monitors",2,870.6,0.0,1741.2,1202.64,538.56
ORD-12600,2022-06-24,2022-06-29,First Class,CUST-2226,Michael Ryan,Consumer,South,Oklahoma,Furniture,Shelving,"Rice, White and Douglas Shelving",7,264.63,0.15,1574.55,1214.99,359.56
ORD-12601,2022-12-26,2022-12-30,First Class,CUST-2554,Ryan Pacheco,Corporate,West,Indiana,Office Supplies,Paper,"Ramsey, Maynard and Thompson Paper",3,52.41,0.0,157.23,85.28,71.95
ORD-12602,2021-04-28,2021-05-01,First Class,CUST-2383,Stephen Fletcher,Corporate,East,Arizona,Office Supplies,Storage,"Gonzales, Rosario and Coleman Storage",9,69.54,0.05,594.57,379.21,215.36
ORD-12603,2021-09-18,2021-09-25,First Class,CUST-1302,Mary Taylor,Corporate,West,West Virginia,Furniture,Chairs,Tran LLC Chairs,6,406.31,0.0,2437.86,1638.05,799.81
ORD-12604,2023-01-14,2023-01-18,First Class,CUST-1242,Charles Miller,Home Office,North,New York,Office Supplies,Pens & Pencils,Wilson-Castro Pens & Pencils,3,4.16,0.0,12.48,8.53,3.95
ORD-12605,2022-07-26,2022-08-02,Standard Class,CUST-2054,Cynthia Ballard,Home Office,East,Minnesota,Furniture,Bookcases,Jones and Sons Bookcases,4,436.31,0.05,1657.98,946.35,711.63
ORD-12606,2022-02-06,2022-02-08,,CUST-1849,Kimberly Rowe,Consumer,West,California,Furniture,Shelving,Thompson-Riggs Shelving,2,281.25,0.05,534.38,305.56,228.82
ORD-12607,2022-06-05,2022-06-06,Second Class,CUST-2243,Rachel Jones,Home Office,East,Washington,Office Supplies,Envelopes,Hines-Cooper Envelopes,4,7.41,0.0,29.64,15.05,14.59
ORD-12608,2021-10-02,2021-10-07,Standard Class,CUST-2018,Carolyn Pace,Consumer,North,Oregon,Office Supplies,Envelopes,"Gill, Dunn and Washington Envelopes",9,29.73,0.15,227.43,184.75,42.68
ORD-12609,2022-08-10,2022-08-13,,CUST-2365,Robin Erickson,Consumer,East,Wyoming,Office Supplies,Binders,Wilson-Miller Binders,6,23.87,0.15,121.74,88.1,33.64
ORD-12610,2021-09-11,2021-09-18,Second Class,CUST-2532,Jason Hall,Corporate,West,Utah,Technology,Accessories,"Chase, Rangel and Richardson Accessories",4,49.46,0.05,187.95,100.82,87.13
ORD-12611,2021-10-06,2021-10-13,First Class,CUST-1162,Kathryn Bishop,Home Office,North,North Dakota,Furniture,Chairs,"Chen, Escobar and Jackson Chairs",7,808.52,0.05,5376.66,3460.73,1915.93
ORD-12612,2023-07-05,2023-07-09,Second Class,CUST-2542,Kim Wang MD,Corporate,South,Alabama,Office Supplies,Paper,"King, Poole and Anthony Paper",9,35.32,0.0,317.88,206.01,111.87
ORD-12613,2022-06-25,2022-06-27,Second Class,CUST-1976,Eddie Parker,Corporate,South,South Dakota,Technology,Accessories,"Smith, Myers and Scott Accessories",3,140.54,0.0,421.62,203.4,218.22
ORD-12614,2022-12-07,2022-12-09,Standard Class,CUST-1577,Jerry Goodwin,Home Office,East,Florida,Office Supplies,Storage,"Welch, Lee and Gonzalez Storage",8,27.66,0.1,199.15,128.41,70.74
ORD-12615,2023-11-02,2023-11-09,Same Day,CUST-1032,Rebecca Cantu,Home Office,East,Michigan,Office Supplies,Paper,Weber-Vazquez Paper,7,17.5,0.0,122.5,71.49,51.01
ORD-12616,2023-02-25,2023-03-02,First Class,CUST-1500,John Torres,Home Office,South,Indiana,Office Supplies,Pens & Pencils,Reyes-Berry Pens & Pencils,10,22.7,0.15,192.95,129.1,63.85
ORD-12617,2023-05-10,2023-05-16,First Class,CUST-2212,Christopher Rivers,Corporate,West,Connecticut,Furniture,Bookcases,"Burton, Martinez and Smith Bookcases",1,166.19,0.0,166.19,78.16,88.03
ORD-12618,2021-06-10,2021-06-17,Same Day,CUST-2266,Denise Burns,Home Office,East,New Mexico,Furniture,Tables,Hamilton-Rangel Tables,9,1009.89,0.1,8180.11,5031.37,3148.74
ORD-12619,2023-06-17,2023-06-19,Standard Class,CUST-2968,Rachel Garcia,Home Office,North,Florida,Furniture,Bookcases,Ramos PLC Bookcases,10,490.38,0.0,4903.8,2617.79,2286.01
ORD-12620,2023-02-16,2023-02-23,Second Class,CUST-2152,Amy Woodard,Home Office,West,Oregon,Technology,Tablets,"Collins, Pena and Black Tablets",4,332.51,0.0,1330.04,663.92,666.12
ORD-12621,2021-09-10,2021-09-11,Second Class,CUST-1523,Mr. Jonathan Joseph,Consumer,West,Arizona,Furniture,Tables,"Jacobs, Mcfarland and Ramirez Tables",8,906.87,0.05,6892.21,4262.54,2629.67
ORD-12622,2022-06-03,2022-06-10,Same Day,CUST-1087,Kara Santana,Home Office,West,Missouri,Furniture,Tables,"Waters, Jordan and Gibson Tables",7,942.69,0.0,6598.83,3530.7,3068.13
ORD-12623,2022-12-25,2022-12-30,,CUST-1558,Wayne Wood,Consumer,South,Michigan,Office Supplies,Paper,Castillo Ltd Paper,1,39.79,0.1,35.81,24.18,11.63
ORD-12624,2021-09-21,2021-09-26,Same Day,CUST-2747,Raymond Murphy,Consumer,East,Nevada,Office Supplies,Envelopes,Mccann PLC Envelopes,5,27.29,0.2,109.16,85.41,23.75
ORD-12625,2022-06-09,2022-06-11,Second Class,CUST-1475,Jeremy Hamilton,Corporate,West,Mississippi,Technology,Phones,Welch-Wilson Phones,8,324.3,0.0,2594.4,1728.29,866.11
ORD-12626,2022-11-17,2022-11-22,Second Class,CUST-1423,Sydney Mcdonald,Home Office,North,Pennsylvania,Office Supplies,Envelopes,"Higgins, Higgins and Spencer Envelopes",8,15.08,0.0,120.64,79.41,41.23
ORD-12627,2022-01-09,2022-01-16,Standard Class,CUST-1845,Katherine Wiggins,Consumer,North,New Mexico,Technology,Printers,Crawford Inc Printers,10,448.61,0.0,4486.1,2554.14,1931.96
ORD-12628,2021-11-07,2021-11-14,Same Day,CUST-1184,William Charles,Corporate,North,New Jersey,Office Supplies,Pens & Pencils,Mann-Sanchez Pens & Pencils,7,24.92,0.2,139.55,90.4,49.15
ORD-12629,2022-03-23,2022-03-25,Second Class,CUST-2905,Michelle Howe,Home Office,East,New Mexico,Technology,Printers,Bentley-Berg Printers,6,479.38,0.0,2876.28,1823.09,1053.19
ORD-12630,2021-01-22,2021-01-26,Same Day,CUST-2528,William Dixon,Consumer,West,Nevada,Furniture,Desks,White Inc Desks,6,1071.93,0.05,6110.0,3409.02,2700.98
ORD-12631,2021-05-28,2021-05-30,Same Day,CUST-2248,Tammy Knapp,Home Office,South,Hawaii,Technology,Tablets,Martin-Trujillo Tablets,10,597.57,0.0,5975.7,3773.69,2202.01
ORD-12632,2022-11-15,2022-11-19,Second Class,CUST-2188,Reginald Johnson,Consumer,East,Connecticut,Furniture,Tables,Wagner Inc Tables,4,1044.85,0.0,4179.4,2838.36,1341.04
ORD-12633,2023-03-18,2023-03-20,Second Class,CUST-1241,Corey Peters,Consumer,East,Maine,Technology,Accessories,"Odonnell, Thomas and Davis Accessories",6,94.72,0.0,568.32,264.51,303.81
ORD-12634,2023-10-24,2023-10-25,Standard Class,CUST-1745,Jennifer Lewis,Consumer,West,Tennessee,Furniture,Chairs,Allen LLC Chairs,1,398.85,0.0,398.85,263.17,135.68
ORD-12635,2023-03-15,2023-03-19,Second Class,CUST-1685,Richard Tanner,Corporate,East,New Hampshire,Furniture,Desks,Lewis-Brennan Desks,6,764.79,0.2,3670.99,2748.31,922.68
ORD-12636,2021-07-16,2021-07-19,Same Day,CUST-2994,Michael Bell,Corporate,North,Rhode Island,Furniture,Shelving,Jones Ltd Shelving,1,192.04,0.0,192.04,115.29,76.75
ORD-12637,2023-11-10,2023-11-15,Standard Class,CUST-1861,Tina Clark,Consumer,South,Vermont,Technology,Accessories,Rogers-York Accessories,4,27.82,0.0,111.28,53.66,57.62
ORD-12638,2021-10-05,2021-10-11,First Class,CUST-1544,Joshua Delgado,Consumer,East,Utah,Technology,Monitors,Gonzalez-Johnson Monitors,9,475.92,0.15,3640.79,2016.99,1623.8
ORD-12639,2021-11-14,2021-11-16,First Class,CUST-1265,Amanda Knight,Home Office,East,Indiana,Technology,Accessories,"Price, Shaw and Brown Accessories",7,92.66,0.1,583.76,389.18,194.58
ORD-12640,2021-12-30,2022-01-04,Second Class,CUST-1730,Steven Mcmahon,Consumer,West,Mississippi,Furniture,Tables,Mills Ltd Tables,7,1042.09,0.0,7294.63,4280.01,3014.62
ORD-12641,2023-04-21,2023-04-26,Same Day,CUST-2021,Melissa Vega,Corporate,West,Virginia,Furniture,Shelving,Lewis-Holden Shelving,6,169.44,0.1,914.98,697.22,217.76
ORD-12642,2021-09-09,2021-09-14,Second Class,CUST-1100,Tracy Price,Home Office,North,Michigan,Office Supplies,Envelopes,Powell Ltd Envelopes,1,12.72,0.0,12.72,5.76,6.96
ORD-12643,2021-08-16,2021-08-22,Standard Class,CUST-1222,Antonio Wright,Consumer,West,Utah,Furniture,Tables,Stevens Ltd Tables,-5,556.21,0.15,2363.89,1486.76,877.13
ORD-12644,2023-05-25,2023-05-29,Second Class,CUST-2298,Lucas Sparks,Corporate,West,Florida,Office Supplies,Labels,Guzman-Salazar Labels,5,10.85,0.0,54.25,35.42,18.83
ORD-12645,2022-04-14,2022-04-16,First Class,CUST-2762,Michael Edwards,Consumer,South,Kansas,Office Supplies,Binders,Harris-Petersen Binders,4,37.63,0.0,150.52,83.1,67.42
ORD-12646,2023-09-21,2023-09-24,Standard Class,CUST-2021,Anna Garcia,Consumer,East,Hawaii,Furniture,Tables,"Davis, Bradley and Archer Tables",3,1389.43,0.05,3959.88,2064.68,1895.2
ORD-12647,2023-08-28,2023-08-30,First Class,CUST-1979,Amanda Evans,Home Office,West,Delaware,Office Supplies,Paper,"Miller, Meyer and Stone Paper",3,22.77,0.0,68.31,30.81,37.5
ORD-12648,2021-02-02,2021-02-07,Second Class,CUST-1649,Christopher Galloway,Home Office,North,Michigan,Technology,Tablets,"Boyd, Rios and Harris Tablets",6,199.42,0.3,837.56,660.98,176.58
ORD-12649,2023-06-23,2023-06-29,Same Day,CUST-1922,Spencer Shaw,Corporate,East,South Dakota,Furniture,Shelving,Barnes-Walker Shelving,5,64.21,0.0,321.05,160.93,160.12
ORD-12650,2023-03-11,2023-03-12,First Class,CUST-2156,Joshua Lawrence,Corporate,South,New Hampshire,Furniture,Bookcases,Lee-Williams Bookcases,4,259.18,0.0,1036.72,534.93,501.79
ORD-12651,2022-07-16,2022-07-21,Second Class,CUST-2848,Andrew Gregory,Consumer,North,Indiana,Office Supplies,Storage,Green and Sons Storage,8,27.57,0.0,220.56,111.51,109.05
ORD-12652,2021-03-24,2021-03-30,Second Class,CUST-1662,Ebony Johnson,Home Office,North,Colorado,Furniture,Shelving,"Snyder, Hooper and Mcdonald Shelving",8,256.48,0.0,2051.84,1019.46,1032.38
ORD-12653,2021-05-18,2021-05-23,First Class,CUST-1378,Alison Burton,Corporate,West,Washington,Office Supplies,Pens & Pencils,"Simpson, Nelson and Smith Pens & Pencils",2,10.07,0.0,20.14,10.69,9.45
ORD-12654,2021-04-24,2021-05-01,Second Class,CUST-1484,Patrick Smith,Consumer,East,Ohio,Technology,Accessories,Holmes Group Accessories,8,113.51,0.0,908.08,609.17,298.91
ORD-12655,2021-11-17,2021-11-22,Standard Class,CUST-2217,Brian Kelly,Corporate,North,Utah,Technology,Accessories,"Mcdonald, Schmidt and Daniels Accessories",8,61.58,0.0,492.64,344.54,148.1
ORD-12656,2022-01-25,2022-01-29,Second Class,CUST-1097,Norman Kelley,Home Office,West,Minnesota,Furniture,Tables,Compton Group Tables,6,892.99,0.05,5090.04,3464.94,1625.1
ORD-12657,2023-10-19,2023-10-24,Same Day,CUST-2999,Ricky Jenkins,Consumer,North,New Jersey,Office Supplies,Binders,"Mills, Baker and Lyons Binders",9,24.5,0.1,198.45,130.6,67.85
ORD-12658,2021-02-25,2021-03-03,Second Class,CUST-2253,Paul George,Consumer,South,New Mexico,Furniture,Bookcases,West Ltd Bookcases,6,182.07,0.1,983.18,534.49,448.69
ORD-12659,2022-09-16,2022-09-22,First Class,CUST-2023,Tracey Travis,Consumer,North,North Dakota,Furniture,Desks,Hunt-Moore Desks,3,545.24,0.0,1635.72,742.49,893.23
ORD-12660,2022-10-09,2022-10-14,Same Day,CUST-2610,Martin Mcguire Jr.,Home Office,West,Alaska,Office Supplies,Storage,Montes LLC Storage,10,32.36,0.05,307.42,210.47,96.95
ORD-12661,2021-01-05,2021-01-08,First Class,CUST-2266,Karen Chen,Home Office,West,North Dakota,Furniture,Chairs,"Davis, Smith and Phillips Chairs",9,885.42,0.0,7968.78,4961.93,3006.85
ORD-12662,2022-12-17,2022-12-18,Same Day,CUST-1837,Danny Lane,Home Office,West,Arizona,Technology,Phones,"Norman, Hernandez and Hodges Phones",10,721.57,0.3,5050.99,5003.63,47.36
ORD-12663,2022-01-11,2022-01-15,Second Class,CUST-1683,Nicole Taylor,Consumer,West,Alabama,Office Supplies,Binders,Arias and Sons Binders,3,5.4,0.05,15.39,10.45,4.94
ORD-12664,2021-07-31,2021-08-04,Second Class,CUST-1872,Marcia Patterson,Home Office,South,Delaware,Furniture,Shelving,"Coleman, Chung and Campbell Shelving",2,240.44,0.0,480.88,243.17,237.71
ORD-12665,2023-10-25,2023-10-27,Same Day,CUST-2911,John Carey,Home Office,North,Arkansas,Furniture,Chairs,"Floyd, Valencia and Maldonado Chairs",9,759.68,0.0,6837.12,4244.94,2592.18
ORD-12666,2023-09-12,2023-09-15,Same Day,CUST-1728,William Robinson,Corporate,South,Louisiana,Office Supplies,Storage,"Ferrell, Walker and Yu Storage",9,21.33,0.0,191.97,105.54,86.43
ORD-12667,2022-12-26,2022-12-27,Same Day,CUST-2409,Rodney Williams,Home Office,North,California,Furniture,Bookcases,"Brown, Collins and Ross Bookcases",1,187.87,0.0,187.87,115.49,72.38
ORD-12668,2022-08-21,2022-08-28,Second Class,CUST-1305,William Johnson,Consumer,North,Nebraska,Technology,Accessories,Castillo LLC Accessories,6,85.68,0.15,436.97,293.6,143.37
ORD-12669,2022-09-13,2022-09-18,Standard Class,CUST-1028,Craig Massey Jr.,Home Office,North,Virginia,Technology,Printers,"Morris, Gibson and Mason Printers",1,569.42,0.15,484.01,360.89,123.12
ORD-12670,2022-08-06,2022-08-07,Same Day,CUST-2340,Christopher Travis,Corporate,North,New Jersey,Office Supplies,Envelopes,Campbell Group Envelopes,2,25.2,0.0,50.4,23.81,26.59
ORD-12671,2023-04-12,2023-04-19,Second Class,CUST-1076,Nancy Nichols,Home Office,West,Nevada,Technology,Laptops,Johnson Inc Laptops,5,1820.35,0.0,9101.75,5182.44,3919.31
ORD-12672,2023-11-03,2023-11-04,First Class,CUST-2342,Courtney Lee,Corporate,South,Arizona,Office Supplies,Labels,"Jones, Brown and Mitchell Labels",10,16.21,0.0,162.1,107.48,54.62
ORD-12673,2021-07-19,2021-07-23,First Class,CUST-1482,Jerry Duncan,Corporate,North,North Carolina,Furniture,Desks,"Wang, Thompson and Buchanan Desks",8,543.79,0.0,4350.32,2512.3,1838.02
ORD-12674,2021-03-14,2021-03-21,Same Day,CUST-1731,Tracy Perry,Consumer,North,Tennessee,Office Supplies,Envelopes,Pace-Price Envelopes,5,21.03,0.0,105.15,53.83,51.32
ORD-12675,2022-10-10,2022-10-11,Same Day,CUST-1771,Jennifer Yang,Consumer,West,Virginia,Office Supplies,Envelopes,"Gordon, Walters and Scott Envelopes",9,29.27,0.15,223.92,129.46,94.46
ORD-12676,2021-08-25,2021-08-29,Standard Class,CUST-2865,Jamie Watson,Home Office,North,New Mexico,Technology,Tablets,"Briggs, Navarro and Hensley Tablets",8,526.71,0.0,4213.68,2424.01,1789.67
ORD-12677,2021-07-27,2021-07-31,Second Class,CUST-1837,Christopher Alexander,Corporate,South,Montana,Technology,Laptops,Harrison-Castillo Laptops,9,921.75,0.0,8295.75,4489.73,3806.02
ORD-12678,2023-10-23,2023-10-27,Standard Class,CUST-1331,Luis Bryant,Home Office,East,Vermont,Office Supplies,Storage,Blackwell-Callahan Storage,3,26.21,0.15,66.84,43.29,23.55
ORD-12679,2023-07-14,2023-07-15,Standard Class,CUST-1451,Amber Garcia,Consumer,East,Alaska,Office Supplies,Envelopes,"Thompson, Gutierrez and Johnson Envelopes",5,20.25,0.0,101.25,61.95,39.3
ORD-12680,2022-06-02,2022-06-06,Standard Class,CUST-1075,Robert Mitchell,Corporate,East,Arkansas,Office Supplies,Paper,Simmons-Davidson Paper,1,56.31,0.2,45.05,38.13,6.92
ORD-12681,2022-08-09,2022-08-15,Second Class,CUST-2351,Thomas Hill,Home Office,North,Arizona,Technology,Printers,Marshall Group Printers,5,176.38,0.0,881.9,571.37,310.53
ORD-12682,2022-01-23,2022-01-30,Same Day,CUST-1504,Logan Foster,Home Office,West,Wyoming,Technology,Accessories,Jones and Sons Accessories,9,124.49,0.0,1120.41,542.01,578.4
ORD-12683,2021-09-05,2021-09-08,Standard Class,CUST-2829,Megan Martin,Corporate,North,Michigan,Office Supplies,Envelopes,Larson-Fisher Envelopes,3,7.45,0.15,19.0,12.77,6.23
ORD-12684,2022-02-09,2022-02-11,First Class,CUST-1312,Nina Smith,Consumer,South,Vermont,Technology,Phones,Garza-Morales Phones,4,893.79,0.0,3575.16,1953.28,1621.88
ORD-12685,2023-01-12,2023-01-19,First Class,CUST-1013,Matthew Williams,Corporate,West,Texas,Furniture,Bookcases,"Becker, Lewis and Hart Bookcases",6,473.1,0.0,2838.6,1371.42,1467.18
ORD-12686,2023-08-23,2023-08-24,Second Class,CUST-1628,Sandy Murray,Consumer,South,Alabama,Furniture,Shelving,Nguyen LLC Shelving,9,206.04,0.2,1483.49,1037.79,445.7
ORD-12687,2023-07-14,2023-07-16,Second Class,CUST-1256,Matthew Coffey,Corporate,West,Virginia,Furniture,Shelving,Delgado-Jackson Shelving,9,95.09,0.2,684.65,485.64,199.01
ORD-12688,2023-02-28,2023-03-05,Standard Class,CUST-1937,Jennifer Alvarez,Corporate,South,Tennessee,Furniture,Tables,"Deleon, Case and Peterson Tables",7,725.77,0.2,4064.31,3358.8,705.51
ORD-12689,2023-10-11,2023-10-13,Same Day,CUST-2536,Carol Garcia,Corporate,West,Rhode Island,Furniture,Bookcases,Reyes Inc Bookcases,10,178.13,0.0,1781.3,1085.35,695.95
ORD-12690,2023-05-16,2023-05-20,,CUST-1382,Joshua Chavez,Consumer,South,Louisiana,Furniture,Bookcases,Pennington Inc Bookcases,10,372.1,0.3,2604.7,1888.32,716.38
ORD-12691,2022-03-01,2022-03-06,Standard Class,CUST-1408,James Davis,Consumer,East,Alabama,Technology,Phones,Garcia Inc Phones,4,323.44,0.2,1035.01,680.0,355.01
ORD-12692,2021-04-30,2021-05-07,Standard Class,CUST-2025,Robin Armstrong,Home Office,East,Wisconsin,Furniture,Chairs,Peters Ltd Chairs,2,499.91,0.0,999.82,555.74,444.08
ORD-12693,2021-07-13,2021-07-16,Second Class,CUST-1177,Brittney Lee,Corporate,North,Nebraska,Technology,Laptops,Bryant Inc Laptops,5,754.49,0.15,3206.58,2210.82,995.76
ORD-12694,2021-05-03,2021-05-06,Second Class,CUST-1840,Nicole Frazier,Home Office,South,Colorado,Technology,Accessories,Harris Inc Accessories,7,62.86,0.0,440.02,239.82,200.2
ORD-12695,2021-08-03,2021-08-09,Second Class,CUST-1299,Rebecca Johnson,Corporate,North,Tennessee,Technology,Printers,Armstrong-Stanley Printers,8,528.67,0.05,4017.89,2917.41,1100.48
ORD-12696,2023-09-11,2023-09-18,First Class,CUST-2890,Angela Velazquez,Home Office,North,Wisconsin,Technology,Printers,Parks Group Printers,7,102.42,0.0,716.94,380.53,336.41
ORD-12697,2023-05-16,2023-05-21,Same Day,CUST-1101,Shannon Johnson,Home Office,South,Oklahoma,Office Supplies,Binders,"Crawford, Washington and Burns Binders",9,29.24,0.0,263.16,130.52,132.64
ORD-12698,2022-04-08,2022-04-12,Second Class,CUST-2404,William Nicholson,Corporate,North,Nebraska,Office Supplies,Labels,"Myers, Stark and Moran Labels",7,3.67,0.05,24.41,11.83,12.58
ORD-12699,2023-03-13,2023-03-15,Second Class,CUST-1014,Catherine Hansen,Home Office,South,Kansas,Office Supplies,Binders,Compton-Johnson Binders,4,24.41,0.05,92.76,45.21,47.55
ORD-12700,2023-12-21,2023-12-26,Same Day,CUST-1945,Bryan Morris,Consumer,North,Montana,Furniture,Bookcases,Bryant LLC Bookcases,9,276.67,0.15,2116.53,1566.4,550.13
ORD-12701,2021-03-18,2021-03-19,Second Class,CUST-2384,Sierra Horn,Consumer,East,Oregon,Office Supplies,Binders,Smith Group Binders,4,8.65,0.0,34.6,18.41,16.19
ORD-12702,2021-04-17,2021-04-18,First Class,CUST-2700,Paul Clark,Home Office,South,Oklahoma,Office Supplies,Pens & Pencils,Bowers-Ford Pens & Pencils,2,8.71,0.05,16.55,9.01,7.54
ORD-12703,2023-01-19,2023-01-25,Second Class,CUST-1688,Stephanie Willis,Home Office,South,West Virginia,Furniture,Bookcases,"Dudley, Oneill and Coleman Bookcases",4,391.55,0.0,1566.2,841.98,724.22
ORD-12704,2021-04-22,2021-04-28,Same Day,CUST-1296,Kelly Bryan,Consumer,North,Missouri,Furniture,Tables,Hayes Group Tables,1,618.0,0.2,494.4,373.44,120.96
ORD-12705,2023-05-12,2023-05-17,Second Class,CUST-1099,Robert Hernandez,Consumer,East,Alaska,Technology,Printers,Ramirez PLC Printers,9,595.52,0.0,5359.68,3426.66,1933.02
ORD-12706,2023-06-10,2023-06-12,Second Class,CUST-1784,Jake Johnson,Consumer,South,Kentucky,Office Supplies,Paper,"Hoover, Campbell and Roman Paper",10,9.98,0.1,89.82,45.09,44.73
ORD-12707,2022-08-23,2022-08-24,Second Class,CUST-1389,Alexis Patterson,Consumer,North,Kentucky,Technology,Phones,"Marshall, Evans and Bradley Phones",3,943.24,0.1,2546.75,1541.59,1005.16
ORD-12708,2022-05-28,2022-05-29,First Class,CUST-2363,Jim Rogers,Home Office,East,Virginia,Technology,Phones,Sanchez Ltd Phones,8,285.72,0.0,2285.76,1555.03,730.73
ORD-12709,2022-04-22,2022-04-28,First Class,CUST-1462,Ashley Henderson,Corporate,East,Georgia,Technology,Tablets,Fields-Williams Tablets,1,197.84,0.0,197.84,110.84,87.0
ORD-12710,2022-01-16,2022-01-23,Second Class,CUST-2550,Kayla Nguyen,Corporate,West,Arkansas,Technology,Phones,Miller-Davila Phones,4,999.77,0.0,3999.08,1827.71,2171.37
ORD-12711,2022-01-31,2022-02-03,,CUST-1588,Brittany Hudson,Consumer,East,Indiana,Technology,Laptops,"Mcintosh, Charles and Walker Laptops",6,1155.59,0.1,6240.19,3410.62,2829.57
ORD-12712,2023-10-08,2023-10-14,Second Class,CUST-1334,Elizabeth Mccormick,Corporate,North,New Jersey,Furniture,Chairs,"Whitehead, Torres and Johnson Chairs",2,381.11,0.0,762.22,507.59,254.63
ORD-12713,2022-05-26,2022-05-27,Standard Class,CUST-2773,Patricia Ho,Consumer,North,Mississippi,Office Supplies,Labels,Henderson Group Labels,9,10.36,0.05,88.58,58.94,29.64
ORD-12714,2023-05-03,2023-05-07,First Class,CUST-2915,Nicole Orozco,Consumer,West,Washington,Technology,Printers,"Middleton, Smith and Nguyen Printers",5,164.49,0.0,822.45,552.45,270.0
ORD-12715,2022-10-20,2022-10-23,Standard Class,CUST-1109,Casey Peterson,Home Office,East,California,Technology,Accessories,"Hogan, Smith and Hancock Accessories",5,75.79,0.0,378.95,208.64,170.31
ORD-12716,2021-07-02,2021-07-06,Standard Class,CUST-2331,Frederick Moore,Consumer,North,Georgia,Office Supplies,Envelopes,Aguilar-Mclaughlin Envelopes,4,24.99,0.0,99.96,55.06,44.9
ORD-12717,2022-05-16,2022-05-19,Standard Class,CUST-2955,Yesenia Holmes,Corporate,East,Missouri,Technology,Accessories,"Friedman, Abbott and Werner Accessories",4,27.6,0.05,104.88,50.5,54.38
ORD-12718,2023-03-28,2023-04-03,First Class,CUST-1896,David Ballard,Home Office,South,Florida,Technology,Laptops,Conner-Deleon Laptops,2,689.11,0.1,1240.4,664.95,575.45
ORD-12719,2021-05-23,2021-05-30,Second Class,CUST-1968,Christina Stanley,Corporate,East,Indiana,Office Supplies,Paper,Jefferson Group Paper,5,11.76,0.0,58.8,36.17,22.63
ORD-12720,2021-05-08,2021-05-14,Second Class,CUST-1601,Scott Williams,Consumer,North,Maine,Furniture,Tables,Smith Group Tables,3,1420.83,0.0,4262.49,2932.95,1329.54
ORD-12721,2021-11-01,2021-11-03,First Class,CUST-1800,Jason Bullock,Corporate,South,Wisconsin,Technology,Phones,"King, Alexander and Watkins Phones",5,1120.57,0.0,5602.85,3504.15,2098.7
ORD-12722,2022-07-08,2022-07-13,Second Class,CUST-1069,Kristen Johnson,Corporate,East,New Jersey,Technology,Phones,"Fuller, Holloway and Pittman Phones",5,486.62,0.0,,1358.37,1074.73
ORD-12723,2022-08-19,2022-08-25,Standard Class,CUST-1495,Calvin White,Home Office,North,Kentucky,Technology,Laptops,"Kelly, Jones and Hawkins Laptops",4,1567.44,0.0,6269.76,3827.47,2442.29
ORD-12724,2022-10-20,2022-10-24,Same Day,CUST-2141,Rodney Jimenez,Home Office,South,Arizona,Furniture,Chairs,Patrick LLC Chairs,9,856.11,0.05,7319.74,4577.92,2741.82
ORD-12725,2022-05-08,2022-05-10,First Class,CUST-2340,Jay Savage,Home Office,West,Indiana,Technology,Printers,Tate-Thompson Printers,6,135.37,0.05,771.61,535.62,235.99
ORD-12726,2022-05-10,2022-05-11,First Class,CUST-1990,Angela Lynch,Corporate,North,Iowa,Technology,Phones,"Morales, Carter and Leonard Phones",8,959.06,0.0,7672.48,5277.07,2395.41
ORD-12727,2023-07-06,2023-07-09,Standard Class,CUST-1734,Mark Bradshaw,Consumer,North,Pennsylvania,Office Supplies,Paper,"Aguilar, Bright and Price Paper",4,48.73,0.0,194.92,117.99,76.93
ORD-12728,2023-07-05,2023-07-11,Second Class,CUST-1101,Kayla Howard,Corporate,South,Mississippi,Office Supplies,Envelopes,"Jenkins, Cunningham and Gonzalez Envelopes",6,24.27,0.0,145.62,84.85,60.77
ORD-12729,2022-07-06,2022-07-07,Standard Class,CUST-2888,Samantha Blevins,Home Office,West,Wisconsin,Furniture,Shelving,Cline-Stein Shelving,3,197.46,0.0,592.38,317.86,274.52
ORD-12730,2021-07-02,2021-07-09,Standard Class,CUST-2682,Mariah Woods,Consumer,West,New York,Technology,Accessories,Johnson Ltd Accessories,10,78.32,0.0,783.2,508.9,274.3
ORD-12731,2022-01-15,2022-01-18,Second Class,CUST-1709,Dwayne Schaefer,Consumer,South,Maine,Furniture,Bookcases,Horton PLC Bookcases,9,325.18,0.0,2926.62,2016.13,910.49
ORD-12732,2022-06-19,2022-06-20,Same Day,CUST-2017,Derrick Gonzalez,Home Office,West,North Carolina,Furniture,Bookcases,"Krueger, Williams and Mitchell Bookcases",7,474.86,0.0,3324.02,2291.89,1032.13
ORD-12733,2022-09-26,2022-10-02,First Class,CUST-1379,Susan Ho,Consumer,West,New York,Technology,Monitors,"Smith, Bennett and Wilson Monitors",8,301.16,0.0,2409.28,1556.61,852.67
ORD-12734,2022-08-12,2022-08-14,Same Day,CUST-2356,Kelsey Benjamin,Corporate,South,Georgia,Furniture,Desks,Jones-George Desks,5,1086.02,0.0,5430.1,3405.91,2024.19
ORD-12735,2023-10-04,2023-10-08,First Class,CUST-2242,Becky Jimenez,Consumer,West,Oregon,Furniture,Bookcases,"Patterson, Garner and Miller Bookcases",1,159.54,0.15,135.61,101.28,34.33
ORD-12736,2021-07-23,2021-07-27,Same Day,CUST-1146,Mario Green,Consumer,South,North Dakota,Office Supplies,Envelopes,Gomez-Nelson Envelopes,8,24.16,0.0,193.28,112.13,81.15
ORD-12737,2021-03-02,2021-03-06,Second Class,CUST-2566,Melanie Grant,Home Office,North,South Carolina,Technology,Monitors,Foley Group Monitors,2,390.46,0.1,702.83,361.32,341.51
ORD-12738,2021-12-16,2021-12-18,First Class,CUST-1371,Michelle King,Consumer,South,Wyoming,Technology,Printers,Kaufman LLC Printers,10,290.6,0.0,2906.0,1944.74,961.26
ORD-12739,2022-09-16,2022-09-18,Same Day,CUST-1509,John Mcintyre,Corporate,North,New Hampshire,Technology,Tablets,Perez-Rice Tablets,4,464.66,0.05,1765.71,1193.31,572.4
ORD-12740,2021-08-17,2021-08-21,Second Class,CUST-1380,Annette Henderson,Consumer,West,Delaware,Furniture,Bookcases,"Adams, Henry and Young Bookcases",8,307.22,0.3,1720.43,1689.63,30.8
ORD-12741,2022-04-20,2022-04-21,Same Day,CUST-1617,Adam Ruiz,Corporate,South,North Dakota,Furniture,Chairs,"Jimenez, Brewer and Long Chairs",10,503.01,0.5,2515.05,2397.73,117.32
ORD-12742,2022-03-04,2022-03-08,Second Class,CUST-1545,Nicholas Johnson,Corporate,South,Alabama,Furniture,Chairs,"Cox, Barnes and Stanley Chairs",5,241.82,0.5,604.55,573.03,31.52
ORD-1935,2022-12-31,2023-01-03,Standard Class,CUST-1266,Billy Powell,Consumer,East,California,Office Supplies,Pens & Pencils,Gonzales-Davis Pens & Pencils,1,9.2,0.0,9.2,4.68,4.52
ORD-12744,2023-11-26,2023-11-29,Second Class,CUST-2493,Kristen Brown,Home Office,East,Florida,Furniture,Chairs,Navarro Group Chairs,9,627.05,0.0,5643.45,3592.1,2051.35
ORD-12745,2021-05-24,2021-05-27,Same Day,CUST-1657,Daniel Harris,Consumer,South,Oklahoma,Office Supplies,Storage,Hart-Hall Storage,9,51.41,0.1,416.42,233.56,182.86
ORD-12746,2023-04-03,2023-04-05,Same Day,CUST-1204,David Willis,Home Office,North,Arkansas,Furniture,Chairs,Armstrong PLC Chairs,1,445.92,0.0,445.92,299.9,146.02
ORD-12747,2022-05-17,2022-05-21,First Class,CUST-1389,Gina Green,Corporate,North,New York,Furniture,Tables,"Peters, Ewing and Andrews Tables",2,1081.81,0.5,1081.81,987.46,94.35
ORD-12748,2022-03-09,2022-03-10,,CUST-2189,Heather Reed,Consumer,North,North Dakota,Technology,Phones,"Wells, Diaz and Nguyen Phones",2,692.89,0.3,970.05,791.85,178.2
ORD-12749,2022-07-08,2022-07-12,Second Class,CUST-1611,Bruce Wright,Corporate,East,Missouri,Technology,Printers,Vega LLC Printers,6,592.18,0.05,3375.43,1946.34,1429.09
ORD-12750,2021-02-19,2021-02-22,First Class,CUST-2652,Tanner Humphrey,Corporate,North,California,Office Supplies,Binders,"Johnson, Shaw and Zamora Binders",6,8.45,0.0,50.7,30.11,20.59
ORD-12751,2021-02-16,2021-02-23,Standard Class,CUST-2437,Eric Smith,Corporate,North,Oregon,Technology,Laptops,"Hunt, Ferguson and Patterson Laptops",3,1740.22,0.2,4176.53,2971.45,1205.08
ORD-12752,2023-07-04,2023-07-10,First Class,CUST-1162,Alexander Bailey,Home Office,West,Montana,Furniture,Chairs,"Nguyen, Murray and Odonnell Chairs",7,546.06,0.05,3631.3,2136.19,1495.11
ORD-12753,2023-01-28,2023-02-03,First Class,CUST-2633,Maria Jackson,Corporate,North,Georgia,Office Supplies,Pens & Pencils,Ramos Ltd Pens & Pencils,1,24.91,0.3,17.44,17.27,0.17
ORD-12754,2021-05-27,2021-05-29,Second Class,CUST-1160,Melissa Goodman,Corporate,North,Indiana,Furniture,Desks,Torres Group Desks,7,153.35,0.05,1019.78,746.31,273.47
ORD-12755,2022-07-11,2022-07-15,Standard Class,CUST-1011,Eric Jenkins,Consumer,North,Virginia,Office Supplies,Envelopes,Ramirez-Dougherty Envelopes,1,19.99,0.0,19.99,12.91,7.08
ORD-12756,2023-12-19,2023-12-26,First Class,CUST-2096,Madeline Randall,Corporate,East,Massachusetts,Technology,Printers,Castillo and Sons Printers,5,99.45,0.1,447.53,281.19,166.34
ORD-12757,2021-10-03,2021-10-06,Second Class,CUST-2978,Joann Davis,Consumer,North,New York,Technology,Printers,Meyer-Smith Printers,5,291.27,0.5,728.17,799.65,-71.48
ORD-12758,2023-02-26,2023-03-01,Second Class,CUST-1122,Jennifer Gonzalez,Home Office,North,Texas,Furniture,Tables,"Warren, Robinson and Nunez Tables",2,951.36,0.0,1902.72,907.01,995.71
ORD-12759,2021-05-25,2021-06-01,Standard Class,CUST-1886,Brad Harper,Home Office,East,Louisiana,Office Supplies,Labels,Murray Inc Labels,1,7.94,0.0,7.94,5.24,2.7
ORD-12760,2022-04-14,2022-04-21,Standard Class,CUST-1249,Rachel Lin PhD,Home Office,West,Indiana,Office Supplies,Storage,Harper-Powell Storage,7,69.97,0.2,391.83,304.99,86.84
ORD-12761,2022-07-24,2022-07-28,Same Day,CUST-2558,Heather Moran,Home Office,South,Wisconsin,Office Supplies,Storage,Dean-Moore Storage,6,14.05,0.0,84.3,57.34,26.96
ORD-12762,2022-05-11,2022-05-18,Standard Class,CUST-2928,Maria Ochoa,Home Office,East,Minnesota,Office Supplies,Envelopes,Meadows-Hatfield Envelopes,9,11.32,0.0,101.88,67.65,34.23
ORD-12763,2022-06-30,2022-07-07,First Class,CUST-2885,Amy Black,Home Office,East,Nevada,Office Supplies,Envelopes,Moore-Simmons Envelopes,3,19.08,0.15,48.65,27.08,21.57
ORD-12764,2021-11-13,2021-11-19,First Class,CUST-2726,Jane Jones,Home Office,West,Maryland,Technology,Laptops,Fernandez PLC Laptops,5,1404.21,0.0,7021.05,3571.31,3449.74
ORD-12765,2023-08-21,2023-08-23,Same Day,CUST-1508,Tiffany Wells,Corporate,South,Mississippi,Furniture,Chairs,Thompson and Sons Chairs,8,608.1,0.1,4378.32,2498.86,1879.46
ORD-12766,2023-07-27,2023-07-31,Same Day,CUST-2543,Kristi Hatfield,Consumer,North,Massachusetts,Office Supplies,Paper,Romero-Johns Paper,9,35.96,0.0,323.64,180.85,142.79
ORD-12767,2022-03-08,2022-03-09,Second Class,CUST-2016,Charles Lopez,Consumer,East,South Carolina,Furniture,Chairs,"Whitehead, Norton and Anderson Chairs",6,573.14,0.0,3438.84,2113.01,1325.83
ORD-12768,2023-05-02,2023-05-06,Same Day,CUST-1568,Tanya Owens,Corporate,West,New York,Office Supplies,Storage,Oconnor-Pena Storage,2,32.3,0.0,64.6,32.5,32.1
ORD-12769,2023-01-18,2023-01-24,Same Day,CUST-1754,Mary Saunders,Corporate,East,Georgia,Office Supplies,Paper,"Flores, Clark and Bradley Paper",6,19.94,0.15,101.69,55.5,46.19
ORD-12770,2023-01-29,2023-02-02,First Class,CUST-1529,Marcus Summers,Corporate,East,Wyoming,Furniture,Bookcases,Shelton-Tate Bookcases,10,75.74,0.1,681.66,402.14,279.52
ORD-12771,2022-07-11,2022-07-13,Same Day,CUST-1683,Ashley Brown,Consumer,East,North Carolina,Office Supplies,Pens & Pencils,Reynolds-Cameron Pens & Pencils,-8,18.85,0.0,150.8,99.08,51.72
ORD-12772,2021-10-20,2021-10-24,Second Class,CUST-2039,Maria Griffin,Home Office,West,Idaho,Technology,Laptops,Sanchez-Farmer Laptops,3,1560.16,0.0,4680.48,2933.23,1747.25
ORD-12773,2023-04-20,2023-04-24,Same Day,CUST-2613,Paul Wilson,Home Office,South,Delaware,Technology,Accessories,Harris-Woods Accessories,5,87.75,0.15,372.94,199.94,173.0
ORD-12774,2021-04-26,2021-04-30,First Class,CUST-1210,Tamara Hogan,Corporate,East,Iowa,Office Supplies,Storage,Hughes-Hill Storage,5,57.69,0.0,288.45,155.79,132.66
ORD-12775,2022-08-13,2022-08-18,First Class,CUST-1797,Francisco Donovan,Consumer,West,New Mexico,Technology,Phones,"Gibbs, Fernandez and Sanders Phones",8,695.73,0.1,5009.26,3089.15,1920.11
ORD-12776,2021-06-01,2021-06-04,Second Class,CUST-1126,Daniel Perez,Corporate,South,New Mexico,Furniture,Bookcases,Tran LLC Bookcases,8,69.55,0.15,472.94,264.17,208.77
ORD-12777,2021-02-07,2021-02-09,Second Class,CUST-1613,John Miller,Consumer,South,Colorado,Technology,Laptops,Wolf-Wilson Laptops,1,1269.55,0.0,1269.55,809.19,460.36
ORD-12778,2023-02-16,2023-02-22,First Class,CUST-2250,Catherine Payne,Home Office,North,California,Office Supplies,Labels,"Rogers, Cole and Fitzgerald Labels",3,17.49,0.1,47.22,23.66,23.56
ORD-12779,2021-08-08,2021-08-13,First Class,CUST-2227,Tina Nelson,Consumer,East,Arkansas,Technology,Accessories,Hernandez-Campbell Accessories,10,107.2,0.15,911.2,500.67,410.53
ORD-12780,2021-05-02,2021-05-05,Standard Class,CUST-1885,Diane Ferguson,Home Office,West,Massachusetts,Office Supplies,Pens & Pencils,Caldwell-Nolan Pens & Pencils,2,15.57,0.3,21.8,20.45,1.35
ORD-12781,2023-09-14,2023-09-17,Second Class,CUST-2812,Alan Zamora,Corporate,South,South Dakota,Furniture,Shelving,"Scott, Nichols and Herring Shelving",4,105.99,0.05,402.76,212.81,189.95
ORD-12782,2022-10-27,2022-10-28,First Class,CUST-2497,Jacob Dixon,Consumer,West,South Carolina,Furniture,Shelving,Dennis PLC Shelving,4,117.98,0.0,,286.68,185.24
ORD-12783,2022-11-07,2022-11-10,Standard Class,CUST-2264,Donna Parker,Home Office,South,Georgia,Office Supplies,Binders,Hill-Barker Binders,2,28.3,0.5,28.3,30.53,-2.23
ORD-12784,2023-09-26,2023-10-01,Same Day,CUST-2801,Susan Ferguson,Home Office,East,Mississippi,Office Supplies,Envelopes,"Murphy, Castillo and Chambers Envelopes",9,20.11,0.0,180.99,113.96,67.03
ORD-12785,2023-02-25,2023-03-02,Same Day,CUST-1907,Larry Jacobs,Corporate,South,Georgia,Furniture,Chairs,Richards Ltd Chairs,9,737.1,0.3,4643.73,3810.95,832.78
ORD-12786,2022-03-28,2022-03-29,First Class,CUST-1037,Anna Patterson,Corporate,North,Maine,Furniture,Tables,Rodriguez-King Tables,7,1315.36,0.0,9207.52,4872.49,4335.03
ORD-12787,2022-07-28,2022-07-30,Standard Class,CUST-1115,Andrea Williams,Consumer,West,Iowa,Office Supplies,Paper,"Jones, Woods and Smith Paper",1,43.74,0.0,43.74,28.16,15.58
ORD-12788,2022-03-06,2022-03-09,First Class,CUST-1162,Laura Davis,Consumer,North,Kentucky,Office Supplies,Storage,White Group Storage,2,47.04,0.0,94.08,44.19,49.89
ORD-12789,2021-04-05,2021-04-11,Standard Class,CUST-2360,Andrea Lambert,Home Office,West,Wyoming,Furniture,Bookcases,"Hernandez, Yates and White Bookcases",6,284.91,0.0,1709.46,973.17,736.29
ORD-12790,2021-08-01,2021-08-07,Same Day,CUST-2740,Cheryl Frederick,Corporate,South,Idaho,Office Supplies,Labels,"Davis, Phillips and Miller Labels",8,5.43,0.0,43.44,19.62,23.82
ORD-12791,2021-01-12,2021-01-13,Standard Class,CUST-2158,Gina Young,Consumer,West,Wisconsin,Office Supplies,Binders,Garcia LLC Binders,10,11.73,0.0,117.3,78.76,38.54
ORD-12792,2022-06-19,2022-06-20,Second Class,CUST-1427,Kenneth Vazquez,Home Office,West,Kansas,Technology,Laptops,Martin-Anderson Laptops,9,1757.92,0.05,15030.22,9798.38,5231.84
ORD-12793,2021-06-24,2021-06-27,Second Class,CUST-1084,Annette Shaw,Corporate,West,Massachusetts,Office Supplies,Pens & Pencils,Haynes and Sons Pens & Pencils,10,21.47,0.0,214.7,113.42,101.28
ORD-12794,2022-10-09,2022-10-15,First Class,CUST-1230,Curtis Krueger,Home Office,East,Rhode Island,Technology,Laptops,"Hawkins, Scott and Bates Laptops",1,1762.07,0.5,881.03,829.45,51.58
ORD-12795,2022-07-16,2022-07-23,Second Class,CUST-1992,Emily Carpenter,Home Office,West,Arizona,Furniture,Tables,"Holmes, Carter and Nichols Tables",3,200.2,0.0,600.6,375.79,224.81
ORD-12796,2022-12-18,2022-12-19,First Class,CUST-1634,Luis Gould,Corporate,East,New York,Office Supplies,Paper,"Walter, Hendrix and Nelson Paper",5,51.6,0.2,206.4,136.54,69.86
ORD-12797,2023-10-05,2023-10-08,Same Day,CUST-2512,Rachel Reed,Home Office,South,New York,Technology,Phones,Sullivan-Ramos Phones,5,790.66,0.1,3557.97,2550.23,1007.74
ORD-12798,2021-02-13,2021-02-14,Standard Class,CUST-2767,Eric Yu,Corporate,East,Tennessee,Office Supplies,Storage,"Thornton, Jordan and Martin Storage",2,17.66,0.0,35.32,19.15,16.17
ORD-12799,2022-08-17,2022-08-18,First Class,CUST-1571,Corey Thompson Jr.,Home Office,South,Alabama,Office Supplies,Paper,"May, Griffin and Mills Paper",7,35.62,0.0,249.34,128.58,120.76
ORD-12800,2021-05-13,2021-05-16,Standard Class,CUST-2370,Kelli Martin,Home Office,West,Mississippi,Furniture,Bookcases,"Archer, Harrison and Roberts Bookcases",7,396.93,0.0,2778.51,1839.41,939.1
ORD-12801,2023-11-01,2023-11-02,First Class,CUST-2898,Carmen Jenkins,Consumer,West,Mississippi,Technology,Phones,"Reynolds, Shields and Espinoza Phones",10,709.85,0.3,4968.95,3305.72,1663.23
ORD-12802,2023-01-08,2023-01-13,Standard Class,CUST-1462,Brandi Gould,Home Office,West,Tennessee,Office Supplies,Envelopes,Martinez-Cole Envelopes,8,17.55,0.1,126.36,70.9,55.46
ORD-12803,2021-03-01,2021-03-08,Same Day,CUST-2408,Michael Hill,Corporate,East,Montana,Office Supplies,Storage,Tran PLC Storage,1,61.6,0.0,61.6,32.69,28.91
ORD-12804,2022-08-05,2022-08-08,Same Day,CUST-2084,Victoria Coleman,Home Office,West,West Virginia,Technology,Accessories,Knapp LLC Accessories,1,113.96,0.0,113.96,56.38,57.58
ORD-12805,2021-12-29,2022-01-03,Standard Class,CUST-2769,Kenneth Smith,Consumer,East,Alaska,Office Supplies,Storage,"Jackson, Watts and Carpenter Storage",7,65.94,0.0,461.58,226.1,235.48
ORD-12806,2023-01-15,2023-01-20,Second Class,CUST-1865,Becky Jackson,Corporate,East,Ohio,Technology,Laptops,"Stafford, Moore and Morrison Laptops",10,1930.95,0.15,16413.08,9542.3,6870.78
ORD-12807,2022-07-03,2022-07-10,Standard Class,CUST-2798,Aaron Johnson,Corporate,North,South Carolina,Furniture,Chairs,Williamson-Pena Chairs,10,814.15,0.0,8141.5,4852.33,3289.17
ORD-12808,2021-07-16,2021-07-22,Second Class,CUST-1078,James Medina,Consumer,East,Louisiana,Technology,Monitors,Oneill-Williams Monitors,-3,653.38,0.0,1960.14,988.0,972.14
ORD-12809,2023-03-27,2023-04-02,Second Class,CUST-2846,Ariana Ross,Corporate,East,Connecticut,Office Supplies,Envelopes,Kelly Ltd Envelopes,2,4.04,0.15,6.87,5.12,1.75
ORD-12810,2023-06-12,2023-06-18,Same Day,CUST-1831,Shannon Harris,Corporate,West,New York,Furniture,Bookcases,Liu PLC Bookcases,10,449.4,0.0,4494.0,2868.61,1625.39
ORD-12811,2021-10-23,2021-10-30,Same Day,CUST-1668,Andrew Brown,Corporate,East,Michigan,Furniture,Desks,"Dennis, Lewis and Mullen Desks",1,524.34,0.0,524.34,260.6,263.74
ORD-12812,2022-02-23,2022-03-02,Same Day,CUST-2144,Diana Stafford,Corporate,North,Oklahoma,Technology,Tablets,Johnson-Hart Tablets,1,796.21,0.0,796.21,543.7,252.51
ORD-12813,2022-10-23,2022-10-28,Standard Class,CUST-2966,Gary Rocha,Consumer,South,Illinois,Furniture,Desks,Fox Inc Desks,5,799.6,0.2,3198.4,2235.9,962.5
ORD-1546,2023-10-14,2023-10-15,Same Day,CUST-2738,Nathan Vincent,Home Office,South,Vermont,Technology,Laptops,Miller-Anderson Laptops,1,987.31,0.0,987.31,594.66,392.65
ORD-12815,2022-05-12,2022-05-13,Standard Class,CUST-2000,Elizabeth Brown,Home Office,North,Nevada,Office Supplies,Pens & Pencils,"Zamora, Hamilton and Spencer Pens & Pencils",1,16.35,0.0,16.35,11.23,5.12
ORD-12816,2021-04-13,2021-04-20,Standard Class,CUST-2899,Stephanie Walker,Corporate,West,Arkansas,Technology,Phones,Tate-Glass Phones,6,625.45,0.0,3752.7,2280.31,1472.39
ORD-12817,2021-02-19,2021-02-23,,CUST-1666,Meredith Mueller,Consumer,West,Alabama,Office Supplies,Pens & Pencils,Kennedy-Mcdonald Pens & Pencils,9,13.09,0.05,111.92,67.29,44.63
ORD-12818,2021-04-25,2021-04-26,First Class,CUST-1958,Mr. Christopher Sanchez PhD,Consumer,North,Texas,Technology,Printers,Wright-Davis Printers,3,243.66,0.0,730.98,482.85,248.13
ORD-12819,2021-09-04,2021-09-09,Second Class,CUST-1050,Victoria Strickland,Corporate,North,Arizona,Office Supplies,Labels,Escobar and Sons Labels,6,11.18,0.0,67.08,40.62,26.46
ORD-12820,2023-02-05,2023-02-06,Standard Class,CUST-2872,Amanda Martinez,Consumer,South,Oklahoma,Office Supplies,Paper,"Peters, Wang and Foster Paper",1,11.99,0.0,11.99,7.6,4.39
ORD-12821,2022-02-20,2022-02-21,First Class,CUST-1757,Kathleen Barnett,Consumer,South,California,Technology,Phones,"Page, Baird and Calderon Phones",10,607.17,0.0,6071.7,3507.82,2563.88
ORD-12822,2021-09-10,2021-09-12,Standard Class,CUST-1608,Julia Johnston,Home Office,North,New York,Furniture,Chairs,Pratt-Keller Chairs,1,387.89,0.0,387.89,188.97,198.92
ORD-12823,2023-06-02,2023-06-05,Same Day,CUST-2388,Daniel Rogers,Home Office,South,Louisiana,Technology,Accessories,"Bush, Garrett and Owen Accessories",2,53.81,0.05,102.24,71.83,30.41
ORD-12824,2021-08-29,2021-09-01,First Class,CUST-1654,Scott Larsen,Consumer,East,Maine,Technology,Accessories,Pierce-Blevins Accessories,6,52.87,0.1,285.5,176.11,109.39
ORD-12825,2022-05-07,2022-05-13,Same Day,CUST-1016,Juan Underwood,Corporate,South,North Carolina,Office Supplies,Envelopes,Burke Ltd Envelopes,2,9.28,0.05,17.63,11.98,5.65
ORD-12826,2021-10-25,2021-10-28,Standard Class,CUST-2349,Samantha Walters,Consumer,West,Georgia,Technology,Monitors,Willis-Hill Monitors,9,759.7,0.05,6495.43,3737.58,2757.85
ORD-12827,2022-09-13,2022-09-17,Same Day,CUST-1312,Matthew Taylor,Corporate,North,Minnesota,Technology,Printers,Romero-Chen Printers,5,83.0,0.0,415.0,231.23,183.77
ORD-12828,2023-01-01,2023-01-03,Same Day,CUST-2085,Cameron Stewart,Consumer,South,Kentucky,Furniture,Desks,"Durham, Tucker and Wilson Desks",8,610.52,0.1,4395.74,2812.62,1583.12
ORD-12829,2021-12-14,2021-12-17,,CUST-2407,Rebecca Decker,Corporate,East,Louisiana,Technology,Monitors,Burton LLC Monitors,1,812.2,0.05,771.59,567.15,204.44
ORD-12830,2023-04-28,2023-05-05,,CUST-2913,Katherine Castro,Home Office,South,Oklahoma,Technology,Tablets,Evans Group Tablets,7,600.06,0.0,4200.42,2546.85,1653.57
ORD-12831,2023-03-29,2023-04-05,Standard Class,CUST-2072,Amanda Torres,Consumer,South,Utah,Furniture,Chairs,"Mann, Moran and Mann Chairs",9,801.07,0.3,5046.74,4838.05,208.69
ORD-12832,2021-02-17,2021-02-21,First Class,CUST-1920,David Horton,Home Office,South,Maine,Office Supplies,Labels,Myers LLC Labels,3,2.85,0.0,8.55,4.92,3.63
ORD-1126,2021-05-08,2021-05-13,Same Day,CUST-1008,Lisa Tucker,Home Office,East,New Hampshire,Technology,Accessories,"Torres, Hall and Kim Accessories",10,49.97,0.05,474.71,230.02,244.69
ORD-12834,2022-07-11,2022-07-16,Standard Class,CUST-2843,Anne Barber,Corporate,West,Texas,Furniture,Bookcases,"Reed, Ford and Hull Bookcases",9,173.26,0.5,779.67,1012.92,-233.25
ORD-12835,2021-03-02,2021-03-06,Second Class,CUST-1849,Rebecca Frank,Corporate,North,Wyoming,Furniture,Tables,Bell PLC Tables,3,1384.06,0.0,4152.18,2902.19,1249.99
ORD-12836,2021-01-18,2021-01-25,Second Class,CUST-1354,Beth Morse,Home Office,East,Louisiana,Office Supplies,Envelopes,Nguyen-Norris Envelopes,10,19.36,0.0,193.6,112.83,80.77
ORD-12837,2021-06-14,2021-06-17,Same Day,CUST-2106,Donald Garcia,Home Office,North,Iowa,Furniture,Desks,Mooney and Sons Desks,3,582.7,0.0,1748.1,1220.59,527.51
ORD-12838,2023-09-06,2023-09-12,Second Class,CUST-1553,Susan Tyler,Corporate,East,Delaware,Technology,Accessories,"Payne, Hull and Anderson Accessories",4,112.76,0.1,405.94,216.44,189.5
ORD-12839,2022-12-22,2022-12-28,Same Day,CUST-1890,Elizabeth Wallace,Consumer,North,Louisiana,Furniture,Bookcases,Wright-Fuentes Bookcases,2,168.35,0.0,336.7,219.46,117.24
ORD-12840,2021-08-24,2021-08-27,Same Day,CUST-2987,Eric Nelson,Corporate,South,South Dakota,Furniture,Bookcases,Smith and Sons Bookcases,8,422.96,0.05,3214.5,1534.12,1680.38
ORD-12841,2022-12-05,2022-12-11,Same Day,CUST-1684,Brian Barrett,Home Office,West,North Carolina,Technology,Tablets,Collins-Oliver Tablets,8,549.4,0.05,4175.44,2115.43,2060.01
ORD-12842,2023-05-11,2023-05-15,Same Day,CUST-2364,Mark Johnson,Consumer,North,Illinois,Office Supplies,Storage,Howard PLC Storage,3,22.22,0.05,63.33,46.37,16.96
ORD-12843,2023-12-13,2023-12-15,Second Class,CUST-2645,Gregory Bryant,Consumer,West,Iowa,Office Supplies,Pens & Pencils,Lawson-Wilkinson Pens & Pencils,9,4.4,0.0,39.6,24.46,15.14
ORD-12844,2023-06-02,2023-06-03,Same Day,CUST-1763,Tammy Baker,Corporate,East,Alabama,Technology,Monitors,Huang PLC Monitors,5,418.61,0.0,2093.05,1157.6,935.45
ORD-12845,2021-11-26,2021-11-30,Standard Class,CUST-1748,Jamie Smith,Consumer,West,Louisiana,Furniture,Shelving,Ballard-Hebert Shelving,5,53.47,0.0,267.35,175.95,91.4
ORD-12846,2021-03-16,2021-03-21,First Class,CUST-2238,Laura Johnson,Consumer,North,Utah,Technology,Laptops,"Morris, Rodriguez and Aguilar Laptops",3,1621.64,0.15,4135.18,2963.58,1171.6
ORD-12847,2022-05-25,2022-05-26,First Class,CUST-2062,Rachel Baker,Corporate,West,Pennsylvania,Technology,Laptops,Dixon-Malone Laptops,7,1436.21,0.0,10053.47,6893.58,3159.89
ORD-12848,2022-10-07,2022-10-09,Second Class,CUST-2362,Joseph Pacheco,Home Office,West,Arizona,Technology,Accessories,"Hodge, Bird and Moreno Accessories",8,112.93,0.1,813.1,407.51,405.59
ORD-12849,2023-03-30,2023-04-04,Same Day,CUST-1916,Joshua Soto,Consumer,West,New Hampshire,Furniture,Desks,"Burns, Maddox and Allison Desks",4,162.15,0.0,648.6,417.39,231.21
ORD-12850,2021-02-15,2021-02-19,Standard Class,CUST-1938,Daniel Tyler,Corporate,East,West Virginia,Technology,Laptops,Prince-Anderson Laptops,2,1739.27,0.0,3478.54,1876.32,1602.22
ORD-12851,2022-12-31,2023-01-01,Second Class,CUST-1582,Michael Hoover,Corporate,West,South Carolina,Technology,Printers,Moore-Bradley Printers,5,512.67,0.1,2307.01,1585.24,721.77
ORD-12852,2023-10-18,2023-10-21,First Class,CUST-2148,Adrian Patel,Corporate,East,Pennsylvania,Furniture,Bookcases,Peterson-Acosta Bookcases,7,94.99,0.0,664.93,438.6,226.33
ORD-12853,2021-12-04,2021-12-11,Second Class,CUST-1202,Stacey Lee,Corporate,East,Wisconsin,Furniture,Desks,Soto-Montgomery Desks,2,165.27,0.1,297.49,228.44,69.05
ORD-12854,2022-08-12,2022-08-14,Same Day,CUST-1297,Blake Underwood,Home Office,East,Idaho,Furniture,Desks,Richardson-Payne Desks,4,122.52,0.05,465.58,254.75,210.83
ORD-12855,2023-08-26,2023-08-30,First Class,CUST-2565,Michael Goodman,Corporate,East,Maryland,Office Supplies,Envelopes,"Velez, Kemp and Rodriguez Envelopes",7,15.33,0.3,75.12,49.73,25.39
ORD-12856,2023-07-12,2023-07-18,Standard Class,CUST-1152,Zachary Chandler,Consumer,North,Maine,Furniture,Tables,Wu-Ferguson Tables,9,327.47,0.0,2947.23,1333.75,1613.48
ORD-12857,2023-02-16,2023-02-22,Second Class,CUST-2029,Kenneth Ayala,Consumer,West,Virginia,Furniture,Shelving,Jones Ltd Shelving,5,155.0,0.0,775.0,396.73,378.27
ORD-12858,2021-01-04,2021-01-07,Second Class,CUST-2173,Jill Byrd,Home Office,North,Louisiana,Office Supplies,Labels,Phillips-Guzman Labels,10,8.28,0.0,82.8,49.52,33.28
ORD-12859,2021-10-29,2021-11-05,Same Day,CUST-1543,Tamara Greene,Corporate,North,New York,Office Supplies,Labels,"Bailey, Jones and Bush Labels",4,15.38,0.0,61.52,29.48,32.04
ORD-12860,2022-11-05,2022-11-10,Second Class,CUST-2910,Jenna Short,Corporate,East,Idaho,Furniture,Tables,Lopez-Thornton Tables,9,1074.65,0.15,8221.07,6126.51,2094.56
ORD-12861,2021-07-26,2021-08-02,Standard Class,CUST-2305,Catherine Spears,Consumer,North,Wisconsin,Office Supplies,Labels,Wilkinson PLC Labels,8,2.37,0.0,18.96,9.31,9.65
ORD-12862,2023-07-23,2023-07-24,Second Class,CUST-1057,John Juarez,Corporate,North,New Mexico,Furniture,Shelving,"Lang, Rivera and Duffy Shelving",5,60.47,0.0,302.35,184.1,118.25
ORD-12863,2023-04-09,2023-04-11,Same Day,CUST-2788,Regina Chen,Consumer,South,North Dakota,Furniture,Bookcases,"Ward, Holloway and Rivera Bookcases",1,476.68,0.05,452.85,236.61,216.24
ORD-12864,2023-09-13,2023-09-18,Standard Class,CUST-2736,Samantha Harris,Home Office,South,Oklahoma,Office Supplies,Pens & Pencils,Young Ltd Pens & Pencils,1,12.42,0.3,8.69,7.11,1.58
ORD-12865,2022-02-04,2022-02-08,Second Class,CUST-2063,Patricia Elliott,Corporate,East,Florida,Office Supplies,Labels,"Maxwell, Perez and Love Labels",8,18.64,0.0,149.12,90.28,58.84
ORD-12866,2021-11-11,2021-11-16,First Class,CUST-2520,Anne Hoover,Home Office,North,Arizona,Office Supplies,Pens & Pencils,Carlson and Sons Pens & Pencils,10,4.48,0.05,42.56,28.2,14.36
ORD-12867,2023-07-04,2023-07-11,First Class,CUST-2011,Erica Hughes,Consumer,East,Tennessee,Technology,Phones,Farrell Group Phones,6,1003.27,0.0,6019.62,4106.16,1913.46
ORD-12868,2021-05-26,2021-06-02,Same Day,CUST-2673,Mary Yang,Corporate,East,Washington,Furniture,Bookcases,Williams-Snow Bookcases,4,383.21,0.3,1072.99,986.41,86.58
ORD-12869,2021-08-19,2021-08-26,Same Day,CUST-1088,Lisa Davis,Consumer,West,Kansas,Office Supplies,Paper,"Norton, Woodard and Jimenez Paper",7,38.89,0.1,245.01,125.95,119.06
ORD-12870,2021-09-05,2021-09-11,Same Day,CUST-2050,Lauren Carter,Home Office,North,Minnesota,Furniture,Tables,"Rodriguez, Barnes and Carey Tables",10,544.62,0.15,4629.27,2457.6,2171.67
ORD-12871,2023-02-24,2023-03-01,Second Class,CUST-1957,Scott Leach,Home Office,South,Michigan,Furniture,Tables,Romero LLC Tables,10,386.73,0.1,3480.57,2547.28,933.29
ORD-12872,2022-12-14,2022-12-16,Same Day,CUST-1422,Dawn Hawkins,Home Office,West,New Jersey,Furniture,Tables,Velez and Sons Tables,7,516.04,0.15,3070.44,1705.76,1364.68
ORD-12873,2022-05-30,2022-06-05,Standard Class,CUST-2636,Travis Butler,Consumer,West,Wyoming,Technology,Accessories,Mitchell-Roberts Accessories,6,13.68,0.0,82.08,50.29,31.79
ORD-12874,2022-02-19,2022-02-24,Same Day,CUST-2941,Joseph Burnett,Home Office,South,New Hampshire,Furniture,Bookcases,Obrien-Huber Bookcases,10,198.85,0.3,1391.95,1025.42,366.53
ORD-12875,2022-11-10,2022-11-11,Second Class,CUST-2380,Brent Perez,Consumer,South,West Virginia,Office Supplies,Storage,"Jackson, Bell and Hanson Storage",2,75.89,0.15,129.01,84.01,45.0
ORD-12876,2021-09-25,2021-09-26,Standard Class,CUST-1560,James Hernandez,Corporate,East,Oregon,Office Supplies,Paper,Rowe-King Paper,2,40.55,0.15,68.93,45.31,23.62
ORD-12877,2021-07-08,2021-07-14,Same Day,CUST-1480,Thomas Jones,Corporate,North,Arizona,Office Supplies,Storage,Kelly PLC Storage,2,76.59,0.05,145.52,99.42,46.1
ORD-12878,2023-05-09,2023-05-16,Same Day,CUST-2900,Alicia Hardin,Corporate,East,New York,Technology,Laptops,Ortiz-Nguyen Laptops,7,1982.14,0.1,12487.48,7844.35,4643.13
ORD-12879,2021-01-06,2021-01-10,First Class,CUST-2622,Kristine Saunders,Home Office,South,Oregon,Furniture,Tables,"Downs, Smith and Meza Tables",3,1337.72,0.05,3812.5,1864.77,1947.73
ORD-12880,2021-02-17,2021-02-24,Second Class,CUST-1768,Phillip Evans,Corporate,South,North Dakota,Technology,Monitors,Mckenzie Ltd Monitors,5,190.89,0.2,763.56,597.24,166.32
ORD-12881,2023-10-03,2023-10-09,First Class,CUST-2704,Jesus Simon,Corporate,South,Maine,Office Supplies,Binders,"Garcia, Leblanc and Sheppard Binders",1,33.95,0.0,33.95,20.34,13.61
ORD-12882,2021-04-14,2021-04-18,First Class,CUST-1111,Matthew Baker,Consumer,West,West Virginia,Furniture,Desks,"Hawkins, Ward and Conner Desks",10,168.65,0.15,1433.52,960.88,472.64
ORD-12883,2022-02-20,2022-02-21,Same Day,CUST-1844,Angel Perry,Corporate,North,Arizona,Office Supplies,Paper,Smith Inc Paper,1,23.24,0.0,23.24,12.96,10.28
ORD-12884,2021-11-03,2021-11-08,Same Day,CUST-1037,Stephanie Mitchell,Home Office,West,Mississippi,Furniture,Shelving,Rivera PLC Shelving,1,140.68,0.05,133.65,93.66,39.99
ORD-12885,2022-12-15,2022-12-20,Second Class,CUST-1802,Penny Sanchez,Home Office,West,Colorado,Furniture,Shelving,Castillo Group Shelving,8,120.85,0.0,966.8,487.46,479.34
ORD-12886,2023-06-21,2023-06-22,Standard Class,CUST-2667,Michael Kennedy,Corporate,East,Texas,Technology,Phones,Mcpherson LLC Phones,9,1186.51,0.0,10678.59,7328.28,3350.31
ORD-12887,2021-06-29,2021-06-30,Second Class,CUST-2566,Gregory Collins,Home Office,North,Missouri,Technology,Laptops,Mosley-Copeland Laptops,4,1737.38,0.15,5907.09,4617.77,1289.32
ORD-12888,2021-09-01,2021-09-07,Same Day,CUST-2622,Jennifer Fernandez,Corporate,North,Nebraska,Office Supplies,Paper,Thomas Ltd Paper,9,34.46,0.0,310.14,186.79,123.35
ORD-12889,2022-04-28,2022-05-02,Standard Class,CUST-1456,Rebecca Parks,Consumer,North,Delaware,Furniture,Bookcases,Orr LLC Bookcases,3,354.85,0.1,958.1,630.76,327.34
ORD-12890,2021-04-09,2021-04-12,Standard Class,CUST-2225,Mark Roy,Corporate,North,Georgia,Office Supplies,Paper,Singh-Robinson Paper,2,33.2,0.1,59.76,44.86,14.9
ORD-12891,2023-10-10,2023-10-15,Second Class,CUST-2772,Teresa King,Home Office,North,Utah,Office Supplies,Envelopes,"Washington, Flynn and Brown Envelopes",2,24.75,0.0,49.5,33.51,15.99
ORD-12892,2021-04-13,2021-04-19,,CUST-1148,Kayla Gonzalez,Corporate,East,Texas,Furniture,Desks,Price-Carter Desks,9,577.42,0.05,4936.94,3629.25,1307.69
ORD-12893,2021-11-08,2021-11-15,Standard Class,CUST-1004,Crystal Palmer,Corporate,West,Minnesota,Technology,Phones,Robinson Group Phones,7,1096.48,0.2,6140.29,4349.24,1791.05
ORD-12894,2021-01-24,2021-01-27,First Class,CUST-2457,Dana Baldwin,Home Office,East,New Mexico,Technology,Tablets,"Terrell, Daugherty and Johnson Tablets",6,779.9,0.1,4211.46,2433.44,1778.02
ORD-12895,2023-12-01,2023-12-08,Standard Class,CUST-2207,Larry Watts,Home Office,West,Oklahoma,Furniture,Tables,Williams LLC Tables,1,363.76,0.0,363.76,231.57,132.19
ORD-12896,2022-07-08,2022-07-13,Same Day,CUST-2036,Madison Dean,Consumer,South,Alaska,Technology,Monitors,"Solis, Butler and Rosales Monitors",10,664.69,0.0,6646.9,4585.86,2061.04
ORD-12897,2021-10-02,2021-10-04,Same Day,CUST-2428,Michael Vega,Corporate,North,Georgia,Office Supplies,Paper,"Miller, Wall and Vaughan Paper",1,37.95,0.0,37.95,19.57,18.38
ORD-12898,2022-07-24,2022-07-27,First Class,CUST-1493,Michael Wallace,Home Office,North,Oregon,Furniture,Bookcases,Carter Ltd Bookcases,3,313.99,0.0,941.97,486.04,455.93
ORD-12899,2021-07-30,2021-08-01,Standard Class,CUST-1742,Kristine Martinez,Corporate,South,Idaho,Technology,Laptops,Jackson-Jones Laptops,6,1038.69,0.0,6232.14,3381.96,2850.18
ORD-12900,2021-12-08,2021-12-15,Same Day,CUST-2469,Victoria Brown,Consumer,South,Arkansas,Technology,Monitors,Brown Inc Monitors,1,502.91,0.05,477.76,284.5,193.26
ORD-12901,2023-06-05,2023-06-08,First Class,CUST-1013,Nicholas Bishop,Corporate,South,North Dakota,Office Supplies,Binders,Navarro-Williams Binders,3,12.29,0.0,36.87,21.04,15.83
ORD-12902,2021-04-01,2021-04-04,First Class,CUST-2827,Dr. Teresa Zimmerman,Corporate,North,Ohio,Technology,Printers,Hull Inc Printers,7,89.88,0.1,566.24,396.44,169.8
ORD-12903,2022-01-23,2022-01-30,First Class,CUST-2569,Courtney Bennett,Corporate,South,South Carolina,Office Supplies,Envelopes,"Bauer, Aguilar and Burke Envelopes",9,17.61,0.0,158.49,100.98,57.51
ORD-12904,2021-10-06,2021-10-10,Standard Class,CUST-2447,Daniel Rodriguez,Home Office,North,Ohio,Furniture,Bookcases,"Herrera, Wells and Hill Bookcases",8,442.33,0.1,3184.78,2068.77,1116.01
ORD-12905,2021-02-20,2021-02-27,Second Class,CUST-1195,Richard Ramirez,Corporate,West,Missouri,Office Supplies,Storage,"Morrison, Maldonado and Chung Storage",1,36.13,0.0,36.13,20.32,15.81
ORD-12906,2023-06-20,2023-06-25,Second Class,CUST-2075,William Glenn,Consumer,East,Arizona,Office Supplies,Pens & Pencils,Terry-Reyes Pens & Pencils,9,19.41,0.05,165.96,82.53,83.43
ORD-12907,2022-04-02,2022-04-08,Second Class,CUST-2695,Jennifer Johnson,Corporate,West,Pennsylvania,Technology,Tablets,"Mcknight, Manning and Crawford Tablets",10,269.8,0.05,2563.1,1655.71,907.39
ORD-12908,2022-11-03,2022-11-07,First Class,CUST-1024,Amy Reed,Home Office,South,Washington,Furniture,Bookcases,"Dixon, Stewart and Johnson Bookcases",8,431.82,0.15,2936.38,1691.47,1244.91
ORD-12909,2023-07-06,2023-07-07,Same Day,CUST-1770,Kathryn Delacruz,Consumer,West,New Jersey,Office Supplies,Storage,"Thompson, Kline and Pierce Storage",5,68.18,0.15,289.77,197.54,92.23
ORD-12910,2023-12-20,2023-12-22,Standard Class,CUST-1288,Bradley Garcia,Consumer,West,Florida,Furniture,Shelving,"Dillon, Murphy and Alexander Shelving",4,247.34,0.05,939.89,540.27,399.62
ORD-12911,2021-08-05,2021-08-12,Same Day,CUST-1390,Casey Moore,Home Office,North,South Dakota,Technology,Tablets,"Morris, Clarke and Smith Tablets",7,485.59,0.0,3399.13,2125.39,1273.74
ORD-12912,2022-09-07,2022-09-08,Standard Class,CUST-2120,Robert Baker,Home Office,North,Rhode Island,Office Supplies,Storage,"Todd, Smith and Washington Storage",7,51.89,0.2,290.58,198.26,92.32
ORD-12913,2023-08-01,2023-08-02,Standard Class,CUST-2872,James Avila,Consumer,West,Georgia,Furniture,Shelving,Bowman and Sons Shelving,9,271.29,0.2,1953.29,1645.57,307.72
ORD-12914,2022-08-10,2022-08-13,First Class,CUST-2642,William Clark,Corporate,South,California,Technology,Monitors,"Medina, Thompson and Ford Monitors",7,734.97,0.05,4887.55,3167.06,1720.49
ORD-12915,2022-04-04,2022-04-11,Second Class,CUST-1155,Alicia Young DVM,Home Office,North,West Virginia,Technology,Monitors,Ford-Johnson Monitors,8,280.34,0.5,1121.36,1447.3,-325.94
ORD-12916,2023-02-09,2023-02-14,Same Day,CUST-1240,Shannon Roberts,Home Office,North,Illinois,Office Supplies,Binders,Todd and Sons Binders,5,21.96,0.1,98.82,62.81,36.01
ORD-12917,2022-04-13,2022-04-14,Same Day,CUST-1730,Jose Crane,Home Office,West,Virginia,Furniture,Chairs,Cardenas and Sons Chairs,9,133.88,0.15,1024.18,569.78,454.4
ORD-12918,2023-07-07,2023-07-14,Second Class,CUST-2440,Danielle Flores,Consumer,South,Alabama,Office Supplies,Storage,Allen-Martinez Storage,1,10.52,0.0,10.52,6.12,4.4
ORD-12919,2023-04-29,2023-05-01,First Class,CUST-1780,Linda Mitchell,Corporate,South,Texas,Office Supplies,Pens & Pencils,Garcia-Graham Pens & Pencils,9,14.1,0.0,126.9,62.4,64.5
ORD-12920,2021-03-29,2021-03-30,Standard Class,CUST-1941,Nicole Long,Home Office,South,Hawaii,Office Supplies,Binders,Tran Group Binders,2,35.44,0.05,67.34,35.89,31.45
ORD-12921,2021-03-07,2021-03-09,Standard Class,CUST-2817,Keith Jones,Home Office,North,Kansas,Office Supplies,Paper,Lewis LLC Paper,3,17.4,0.0,52.2,32.14,20.06
ORD-12922,2023-08-12,2023-08-16,Second Class,CUST-1074,Laura Coffey,Home Office,East,Iowa,Furniture,Bookcases,Shields and Sons Bookcases,5,62.15,0.0,310.75,142.62,168.13
ORD-12923,2022-12-20,2022-12-22,,CUST-1055,Willie Bennett,Consumer,West,Louisiana,Office Supplies,Paper,Massey Ltd Paper,10,43.29,0.3,303.03,291.78,11.25
ORD-12924,2022-05-16,2022-05-17,First Class,CUST-1152,Janice Brown,Home Office,East,Montana,Furniture,Desks,"Powell, Morgan and Villanueva Desks",6,563.33,0.3,2365.99,1621.98,744.01
ORD-12925,2021-11-03,2021-11-06,Second Class,CUST-1191,Jeffrey Pierce,Home Office,South,Ohio,Technology,Monitors,Welch-Torres Monitors,3,316.0,0.0,948.0,631.56,316.44
ORD-12926,2023-11-26,2023-11-29,Standard Class,CUST-2239,Brian Williams,Consumer,East,Florida,Office Supplies,Labels,Estrada LLC Labels,7,13.37,0.0,93.59,51.1,42.49
ORD-12927,2023-01-09,2023-01-10,Same Day,CUST-2063,Mary Carrillo,Consumer,North,Nebraska,Furniture,Chairs,Davila-Mcbride Chairs,1,656.11,0.15,557.69,357.12,200.57
ORD-12928,2022-08-18,2022-08-22,First Class,CUST-1330,Amy Wolf,Consumer,North,Minnesota,Office Supplies,Storage,Scott LLC Storage,1,35.39,0.0,35.39,19.12,16.27
ORD-12929,2021-08-04,2021-08-09,Standard Class,CUST-1014,Tracey Gray,Corporate,North,Rhode Island,Furniture,Chairs,"Allen, Boyd and Rogers Chairs",10,705.48,0.0,7054.8,4898.74,2156.06
ORD-12930,2021-11-27,2021-12-01,Standard Class,CUST-2298,Patricia Myers,Corporate,North,California,Furniture,Chairs,"Jones, Simpson and Morales Chairs",6,778.35,0.0,4670.1,2968.99,1701.11
ORD-12931,2023-06-03,2023-06-06,First Class,CUST-2782,Jeanette Aguilar,Home Office,West,Oregon,Office Supplies,Storage,"Chavez, Guerrero and Ryan Storage",7,16.59,0.05,110.32,73.55,36.77
ORD-12932,2022-04-11,2022-04-15,Same Day,CUST-1582,Kenneth Jones,Corporate,West,Minnesota,Technology,Laptops,Hernandez and Sons Laptops,1,799.06,0.0,799.06,365.55,433.51
ORD-12933,2023-06-16,2023-06-19,Same Day,CUST-1607,Kimberly Morales DVM,Corporate,East,Utah,Office Supplies,Paper,"Johnson, Brown and Sanchez Paper",3,18.89,0.1,51.0,38.35,12.65
ORD-12934,2022-12-18,2022-12-21,Standard Class,CUST-1869,Holly Hampton,Corporate,South,Indiana,Office Supplies,Paper,"Brewer, Franklin and Thomas Paper",1,57.65,0.0,57.65,36.3,21.35
ORD-12935,2023-12-03,2023-12-05,Standard Class,CUST-2068,Joan Russell,Consumer,East,New York,Office Supplies,Envelopes,"Davis, Weaver and Wallace Envelopes",5,6.75,0.0,33.75,20.34,13.41
ORD-1302,2021-05-02,2021-05-09,Same Day,CUST-1743,William Hobbs,Consumer,East,South Carolina,Furniture,Tables,Brown-Bartlett Tables,8,1037.72,0.0,8301.76,3968.96,4332.8
ORD-12937,2021-02-27,2021-03-04,Same Day,CUST-2007,Matthew Schroeder,Corporate,East,Idaho,Office Supplies,Binders,"Gonzalez, Gomez and Thomas Binders",2,27.45,0.0,54.9,38.35,16.55
ORD-12938,2021-12-04,2021-12-09,Standard Class,CUST-1418,Adam Bennett,Consumer,West,California,Furniture,Chairs,Robertson-Gibson Chairs,4,158.9,0.3,444.92,373.31,71.61
ORD-12939,2021-05-05,2021-05-12,First Class,CUST-1791,Amy Montgomery,Corporate,West,West Virginia,Furniture,Chairs,Campbell-Lewis Chairs,9,101.57,0.0,914.13,436.29,477.84
ORD-12940,2022-12-24,2022-12-25,First Class,CUST-2775,David Olson,Corporate,South,Tennessee,Office Supplies,Storage,Cook-Perez Storage,9,28.18,0.15,215.58,149.32,66.26
ORD-12941,2023-11-20,2023-11-24,,CUST-1705,Kristin Lee,Home Office,East,Florida,Furniture,Shelving,Horn-Lee Shelving,6,186.84,0.0,1121.04,752.26,368.78
ORD-12942,2023-04-19,2023-04-22,Standard Class,CUST-2561,Christopher Cannon,Consumer,North,Louisiana,Technology,Printers,Smith-Kennedy Printers,3,203.98,0.0,611.94,419.0,192.94
ORD-12943,2021-01-31,2021-02-04,Standard Class,CUST-2503,Ronald Jackson,Home Office,South,Vermont,Office Supplies,Binders,Colon Inc Binders,4,22.61,0.15,76.87,48.36,28.51
ORD-12944,2023-04-03,2023-04-08,Same Day,CUST-1133,Suzanne Williams,Home Office,North,Texas,Technology,Monitors,"Mclaughlin, Hicks and Rogers Monitors",9,571.51,0.0,5143.59,2911.17,2232.42
ORD-12945,2022-08-24,2022-08-31,Standard Class,CUST-1568,Alicia Johnson,Consumer,West,New York,Furniture,Chairs,Allen Ltd Chairs,8,349.27,0.2,2235.33,1940.73,294.6
ORD-12946,2022-05-19,2022-05-20,Same Day,CUST-1650,Kelly Johnson,Home Office,East,Pennsylvania,Furniture,Chairs,"Robertson, White and Jones Chairs",4,809.49,0.05,3076.06,1978.0,1098.06
ORD-12947,2023-04-18,2023-04-20,Second Class,CUST-1342,Gina Carpenter,Corporate,South,Colorado,Office Supplies,Storage,Miller-Malone Storage,6,39.72,0.05,226.4,117.97,108.43
ORD-12948,2022-10-20,2022-10-26,Standard Class,CUST-2917,Hannah Rivera,Corporate,North,Montana,Office Supplies,Paper,"Douglas, Brown and Cole Paper",10,15.49,0.0,154.9,85.41,69.49
ORD-12949,2023-11-05,2023-11-09,Second Class,CUST-1175,Karla Carlson,Home Office,West,Massachusetts,Furniture,Desks,Hill LLC Desks,1,439.01,0.2,351.21,260.91,90.3
ORD-12950,2022-05-02,2022-05-06,Standard Class,CUST-2492,Drew Vaughan,Home Office,South,Idaho,Technology,Printers,Ramos Inc Printers,2,501.38,0.05,952.62,518.43,434.19
ORD-12951,2022-12-07,2022-12-14,First Class,CUST-2648,Martin Chase,Corporate,South,West Virginia,Office Supplies,Binders,Mcfarland and Sons Binders,2,22.76,0.0,45.52,21.34,24.18
ORD-12952,2023-08-03,2023-08-08,Second Class,CUST-1468,Stephanie Rose,Home Office,East,West Virginia,Office Supplies,Paper,Brewer and Sons Paper,5,8.6,0.0,43.0,21.55,21.45
ORD-12953,2022-02-02,2022-02-03,Same Day,CUST-2048,Sara Mayo,Home Office,East,Montana,Office Supplies,Paper,Ruiz-Oconnell Paper,6,20.43,0.2,98.06,69.01,29.05
ORD-12954,2022-07-04,2022-07-06,Standard Class,CUST-1610,Joshua Williams,Home Office,East,Kentucky,Furniture,Desks,"Anderson, Watson and Briggs Desks",4,544.98,0.0,2179.92,1333.63,846.29
ORD-12955,2022-06-26,2022-06-27,Standard Class,CUST-2538,Thomas Zavala,Home Office,South,Colorado,Office Supplies,Labels,"Chapman, Hicks and Boyer Labels",2,15.24,0.0,30.48,21.09,9.39
ORD-12956,2023-02-13,2023-02-14,Same Day,CUST-1936,Jason Gonzales,Consumer,West,Tennessee,Office Supplies,Pens & Pencils,Mccarthy-Allen Pens & Pencils,3,23.8,0.05,67.83,35.79,32.04
ORD-12957,2021-11-07,2021-11-12,Second Class,CUST-1014,Connie Kennedy,Corporate,East,Oregon,Technology,Laptops,"Lucas, Smith and Ross Laptops",4,966.67,0.1,3480.01,1869.25,1610.76
ORD-12958,2023-10-01,2023-10-05,Standard Class,CUST-1977,Kathryn Wood,Consumer,West,Oklahoma,Technology,Accessories,"Scott, Rios and Richards Accessories",9,42.09,0.15,321.99,208.52,113.47
ORD-12959,2023-09-26,2023-10-03,Second Class,CUST-2143,Carla Gonzalez,Consumer,East,Colorado,Furniture,Chairs,Ruiz Ltd Chairs,4,246.84,0.2,789.89,484.14,305.75
ORD-12960,2022-02-14,2022-02-18,Second Class,CUST-2334,Colleen Crawford,Consumer,South,Washington,Office Supplies,Binders,Brown Ltd Binders,3,27.39,0.0,82.17,40.57,41.6
ORD-12961,2021-01-30,2021-02-03,Standard Class,CUST-2404,Mr. Daniel Hernandez,Corporate,North,Texas,Furniture,Bookcases,Frank-Tran Bookcases,8,91.97,0.1,662.18,421.8,240.38
ORD-12962,2022-05-14,2022-05-18,Standard Class,CUST-2327,Tyrone Lopez,Home Office,East,Montana,Technology,Printers,"Moore, Watson and Harris Printers",4,441.31,0.05,1676.98,1019.75,657.23
ORD-12963,2023-11-25,2023-11-26,Second Class,CUST-1511,Terrence Griffith,Home Office,East,Rhode Island,Furniture,Shelving,Davis Ltd Shelving,1,98.06,0.15,83.35,59.97,23.38
ORD-12964,2022-09-08,2022-09-15,Second Class,CUST-2390,Pamela Mccall,Consumer,East,South Carolina,Technology,Phones,Gallegos LLC Phones,3,790.06,0.0,2370.18,1165.77,1204.41
ORD-12965,2022-07-27,2022-07-31,Same Day,CUST-1567,Jay Holloway,Home Office,North,Minnesota,Office Supplies,Envelopes,"Sanchez, Mcintyre and Gordon Envelopes",3,25.45,0.0,76.35,34.92,41.43
ORD-12966,2023-05-10,2023-05-12,Second Class,CUST-2031,Sheri Hernandez MD,Corporate,West,Maryland,Technology,Tablets,Silva-Gardner Tablets,1,726.79,0.0,726.79,429.14,297.65
ORD-12967,2021-09-24,2021-10-01,Standard Class,CUST-1051,Richard Peters,Home Office,West,Nevada,Technology,Monitors,Brewer PLC Monitors,9,762.21,0.05,6516.9,3466.59,3050.31
ORD-12968,2021-04-11,2021-04-15,Same Day,CUST-1152,Sharon Navarro,Home Office,West,New York,Technology,Tablets,"Adams, Rogers and Johnson Tablets",6,719.4,0.05,4100.58,2870.2,1230.38
ORD-12969,2023-01-31,2023-02-04,Second Class,CUST-2038,Kevin Leon,Corporate,East,Pennsylvania,Furniture,Shelving,"Cohen, Clark and Flores Shelving",4,105.26,0.3,294.73,239.53,55.2
ORD-12970,2022-07-21,2022-07-24,First Class,CUST-2097,Patricia Anderson,Home Office,South,Nevada,Technology,Printers,"Anderson, Powell and Rowland Printers",8,330.56,0.1,2380.03,1644.86,735.17
ORD-12971,2022-07-01,2022-07-04,Same Day,CUST-2735,Robert Edwards,Corporate,West,Wisconsin,Office Supplies,Pens & Pencils,Solomon-Washington Pens & Pencils,-10,9.18,0.2,73.44,44.31,29.13
ORD-12972,2021-05-27,2021-05-31,First Class,CUST-2971,Aaron Oneal,Consumer,West,California,Furniture,Chairs,Cox PLC Chairs,8,207.43,0.15,1410.52,990.57,419.95
ORD-12973,2021-03-05,2021-03-08,,CUST-2280,Stephen Buckley,Consumer,West,Minnesota,Furniture,Tables,Riggs-Smith Tables,3,407.49,0.05,1161.35,705.34,456.01
ORD-1423,2021-07-28,2021-08-02,Standard Class,CUST-1006,Mark Cannon,Corporate,South,Maine,Furniture,Shelving,"Wagner, Perez and Knapp Shelving",9,283.83,0.1,2299.02,1645.52,653.5
ORD-12975,2022-08-19,2022-08-21,Second Class,CUST-2817,Sara Smith,Corporate,East,Colorado,Furniture,Desks,"Wilkerson, Brooks and Porter Desks",4,846.26,0.0,3385.04,2195.49,1189.55
ORD-12976,2023-10-12,2023-10-18,Second Class,CUST-1698,Sharon Smith,Corporate,North,Arizona,Office Supplies,Pens & Pencils,Brown-Neal Pens & Pencils,8,10.39,0.0,,57.61,25.51
ORD-12977,2021-01-14,2021-01-21,First Class,CUST-1777,Christopher Berry,Consumer,West,Oklahoma,Office Supplies,Pens & Pencils,Black-Flores Pens & Pencils,9,13.01,0.1,105.38,69.44,35.94
ORD-12978,2022-08-24,2022-08-27,Same Day,CUST-1948,Karen Mueller,Home Office,North,Massachusetts,Furniture,Chairs,Roberts PLC Chairs,4,621.19,0.5,1242.38,1548.57,-306.19
ORD-12979,2022-11-04,2022-11-08,Same Day,CUST-1538,Tiffany Mcknight,Corporate,North,South Dakota,Furniture,Chairs,Fisher Inc Chairs,4,320.55,0.1,1153.98,889.56,264.42
ORD-12980,2022-09-28,2022-10-03,Second Class,CUST-2205,Nicole Klein,Corporate,West,Montana,Office Supplies,Labels,Morgan-Thompson Labels,3,5.43,0.0,16.29,9.56,6.73
ORD-12981,2021-02-10,2021-02-12,Standard Class,CUST-1626,Kimberly Williams,Home Office,West,Connecticut,Furniture,Chairs,"Turner, Smith and Lewis Chairs",2,528.32,0.05,1003.81,551.86,451.95
ORD-12982,2021-12-04,2021-12-06,Second Class,CUST-1426,Steven Olson,Consumer,East,Maryland,Office Supplies,Pens & Pencils,Tucker Group Pens & Pencils,7,4.42,0.0,30.94,18.66,12.28
ORD-12983,2022-10-25,2022-10-28,Second Class,CUST-2221,Dawn Long,Consumer,North,Oklahoma,Office Supplies,Binders,Freeman Group Binders,2,37.92,0.1,68.26,50.24,18.02
ORD-12984,2023-02-21,2023-02-27,Same Day,CUST-1914,Jessica Elliott,Home Office,South,Wyoming,Office Supplies,Binders,Hamilton Inc Binders,7,15.68,0.15,93.3,56.24,37.06
ORD-12985,2023-07-22,2023-07-26,First Class,CUST-2241,Stacey Roberts,Corporate,South,Maine,Office Supplies,Envelopes,"Gonzalez, Diaz and Torres Envelopes",6,4.99,0.0,29.94,16.46,13.48
ORD-12986,2023-05-14,2023-05-18,Same Day,CUST-2193,Jose Ferrell,Consumer,South,Michigan,Furniture,Desks,Cervantes and Sons Desks,3,891.46,0.0,2674.38,1256.67,1417.71
ORD-12987,2023-12-19,2023-12-21,First Class,CUST-1826,Brandi King,Home Office,East,South Carolina,Technology,Tablets,Powell-Parrish Tablets,5,348.73,0.1,1569.29,873.3,695.99
ORD-12988,2023-03-12,2023-03-17,Same Day,CUST-1980,John Lee,Home Office,West,Oregon,Technology,Monitors,"Perry, Waller and Ruiz Monitors",7,656.32,0.0,4594.24,2761.52,1832.72
ORD-12989,2022-08-08,2022-08-13,First Class,CUST-1596,David Liu,Corporate,West,Vermont,Technology,Tablets,Cox-Oconnell Tablets,5,743.39,0.0,3716.95,2365.73,1351.22
ORD-12990,2023-04-24,2023-04-25,First Class,CUST-1942,Randall Simmons,Home Office,South,Iowa,Office Supplies,Binders,Santos-Hernandez Binders,8,19.95,0.0,159.6,90.99,68.61
ORD-12991,2023-02-21,2023-02-28,Second Class,CUST-1344,Tina Hernandez,Home Office,North,South Dakota,Furniture,Tables,"Ryan, Clark and Gross Tables",-1,502.63,0.0,502.63,343.24,159.39
ORD-12992,2023-10-11,2023-10-15,Standard Class,CUST-1961,Lauren Johnson,Corporate,North,Connecticut,Technology,Printers,"Harris, Hurley and Phillips Printers",10,295.23,0.05,2804.68,1805.87,998.81
ORD-12993,2023-07-15,2023-07-22,Second Class,CUST-1979,Mandy Jones,Home Office,East,South Dakota,Technology,Monitors,Booker-Griffith Monitors,10,581.79,0.0,5817.9,3190.67,2627.23
ORD-12994,2023-04-13,2023-04-17,Same Day,CUST-2742,Dorothy Fowler,Home Office,West,Illinois,Furniture,Tables,"Farmer, Sherman and Shaw Tables",2,1243.97,0.1,2239.15,1370.39,868.76
ORD-12995,2021-10-19,2021-10-25,Standard Class,CUST-2402,Richard Williams,Home Office,West,Georgia,Technology,Phones,"Watson, Macias and Moore Phones",4,1102.04,0.1,3967.34,3017.88,949.46
ORD-12996,2022-10-03,2022-10-05,First Class,CUST-2956,Alyssa Carson,Consumer,East,Nevada,Office Supplies,Paper,Kirk and Sons Paper,7,38.55,0.0,269.85,151.96,117.89
ORD-12997,2021-03-06,2021-03-13,Second Class,CUST-2087,Michelle Stafford,Home Office,South,New Hampshire,Furniture,Bookcases,Galvan LLC Bookcases,3,186.4,0.0,559.2,327.25,231.95
ORD-12998,2023-03-01,2023-03-04,Second Class,CUST-1817,Linda Brady,Home Office,West,Mississippi,Office Supplies,Labels,"Koch, Nielsen and Campbell Labels",1,4.94,0.2,3.95,2.66,1.29
ORD-12999,2022-10-10,2022-10-12,Second Class,CUST-1557,Kayla Miller,Consumer,East,Rhode Island,Furniture,Tables,Walker Ltd Tables,1,946.16,0.2,756.93,611.61,145.32
ORD-13000,2021-07-10,2021-07-16,Same Day,CUST-2667,Susan Williams,Home Office,South,Nevada,Furniture,Tables,"Roberts, Fisher and Ryan Tables",5,571.33,0.1,2570.99,1982.56,588.43
ORD-13001,2022-07-03,2022-07-06,First Class,CUST-2972,Sara Griffith,Corporate,North,Illinois,Technology,Monitors,Diaz-Newton Monitors,6,329.27,0.0,1975.62,898.87,1076.75
ORD-13002,2021-05-14,2021-05-15,First Class,CUST-1129,Daniel Jones,Home Office,West,Oklahoma,Office Supplies,Envelopes,"Greene, Dixon and Davis Envelopes",3,21.05,0.2,50.52,34.96,15.56
ORD-13003,2023-01-12,2023-01-15,First Class,CUST-2675,Michael Scott,Home Office,North,Delaware,Technology,Accessories,Newton-Conner Accessories,7,35.28,0.0,246.96,137.56,109.4
ORD-13004,2023-11-17,2023-11-22,First Class,CUST-2839,Travis Riley,Home Office,North,Arizona,Technology,Tablets,Miller-Harris Tablets,7,332.29,0.0,2326.03,1076.84,1249.19
ORD-13005,2023-05-31,2023-06-02,First Class,CUST-2768,Bryan Kennedy,Corporate,North,Connecticut,Office Supplies,Envelopes,"Hays, Carter and Davidson Envelopes",6,8.67,0.5,26.01,27.87,-1.86
ORD-13006,2022-11-14,2022-11-21,First Class,CUST-1526,Sarah Jones,Consumer,West,Wyoming,Office Supplies,Envelopes,"Davis, Landry and Morse Envelopes",2,29.72,0.15,50.52,33.5,17.02
ORD-13007,2021-10-11,2021-10-17,First Class,CUST-2375,Vickie Brady,Corporate,East,Nevada,Furniture,Bookcases,"Rios, Frye and Lopez Bookcases",9,332.11,0.15,2540.64,1745.33,795.31
ORD-13008,2022-12-16,2022-12-23,Same Day,CUST-1900,Peter Garza,Consumer,East,Oregon,Office Supplies,Envelopes,Becker-Hicks Envelopes,3,12.49,0.0,37.47,22.71,14.76
ORD-13009,2022-05-28,2022-05-31,Second Class,CUST-2120,Thomas Baker,Consumer,East,West Virginia,Technology,Laptops,"Rodriguez, Kim and Wheeler Laptops",6,924.85,0.05,5271.65,3323.82,1947.83
ORD-13010,2021-04-08,2021-04-12,Second Class,CUST-2803,Zachary Gentry,Corporate,South,Utah,Office Supplies,Envelopes,Robinson Inc Envelopes,10,3.46,0.5,17.3,18.64,-1.34
ORD-13011,2021-11-22,2021-11-26,Second Class,CUST-2395,Michael Robinson,Corporate,East,New Jersey,Furniture,Chairs,"Lang, Vaughn and Parks Chairs",4,776.29,0.1,2794.64,1976.44,818.2
ORD-13012,2022-12-08,2022-12-14,First Class,CUST-1449,Timothy Conrad,Consumer,South,Kentucky,Furniture,Bookcases,Thompson-Chandler Bookcases,7,473.31,0.15,2816.19,1798.61,1017.58
ORD-13013,2023-11-08,2023-11-11,First Class,CUST-2086,Douglas Mejia,Consumer,North,Connecticut,Furniture,Shelving,Sawyer-Fuentes Shelving,4,240.95,0.0,963.8,563.7,400.1
ORD-13014,2021-01-25,2021-01-31,Second Class,CUST-2151,Joel Williams,Corporate,East,Maine,Furniture,Shelving,Vargas Inc Shelving,3,128.43,0.1,346.76,223.32,123.44
ORD-13015,2022-12-01,2022-12-08,Standard Class,CUST-2390,Sara Mccall,Home Office,West,Hawaii,Furniture,Shelving,Brown Group Shelving,9,262.87,0.0,2365.83,1510.4,855.43
ORD-13016,2022-11-04,2022-11-05,Same Day,CUST-1065,Lucas Kim,Home Office,South,New Jersey,Furniture,Tables,Anderson LLC Tables,4,124.89,0.2,399.65,281.25,118.4
ORD-13017,2022-03-03,2022-03-08,Standard Class,CUST-1531,Samantha Rich,Home Office,East,Arizona,Technology,Phones,Hodges-Carter Phones,3,541.4,0.0,1624.2,1129.17,495.03
ORD-13018,2021-01-27,2021-02-02,First Class,CUST-2175,Cindy Clay,Corporate,North,Montana,Office Supplies,Storage,"Page, Ray and Pratt Storage",3,23.31,0.0,69.93,45.09,24.84
ORD-13019,2022-01-04,2022-01-09,Second Class,CUST-2505,Brooke Vang,Corporate,East,Arizona,Furniture,Shelving,Ramos Ltd Shelving,1,234.74,0.0,234.74,134.29,100.45
ORD-13020,2022-03-27,2022-03-30,Same Day,CUST-1750,Daniel Lowe,Consumer,North,North Carolina,Technology,Phones,Roman-Sullivan Phones,7,282.55,0.0,1977.85,904.47,1073.38
ORD-13021,2023-12-11,2023-12-13,,CUST-2164,Kyle Willis,Consumer,North,West Virginia,Furniture,Desks,Mills PLC Desks,4,217.04,0.0,868.16,408.05,460.11
ORD-13022,2023-02-13,2023-02-14,First Class,CUST-2755,Stacey Snyder,Home Office,South,Mississippi,Office Supplies,Pens & Pencils,"West, Long and Anderson Pens & Pencils",7,3.6,0.2,20.16,11.58,8.58
ORD-13023,2022-07-30,2022-08-03,Same Day,CUST-2619,Beth Spence,Corporate,North,Delaware,Technology,Phones,Scott Group Phones,4,690.74,0.0,2762.96,1417.49,1345.47
ORD-13024,2021-08-30,2021-08-31,Second Class,CUST-2245,Peter Parker,Consumer,East,Pennsylvania,Office Supplies,Storage,Hernandez-Chavez Storage,4,77.16,0.0,308.64,148.32,160.32
ORD-13025,2023-03-12,2023-03-15,Standard Class,CUST-1877,Tony Herrera,Home Office,East,Mississippi,Office Supplies,Labels,"Gonzales, Hall and Mcdonald Labels",9,16.58,0.1,134.3,94.56,39.74
ORD-13026,2023-03-28,2023-04-03,,CUST-2296,Levi Lopez,Home Office,East,Georgia,Furniture,Bookcases,"Herrera, Chen and Jones Bookcases",6,260.0,0.0,1560.0,987.29,572.71
ORD-13027,2023-12-20,2023-12-23,Second Class,CUST-1644,Jonathan Pearson,Consumer,South,North Carolina,Office Supplies,Labels,White Inc Labels,1,19.59,0.15,16.65,13.43,3.22
ORD-13028,2021-12-23,2021-12-24,Second Class,CUST-1004,Darren Cruz,Consumer,South,Hawaii,Technology,Tablets,Hanson LLC Tablets,6,152.9,0.15,779.79,553.16,226.63
ORD-13029,2021-07-03,2021-07-07,Same Day,CUST-1165,Justin Lee,Consumer,West,Oregon,Office Supplies,Storage,Hensley-Frost Storage,5,34.47,0.0,172.35,111.59,60.76
ORD-13030,2021-12-25,2021-12-29,Second Class,CUST-2772,Brianna Frederick,Consumer,North,Wyoming,Technology,Accessories,Ball Group Accessories,4,38.33,0.15,130.32,99.72,30.6
ORD-13031,2021-12-07,2021-12-14,Same Day,CUST-1623,Stephen Flores,Home Office,South,Montana,Furniture,Bookcases,Cruz Inc Bookcases,1,303.49,0.05,288.32,142.57,145.75
ORD-13032,2023-04-09,2023-04-14,Standard Class,CUST-2843,Jennifer Miller,Consumer,West,Nebraska,Technology,Phones,Chambers PLC Phones,8,1181.57,0.2,7562.05,4506.55,3055.5
ORD-13033,2023-07-14,2023-07-15,Same Day,CUST-1013,Richard Sutton,Corporate,West,Kentucky,Office Supplies,Storage,Barr-Patel Storage,6,78.19,0.0,469.14,308.24,160.9
ORD-13034,2022-09-29,2022-10-03,Second Class,CUST-2302,Eric Hahn,Corporate,East,Mississippi,Furniture,Tables,"Robertson, Ramirez and Scott Tables",5,498.25,0.0,2491.25,1499.03,992.22
ORD-13035,2022-03-29,2022-04-04,Same Day,CUST-1794,Karen Perez,Home Office,West,Missouri,Technology,Printers,"King, Gaines and Weiss Printers",8,169.65,0.0,1357.2,885.99,471.21
ORD-13036,2021-02-04,2021-02-09,Standard Class,CUST-1126,Ashley Mckinney,Home Office,West,Pennsylvania,Technology,Monitors,Frazier Group Monitors,4,693.86,0.1,2497.9,1718.24,779.66
ORD-13037,2022-09-21,2022-09-25,Second Class,CUST-2469,Amanda Grant,Home Office,West,Maryland,Furniture,Chairs,Swanson-Allen Chairs,2,367.94,0.05,699.09,341.81,357.28
ORD-13038,2022-08-20,2022-08-21,Second Class,CUST-2399,Ashley Sweeney,Home Office,North,Vermont,Technology,Accessories,Miller-Holmes Accessories,10,22.81,0.3,159.67,147.0,12.67
ORD-13039,2022-01-31,2022-02-01,Same Day,CUST-1118,Colleen Watson,Corporate,North,Kentucky,Office Supplies,Binders,Martinez-Wright Binders,9,23.26,0.0,209.34,128.83,80.51
ORD-13040,2021-05-06,2021-05-12,Same Day,CUST-1907,Stephen Thompson,Home Office,South,Ohio,Furniture,Shelving,"Lee, Adams and Jones Shelving",4,96.02,0.0,384.08,214.62,169.46
ORD-13041,2023-10-03,2023-10-09,Same Day,CUST-1833,Brandon Perez,Corporate,West,Kansas,Office Supplies,Storage,Frank and Sons Storage,5,20.15,0.0,100.75,65.51,35.24
ORD-13042,2021-12-19,2021-12-24,First Class,CUST-2376,Tony Scott,Consumer,North,Missouri,Office Supplies,Binders,"Williams, Walker and Smith Binders",4,25.3,0.0,101.2,46.15,55.05
ORD-13043,2021-07-29,2021-08-05,Same Day,CUST-1196,Matthew Mata,Consumer,West,Maine,Furniture,Bookcases,Harris LLC Bookcases,9,213.32,0.15,1631.9,962.69,669.21
ORD-13044,2022-06-20,2022-06-24,Same Day,CUST-2740,Christopher Anderson,Consumer,East,Massachusetts,Office Supplies,Storage,"Wilson, Foster and Hawkins Storage",1,25.61,0.0,25.61,16.28,9.33
ORD-13045,2023-08-03,2023-08-04,Second Class,CUST-1294,Rhonda Scott,Home Office,East,California,Office Supplies,Labels,Robinson Inc Labels,6,9.22,0.3,38.72,30.02,8.7
ORD-13046,2023-06-20,2023-06-23,Standard Class,CUST-2955,Joseph Hebert,Consumer,West,Virginia,Office Supplies,Pens & Pencils,Thompson-Hopkins Pens & Pencils,1,16.78,0.1,15.1,9.04,6.06
ORD-13047,2021-04-06,2021-04-10,Second Class,CUST-1717,Benjamin Cohen,Home Office,East,Montana,Office Supplies,Storage,Andrade Inc Storage,8,31.87,0.05,242.21,143.81,98.4
ORD-13048,2021-09-01,2021-09-05,First Class,CUST-2802,Steven Mckinney,Corporate,South,Nebraska,Furniture,Desks,"Lopez, Brown and Cooper Desks",3,800.93,0.2,1922.23,1563.9,358.33
ORD-13049,2021-08-12,2021-08-13,First Class,CUST-2588,Bill Stevens,Corporate,South,Nevada,Office Supplies,Paper,Howell Inc Paper,6,31.8,0.0,190.8,116.61,74.19
ORD-13050,2021-01-17,2021-01-23,First Class,CUST-1150,Dr. Edward Jackson,Consumer,West,Virginia,Furniture,Chairs,"Peters, Villanueva and Ritter Chairs",10,596.07,0.05,5662.67,3102.14,2560.53
ORD-13051,2021-01-10,2021-01-17,First Class,CUST-1577,Anna Burgess,Corporate,West,Wyoming,Office Supplies,Envelopes,Parsons-Ramirez Envelopes,6,5.84,0.0,35.04,23.07,11.97
ORD-13052,2023-04-05,2023-04-08,Second Class,CUST-2564,Katherine Franklin,Corporate,East,Wisconsin,Furniture,Bookcases,"Harris, Pineda and Gray Bookcases",9,66.16,0.0,595.44,362.51,232.93
ORD-13053,2022-10-16,2022-10-21,First Class,CUST-1029,Scott Williams,Consumer,South,Rhode Island,Furniture,Bookcases,Lawrence-Whitaker Bookcases,10,74.49,0.0,744.9,412.67,332.23
ORD-13054,2021-02-22,2021-02-28,Standard Class,CUST-2573,Sean Robertson,Home Office,North,Arkansas,Furniture,Tables,Medina-Thompson Tables,3,561.94,0.5,842.91,912.47,-69.56
ORD-13055,2023-12-09,2023-12-15,Second Class,CUST-2483,Andrea Gibbs,Home Office,South,Ohio,Technology,Accessories,Cordova-Spencer Accessories,1,44.64,0.0,44.64,24.52,20.12
ORD-13056,2021-12-15,2021-12-17,Standard Class,CUST-1957,Jose Rodriguez,Corporate,West,Georgia,Technology,Monitors,"Randall, Martin and Figueroa Monitors",2,157.56,0.0,315.12,175.21,139.91
ORD-13057,2021-05-02,2021-05-06,Standard Class,CUST-2832,Jason Reed,Consumer,West,Texas,Technology,Laptops,Brown Inc Laptops,-2,1112.79,0.0,2225.58,1553.53,672.05
ORD-13058,2023-04-18,2023-04-20,First Class,CUST-1486,Lisa Williams,Corporate,South,New Mexico,Furniture,Desks,Gibson-Jones Desks,3,781.62,0.15,1993.13,1601.64,391.49
ORD-13059,2022-10-26,2022-10-29,Same Day,CUST-1288,Kimberly Smith,Home Office,South,Oklahoma,Furniture,Tables,Lynch-Russo Tables,10,396.32,0.15,3368.72,2050.29,1318.43
ORD-13060,2022-06-22,2022-06-26,Second Class,CUST-2671,Megan Christensen,Home Office,North,Tennessee,Technology,Printers,Mercer Group Printers,9,268.89,0.05,2299.01,1481.93,817.08
ORD-13061,2021-11-03,2021-11-08,Same Day,CUST-2198,Daryl Johnson,Home Office,North,North Carolina,Office Supplies,Paper,Blair-Morris Paper,1,41.44,0.0,41.44,18.84,22.6
ORD-13062,2023-11-07,2023-11-12,Second Class,CUST-1562,Susan Spence,Corporate,East,Georgia,Furniture,Shelving,Garner-Gordon Shelving,7,117.39,0.0,821.73,408.22,413.51
ORD-13063,2022-11-22,2022-11-29,Same Day,CUST-1990,Joseph Sanchez,Corporate,East,Georgia,Furniture,Chairs,Anderson-Davis Chairs,9,743.87,0.3,4686.38,3871.83,814.55
ORD-13064,2021-02-15,2021-02-19,Same Day,CUST-2696,Sarah Byrd,Consumer,North,South Carolina,Technology,Laptops,Reed Group Laptops,3,1406.84,0.0,4220.52,2469.07,1751.45
ORD-13065,2022-10-22,2022-10-26,Second Class,CUST-2858,Michelle Todd,Home Office,South,Kansas,Office Supplies,Storage,Weber Ltd Storage,2,66.15,0.05,125.69,81.28,44.41
ORD-13066,2023-05-20,2023-05-27,Standard Class,CUST-1212,Emma Finley,Corporate,North,Maryland,Office Supplies,Pens & Pencils,Davila-Freeman Pens & Pencils,6,24.87,0.2,119.38,87.56,31.82
ORD-13067,2021-01-10,2021-01-12,First Class,CUST-2171,Larry Tucker,Home Office,North,Hawaii,Technology,Monitors,Rice LLC Monitors,3,435.14,0.0,1305.42,808.83,496.59
ORD-13068,2023-08-27,2023-09-02,Same Day,CUST-1588,Michael Becker,Home Office,West,Wisconsin,Office Supplies,Envelopes,"Edwards, Wilson and Houston Envelopes",3,15.11,0.0,45.33,31.04,14.29
ORD-13069,2021-03-02,2021-03-07,Second Class,CUST-1116,Jennifer Perez,Consumer,West,South Carolina,Office Supplies,Pens & Pencils,Horton and Sons Pens & Pencils,4,12.54,0.3,35.11,24.23,10.88
ORD-13070,2021-10-03,2021-10-04,Standard Class,CUST-1031,William Martinez,Corporate,West,Washington,Technology,Printers,"Gonzales, Welch and Santos Printers",5,413.29,0.05,1963.13,1389.37,573.76
ORD-13071,2023-02-14,2023-02-17,Second Class,CUST-1731,Connor Freeman,Corporate,South,Florida,Office Supplies,Storage,"Moon, Green and Simon Storage",7,27.44,0.5,96.04,127.2,-31.16
ORD-13072,2023-02-27,2023-03-02,First Class,CUST-2075,Nicole Murphy DVM,Consumer,West,New Jersey,Office Supplies,Labels,Scott-Green Labels,6,9.45,0.3,39.69,39.07,0.62
ORD-13073,2022-06-27,2022-06-30,First Class,CUST-1910,Travis Long,Home Office,East,South Dakota,Office Supplies,Labels,Thomas Inc Labels,4,10.51,0.0,42.04,23.18,18.86
ORD-13074,2022-09-30,2022-10-03,First Class,CUST-1789,Andrew Mcknight,Consumer,South,Alabama,Technology,Tablets,Martin and Sons Tablets,9,322.58,0.0,2903.22,1806.84,1096.38
ORD-13075,2022-02-10,2022-02-15,Standard Class,CUST-1745,Samantha Garcia,Home Office,East,Hawaii,Office Supplies,Paper,Hubbard-Brown Paper,6,28.51,0.05,162.51,104.7,57.81
ORD-13076,2021-11-07,2021-11-10,Second Class,CUST-1942,Dr. Jonathan Delgado DVM,Corporate,North,Connecticut,Office Supplies,Labels,Gonzalez-Byrd Labels,3,7.03,0.05,20.04,14.4,5.64
ORD-13077,2023-02-16,2023-02-17,Same Day,CUST-2990,Ashley Dixon,Consumer,East,Wisconsin,Technology,Tablets,"Hernandez, Myers and Yang Tablets",2,153.78,0.1,276.8,201.29,75.51
ORD-13078,2022-02-25,2022-03-03,First Class,CUST-2427,Kelly Smith,Home Office,South,Delaware,Furniture,Desks,Greene and Sons Desks,5,582.34,0.0,2911.7,2037.33,874.37
ORD-13079,2022-10-10,2022-10-15,Same Day,CUST-1387,Robin Hodges,Consumer,West,Connecticut,Furniture,Shelving,Stone-Morales Shelving,7,148.66,0.05,988.59,567.94,420.65
ORD-13080,2022-10-20,2022-10-22,Standard Class,CUST-1859,Laura Hall,Consumer,East,Michigan,Furniture,Bookcases,Hernandez and Sons Bookcases,2,131.53,0.2,210.45,120.2,90.25
ORD-13081,2023-06-24,2023-06-28,First Class,CUST-2783,Michelle Foster,Consumer,South,Florida,Office Supplies,Envelopes,Alexander Ltd Envelopes,5,25.84,0.0,129.2,78.2,51.0
ORD-13082,2022-05-11,2022-05-14,Second Class,CUST-1350,Robert Howard,Home Office,South,Alaska,Office Supplies,Labels,Tucker Ltd Labels,1,3.63,0.0,3.63,2.11,1.52
ORD-13083,2022-12-13,2022-12-16,Standard Class,CUST-1208,Dorothy Schroeder,Corporate,South,Massachusetts,Furniture,Bookcases,Hansen-Cain Bookcases,3,204.22,0.0,612.66,303.44,309.22
ORD-13084,2023-04-24,2023-04-26,First Class,CUST-1315,Patrick Salinas,Consumer,North,Wisconsin,Furniture,Tables,Campos-Gonzalez Tables,4,492.59,0.0,1970.36,1140.01,830.35
ORD-13085,2023-09-20,2023-09-24,Standard Class,CUST-1425,Jeffrey Keller,Consumer,East,Nebraska,Office Supplies,Pens & Pencils,Becker PLC Pens & Pencils,1,16.58,0.0,16.58,7.47,9.11
ORD-13086,2023-04-07,2023-04-13,First Class,CUST-2359,Casey Mata,Corporate,North,New Mexico,Furniture,Tables,Ford PLC Tables,7,122.84,0.3,601.92,402.82,199.1
ORD-13087,2022-04-12,2022-04-15,First Class,CUST-1267,Jill Manning,Home Office,South,Nebraska,Technology,Printers,Davis and Sons Printers,6,158.39,0.1,855.31,654.92,200.39
ORD-13088,2021-04-16,2021-04-22,First Class,CUST-2479,Vincent Johnston,Consumer,East,Massachusetts,Furniture,Tables,Watts and Sons Tables,6,1393.72,0.0,8362.32,4117.34,4244.98
ORD-13089,2021-04-04,2021-04-11,First Class,CUST-1237,William Rodriguez,Consumer,North,South Dakota,Office Supplies,Envelopes,Johnson PLC Envelopes,3,15.71,0.0,47.13,31.77,15.36
ORD-13090,2022-07-03,2022-07-04,First Class,CUST-1766,Carol Bowers,Corporate,South,Indiana,Technology,Printers,Bailey Group Printers,9,270.1,0.2,1944.72,1194.26,750.46
ORD-13091,2022-06-18,2022-06-20,Standard Class,CUST-1608,Morgan Johnston,Home Office,West,North Carolina,Technology,Printers,Allison-Mccoy Printers,6,270.31,0.0,1621.86,792.21,829.65
ORD-13092,2023-12-11,2023-12-12,Second Class,CUST-2985,John Stevens,Consumer,West,Illinois,Furniture,Shelving,Wall-Gray Shelving,6,51.01,0.1,275.45,202.07,73.38
ORD-13093,2022-10-07,2022-10-08,First Class,CUST-1802,Stephen Estrada,Corporate,East,Montana,Furniture,Tables,Palmer-Hernandez Tables,5,121.34,0.0,606.7,342.02,264.68
ORD-13094,2021-09-30,2021-10-02,Same Day,CUST-1086,Connor Cochran,Corporate,South,Indiana,Furniture,Shelving,"Lopez, Black and Lowery Shelving",1,238.99,0.05,227.04,137.23,89.81
ORD-13095,2021-07-26,2021-08-01,Same Day,CUST-1495,Ricardo Odom,Corporate,North,Oregon,Technology,Laptops,Williams and Sons Laptops,2,1159.01,0.05,2202.12,1315.09,887.03
ORD-13096,2021-10-23,2021-10-25,Second Class,CUST-2753,Kara Reed,Consumer,East,Wyoming,Furniture,Chairs,Parks and Sons Chairs,3,773.01,0.15,1971.18,1106.65,864.53
ORD-13097,2021-12-16,2021-12-19,Second Class,CUST-2415,Karen Crawford,Consumer,North,South Carolina,Technology,Accessories,"Hooper, Garner and Schaefer Accessories",5,118.01,0.2,472.04,353.24,118.8
ORD-13098,2022-06-27,2022-07-03,Second Class,CUST-2200,Martin Baker,Corporate,North,Oklahoma,Technology,Laptops,Hammond-Garcia Laptops,3,735.11,0.0,2205.33,1362.94,842.39
ORD-13099,2023-04-22,2023-04-24,Standard Class,CUST-2426,Kim Moore,Home Office,East,Connecticut,Furniture,Desks,"Mccormick, Mclaughlin and Smith Desks",3,469.22,0.05,1337.28,804.02,533.26
ORD-13100,2022-03-18,2022-03-22,Same Day,CUST-2130,Amy Hamilton,Consumer,North,Delaware,Office Supplies,Envelopes,Wilson-Burgess Envelopes,7,16.18,0.0,113.26,77.41,35.85
ORD-13101,2022-01-20,2022-01-21,Second Class,CUST-1962,Christopher Smith,Home Office,South,Wyoming,Furniture,Tables,"White, Harper and Yang Tables",1,174.85,0.0,174.85,84.32,90.53
ORD-13102,2023-08-22,2023-08-28,First Class,CUST-2113,Rachael Irwin,Home Office,South,Minnesota,Office Supplies,Paper,"Jimenez, Walter and Ramsey Paper",4,31.94,0.0,127.76,76.6,51.16
ORD-13103,2021-11-25,2021-11-30,Second Class,CUST-2476,Mr. Cory Anderson,Consumer,South,Indiana,Furniture,Bookcases,Garcia-Allen Bookcases,9,145.47,0.0,1309.23,643.41,665.82
ORD-13104,2021-02-26,2021-03-05,Standard Class,CUST-2882,John Long,Consumer,North,Alaska,Furniture,Bookcases,"Payne, Sosa and Serrano Bookcases",3,137.7,0.0,413.1,236.02,177.08
ORD-13105,2023-06-26,2023-07-02,Second Class,CUST-2321,Lindsey Robertson,Home Office,South,Hawaii,Office Supplies,Pens & Pencils,Harris-Richards Pens & Pencils,5,3.71,0.0,18.55,10.06,8.49
ORD-13106,2022-01-23,2022-01-25,Second Class,CUST-1231,Angela Williams,Corporate,South,Arizona,Furniture,Desks,Mckee-Mercado Desks,6,1095.56,0.0,6573.36,3966.38,2606.98
ORD-13107,2021-02-14,2021-02-17,First Class,CUST-2308,Bruce Dixon,Home Office,East,West Virginia,Office Supplies,Labels,"Anthony, Bennett and Montoya Labels",4,16.74,0.0,66.96,31.47,35.49
ORD-13108,2021-09-22,2021-09-24,Second Class,CUST-1391,Mr. Daniel Williams DDS,Consumer,North,Idaho,Office Supplies,Labels,Gonzales-Lutz Labels,10,10.68,0.0,106.8,72.33,34.47
ORD-13109,2023-07-24,2023-07-27,First Class,CUST-1716,Karen Jenkins,Consumer,North,Louisiana,Office Supplies,Paper,"Rice, Berry and Howard Paper",2,35.78,0.05,67.98,37.53,30.45
ORD-13110,2023-02-20,2023-02-25,First Class,CUST-1938,Julie Benitez,Home Office,North,New Hampshire,Office Supplies,Labels,Rodriguez-Meyers Labels,6,6.49,0.3,27.26,23.73,3.53
ORD-13111,2021-08-15,2021-08-21,First Class,CUST-2790,Robert Ramos,Corporate,East,Massachusetts,Furniture,Desks,"Williams, Owens and Logan Desks",3,466.23,0.1,1258.82,665.53,593.29
ORD-13112,2023-11-06,2023-11-07,Same Day,CUST-2694,Robin Price,Corporate,North,North Dakota,Furniture,Tables,"Brown, Mccarty and Williams Tables",5,365.56,0.3,1279.46,1232.1,47.36
ORD-13113,2022-08-15,2022-08-22,Same Day,CUST-2464,Catherine Knight,Consumer,North,Maryland,Furniture,Bookcases,"Thompson, Rosales and Kelly Bookcases",5,310.11,0.0,1550.55,763.85,786.7
ORD-13114,2021-05-01,2021-05-07,Standard Class,CUST-2569,Mr. Lance Brown,Consumer,West,Virginia,Office Supplies,Pens & Pencils,Medina LLC Pens & Pencils,4,8.23,0.0,32.92,16.63,16.29
ORD-13115,2023-04-23,2023-04-28,Standard Class,CUST-2267,Nicole Pennington,Home Office,East,West Virginia,Technology,Printers,Shaffer Group Printers,5,157.67,0.0,788.35,520.96,267.39
ORD-13116,2023-04-03,2023-04-06,First Class,CUST-2124,Seth Richard,Corporate,North,Connecticut,Technology,Accessories,Wang Group Accessories,2,145.53,0.1,261.95,193.55,68.4
ORD-13117,2021-03-17,2021-03-21,Same Day,CUST-1942,Linda West,Home Office,North,New Jersey,Office Supplies,Storage,"Hammond, Mendoza and Adams Storage",7,55.54,0.0,388.78,259.42,129.36
ORD-13118,2023-03-14,2023-03-19,First Class,CUST-1214,Dana King,Consumer,West,New Hampshire,Furniture,Chairs,Green and Sons Chairs,1,680.02,0.0,680.02,307.58,372.44
ORD-13119,2021-05-07,2021-05-11,Standard Class,CUST-1146,Brent Herrera,Home Office,East,Pennsylvania,Office Supplies,Envelopes,"Bartlett, Howard and Lee Envelopes",1,18.83,0.0,18.83,11.57,7.26
ORD-13120,2021-06-25,2021-06-27,Same Day,CUST-2374,Elizabeth Lopez,Corporate,South,Texas,Furniture,Desks,George-Morton Desks,5,1199.11,0.05,5695.77,4029.27,1666.5
ORD-13121,2022-10-11,2022-10-12,First Class,CUST-1881,Brittany Lynch,Corporate,East,Maine,Technology,Laptops,Lee LLC Laptops,6,1721.0,0.15,8777.1,5972.47,2804.63
ORD-13122,2022-12-21,2022-12-22,Standard Class,CUST-1937,Brittany Wagner,Corporate,North,Michigan,Furniture,Chairs,"Acosta, Cohen and White Chairs",5,299.16,0.05,1421.01,680.97,740.04
ORD-13123,2023-06-09,2023-06-11,First Class,CUST-1197,Cindy Carr,Corporate,South,Wyoming,Furniture,Desks,James Group Desks,4,171.54,0.05,651.85,322.37,329.48
ORD-13124,2022-06-06,2022-06-12,Same Day,CUST-1650,Jason Davis,Corporate,South,Minnesota,Office Supplies,Labels,Meyer Group Labels,2,5.47,0.0,10.94,4.95,5.99
ORD-1148,2021-03-07,2021-03-12,Second Class,CUST-2666,Terry Martinez,Home Office,South,Louisiana,Technology,Accessories,"Vaughn, Rodriguez and Parrish Accessories",4,15.04,0.0,60.16,31.91,28.25
ORD-13126,2022-04-17,2022-04-24,Same Day,CUST-2376,Martin Ross,Consumer,South,West Virginia,Office Supplies,Paper,Sanders-Rodriguez Paper,7,35.18,0.1,221.63,118.72,102.91
ORD-13127,2021-08-23,2021-08-25,,CUST-1925,Michael Brown,Home Office,North,North Dakota,Technology,Tablets,Roberts Ltd Tablets,5,789.02,0.15,3353.34,2448.93,904.41
ORD-13128,2022-06-11,2022-06-16,First Class,CUST-2302,Robert Miller,Consumer,East,Alaska,Furniture,Desks,"Harris, Bailey and Craig Desks",3,827.94,0.05,2359.63,1326.01,1033.62
ORD-13129,2023-06-07,2023-06-13,Second Class,CUST-1895,Gregory Dunn,Corporate,North,Oregon,Furniture,Bookcases,Wright Group Bookcases,3,421.16,0.0,1263.48,736.78,526.7
ORD-13130,2021-02-09,2021-02-15,Same Day,CUST-2264,Brenda Weaver,Home Office,South,New Jersey,Technology,Laptops,Snow-Leach Laptops,3,1067.98,0.05,3043.74,1658.91,1384.83
ORD-13131,2022-04-02,2022-04-08,Second Class,CUST-2763,John Moreno,Consumer,South,Wyoming,Furniture,Tables,Harmon-Everett Tables,9,748.61,0.0,6737.49,3122.5,3614.99
ORD-13132,2023-03-01,2023-03-02,Second Class,CUST-1335,Jonathan Martinez,Consumer,North,Texas,Furniture,Chairs,"White, Becker and Liu Chairs",8,894.56,0.05,6798.66,4636.42,2162.24
ORD-13133,2021-04-29,2021-05-05,Same Day,CUST-2947,Norman Alvarado,Home Office,West,Indiana,Office Supplies,Binders,Cameron-Burnett Binders,6,24.82,0.1,134.03,99.55,34.48
ORD-13134,2022-01-05,2022-01-11,,CUST-1977,Ashley Christian,Corporate,West,Rhode Island,Technology,Laptops,Little-Miller Laptops,1,1791.2,0.05,1701.64,818.12,883.52
ORD-13135,2022-12-11,2022-12-12,Second Class,CUST-2316,Stephen Little,Corporate,West,Kentucky,Technology,Phones,"Lewis, Baker and Bates Phones",9,220.64,0.0,1985.76,1183.12,802.64
ORD-13136,2021-04-10,2021-04-16,,CUST-1088,Nathan Wilson,Corporate,South,Nevada,Technology,Accessories,"Hoffman, Silva and Garza Accessories",1,57.65,0.05,54.77,37.93,16.84
ORD-13137,2023-06-02,2023-06-05,First Class,CUST-2175,Brittany Moore,Home Office,East,Alaska,Office Supplies,Paper,Roberts-Smith Paper,10,43.05,0.1,387.45,297.41,90.04
ORD-13138,2021-03-28,2021-04-01,Standard Class,CUST-2561,Denise Sims,Home Office,North,Iowa,Technology,Monitors,"Hughes, Wheeler and Perez Monitors",7,345.94,0.0,2421.58,1450.66,970.92
ORD-13139,2021-07-11,2021-07-15,First Class,CUST-2957,John Sutton,Home Office,North,Washington,Furniture,Bookcases,Nguyen-Rivera Bookcases,9,328.97,0.0,2960.73,1507.76,1452.97
ORD-13140,2022-11-26,2022-12-02,Standard Class,CUST-1215,Mrs. Taylor Moore MD,Corporate,West,Virginia,Technology,Phones,"Romero, Wright and Johnson Phones",6,635.45,0.0,3812.7,2502.78,1309.92
ORD-13141,2023-03-18,2023-03-19,Standard Class,CUST-1120,Edward Owens,Consumer,West,Ohio,Office Supplies,Envelopes,Pope Group Envelopes,3,28.37,0.2,68.09,43.57,24.52
ORD-13142,2022-10-28,2022-10-29,Same Day,CUST-2354,Theresa Jones,Home Office,West,California,Office Supplies,Pens & Pencils,"Anderson, Smith and Nunez Pens & Pencils",8,14.77,0.15,100.44,78.38,22.06
ORD-13143,2021-02-22,2021-02-24,Second Class,CUST-1004,Jessica Best,Consumer,North,Tennessee,Office Supplies,Binders,"Jennings, Holmes and Garza Binders",3,25.14,0.0,75.42,44.23,31.19
ORD-13144,2023-04-10,2023-04-11,First Class,CUST-2181,Shawn Johnson,Corporate,East,Iowa,Technology,Accessories,Johnson-Raymond Accessories,1,30.06,0.05,28.56,19.63,8.93
ORD-13145,2023-03-23,2023-03-26,Standard Class,CUST-1098,Rebecca Bradley,Corporate,South,Colorado,Office Supplies,Envelopes,"Sullivan, Martinez and Montgomery Envelopes",6,17.05,0.0,102.3,58.79,43.51
ORD-13146,2023-08-13,2023-08-19,Second Class,CUST-1883,Daniel Allen,Consumer,North,Utah,Furniture,Bookcases,Henry-Marquez Bookcases,7,387.74,0.1,2442.76,1335.99,1106.77
ORD-13147,2023-04-25,2023-04-28,Second Class,CUST-2849,Peggy Patton,Consumer,East,Vermont,Office Supplies,Pens & Pencils,Garcia Group Pens & Pencils,1,19.95,0.0,19.95,10.49,9.46
ORD-13148,2023-07-11,2023-07-14,Second Class,CUST-2973,Jonathon Friedman,Consumer,North,Oregon,Office Supplies,Labels,Williams Inc Labels,7,11.13,0.2,62.33,48.08,14.25
ORD-13149,2022-04-05,2022-04-11,First Class,CUST-1474,Brett Thomas,Corporate,North,Mississippi,Technology,Monitors,Gonzalez PLC Monitors,9,555.82,0.0,5002.38,2531.03,2471.35
ORD-13150,2022-03-19,2022-03-20,Same Day,CUST-1522,Travis Cox,Consumer,North,Washington,Furniture,Chairs,"Martin, Gallegos and Landry Chairs",8,499.91,0.0,3999.28,2242.38,1756.9
ORD-13151,2023-03-30,2023-04-05,First Class,CUST-1142,Joshua Jones,Consumer,North,Wisconsin,Technology,Monitors,Walters-Schultz Monitors,10,364.13,0.0,3641.3,1823.07,1818.23
ORD-13152,2023-05-25,2023-06-01,Same Day,CUST-1912,Mary Rivera,Home Office,South,Pennsylvania,Office Supplies,Storage,"Clark, Harrison and Gonzalez Storage",1,38.23,0.15,32.5,17.39,15.11
ORD-13153,2022-11-07,2022-11-10,Second Class,CUST-2286,Adrian Kent,Home Office,East,Nebraska,Furniture,Bookcases,"Hernandez, Zimmerman and Christensen Bookcases",6,116.95,0.15,596.45,354.1,242.35
ORD-13154,2022-02-11,2022-02-17,Same Day,CUST-1798,Curtis Moon,Home Office,North,New York,Furniture,Bookcases,"Macias, Martin and Griffin Bookcases",1,335.44,0.1,301.9,225.05,76.85
ORD-13155,2022-11-09,2022-11-11,Standard Class,CUST-2827,Nicholas Nguyen,Consumer,North,Hawaii,Furniture,Chairs,"Perez, Miller and Smith Chairs",5,899.14,0.05,4270.91,2822.33,1448.58
ORD-13156,2023-12-16,2023-12-22,Standard Class,CUST-1046,Ashley Bryant,Consumer,East,North Carolina,Office Supplies,Envelopes,Vazquez LLC Envelopes,1,28.26,0.0,28.26,18.34,9.92
ORD-13157,2023-12-17,2023-12-19,First Class,CUST-1515,Sandra Evans,Corporate,East,Virginia,Technology,Tablets,"Fisher, Lee and Randall Tablets",4,612.01,0.2,1958.43,1144.73,813.7
ORD-13158,2021-10-24,2021-10-27,Same Day,CUST-1631,Roy Lopez,Consumer,South,Oklahoma,Technology,Tablets,"Jones, Gill and Hendricks Tablets",8,285.68,0.05,2171.17,1433.25,737.92
ORD-13159,2022-11-13,2022-11-16,Same Day,CUST-1389,Brian Lewis,Home Office,East,Indiana,Technology,Monitors,Ellis PLC Monitors,-1,596.12,0.1,536.51,334.91,201.6
ORD-13160,2023-03-08,2023-03-09,Same Day,CUST-1966,John Conner,Corporate,North,New Mexico,Office Supplies,Envelopes,Ward-Clark Envelopes,7,20.07,0.1,126.44,70.56,55.88
ORD-13161,2023-11-08,2023-11-15,Same Day,CUST-2967,Linda Sanders,Home Office,East,Kentucky,Office Supplies,Paper,"Wright, Bartlett and Williams Paper",4,50.7,0.0,202.8,123.77,79.03
ORD-13162,2023-10-12,2023-10-16,Second Class,CUST-1139,Christine Long,Corporate,West,Florida,Furniture,Desks,Flores and Sons Desks,9,558.23,0.0,5024.07,3116.42,1907.65
ORD-13163,2021-05-06,2021-05-13,First Class,CUST-1844,Bradley Alexander,Home Office,South,Connecticut,Technology,Laptops,Shaffer-Perez Laptops,5,1289.64,0.1,5803.38,4071.55,1731.83
ORD-13164,2023-08-29,2023-09-02,Second Class,CUST-1000,Brian Woodward,Consumer,South,Vermont,Furniture,Bookcases,Griffin Group Bookcases,7,467.98,0.15,2784.48,2263.8,520.68
ORD-13165,2021-09-19,2021-09-24,Same Day,CUST-2676,Anne Wood,Corporate,West,Louisiana,Office Supplies,Storage,Oconnor LLC Storage,5,63.33,0.0,316.65,212.0,104.65
ORD-13166,2022-06-14,2022-06-15,Same Day,CUST-2298,Francisco King,Home Office,South,California,Office Supplies,Binders,Gardner Inc Binders,7,24.09,0.0,168.63,86.5,82.13
ORD-13167,2021-04-11,2021-04-18,First Class,CUST-1679,Elizabeth Hickman,Corporate,East,Missouri,Furniture,Tables,Ryan Group Tables,6,618.52,0.0,3711.12,1827.27,1883.85
ORD-13168,2023-08-18,2023-08-22,Standard Class,CUST-1336,Nathan Singleton,Corporate,North,Rhode Island,Office Supplies,Storage,"Allen, Gonzales and Coleman Storage",4,35.06,0.05,133.23,82.82,50.41
ORD-13169,2023-11-27,2023-11-29,Same Day,CUST-2593,Peter Smith,Corporate,South,Delaware,Office Supplies,Binders,Nelson and Sons Binders,6,21.92,0.2,105.22,87.99,17.23
ORD-13170,2021-12-28,2022-01-04,Second Class,CUST-2837,Andrew Hayes,Corporate,North,Indiana,Technology,Monitors,Wilson-Castillo Monitors,10,767.23,0.1,6905.07,4048.54,2856.53
ORD-13171,2022-02-13,2022-02-20,Standard Class,CUST-1998,Heather Meyer,Consumer,East,Delaware,Office Supplies,Envelopes,Klein and Sons Envelopes,9,14.46,0.0,130.14,73.25,56.89
ORD-13172,2022-12-01,2022-12-05,Same Day,CUST-1321,Lisa Little,Consumer,West,West Virginia,Office Supplies,Storage,"Gonzalez, Price and Clay Storage",6,17.25,0.0,103.5,60.47,43.03
ORD-13173,2022-03-18,2022-03-19,Same Day,CUST-1814,William Anderson,Corporate,West,Iowa,Technology,Phones,"Perry, Johnston and Heath Phones",2,1132.41,0.0,2264.82,1184.37,1080.45
ORD-13174,2021-12-19,2021-12-25,Same Day,CUST-1639,Leslie Gonzalez,Corporate,South,Massachusetts,Furniture,Chairs,"Clark, Rivera and Boyd Chairs",5,427.84,0.1,1925.28,1456.01,469.27
ORD-13175,2021-07-08,2021-07-14,Same Day,CUST-1735,Jason Rosario,Corporate,South,Wisconsin,Technology,Printers,"Dean, Rowland and Hill Printers",9,336.9,0.0,3032.1,2002.78,1029.32
ORD-13176,2021-02-23,2021-03-02,Second Class,CUST-1143,Jonathan Moss,Consumer,West,North Carolina,Office Supplies,Storage,Wagner-Jackson Storage,3,47.57,0.0,142.71,66.19,76.52
ORD-13177,2022-10-07,2022-10-12,Standard Class,CUST-2942,Jesus Rivera,Consumer,North,Colorado,Technology,Printers,Walker LLC Printers,3,257.38,0.5,386.07,414.23,-28.16
ORD-13178,2023-08-25,2023-08-31,Same Day,CUST-1404,Elizabeth Jones,Consumer,South,South Carolina,Furniture,Bookcases,Kennedy-Reed Bookcases,2,97.07,0.15,165.02,108.47,56.55
ORD-13179,2022-12-16,2022-12-19,Second Class,CUST-2968,Gabrielle White,Corporate,South,Minnesota,Technology,Phones,Murillo-Dixon Phones,5,1101.74,0.0,5508.7,2886.54,2622.16
ORD-13180,2023-04-07,2023-04-11,Standard Class,CUST-1141,Gary Daniel,Corporate,East,Delaware,Technology,Accessories,Smith-Henry Accessories,3,138.56,0.15,353.33,285.57,67.76
ORD-13181,2021-09-15,2021-09-18,Standard Class,CUST-1137,Casey Raymond,Corporate,South,Arkansas,Furniture,Tables,"Brown, Flores and Clark Tables",4,770.29,0.0,3081.16,1796.98,1284.18
ORD-13182,2023-05-09,2023-05-15,Second Class,CUST-2370,David Moore,Corporate,East,South Dakota,Office Supplies,Pens & Pencils,Boyd-Wood Pens & Pencils,4,10.53,0.15,35.8,23.52,12.28
ORD-13183,2023-07-08,2023-07-15,Second Class,CUST-1055,Eric Gilbert,Corporate,North,Tennessee,Furniture,Shelving,"Ramos, Kramer and Jensen Shelving",1,267.85,0.1,241.07,173.03,68.04
ORD-13184,2021-12-25,2021-12-28,Second Class,CUST-2315,Mark Smith,Home Office,East,Nebraska,Office Supplies,Binders,"Gonzalez, King and Wilkinson Binders",10,35.1,0.0,351.0,165.81,185.19
ORD-13185,2021-09-01,2021-09-02,Second Class,CUST-2047,Cameron Matthews,Consumer,South,Arkansas,Technology,Phones,Smith-Horton Phones,8,802.05,0.05,6095.58,3102.96,2992.62
ORD-13186,2023-10-01,2023-10-05,First Class,CUST-2540,Charles Hines,Consumer,West,Colorado,Furniture,Shelving,Day-Boone Shelving,1,268.88,0.0,268.88,184.2,84.68
ORD-1995,2022-07-08,2022-07-15,Standard Class,CUST-2646,Samantha Walker,Home Office,South,Texas,Furniture,Chairs,Arellano-Carter Chairs,1,859.02,0.0,859.02,456.73,402.29
ORD-13188,2021-08-09,2021-08-10,Same Day,CUST-2176,Matthew Houston,Corporate,South,Hawaii,Technology,Printers,"Horton, Bennett and Garcia Printers",4,189.84,0.0,759.36,376.98,382.38
ORD-13189,2021-04-07,2021-04-12,Same Day,CUST-1599,Penny Fuller,Consumer,West,California,Furniture,Chairs,Tucker LLC Chairs,8,702.03,0.05,5335.43,3921.34,1414.09
ORD-13190,2022-02-22,2022-03-01,First Class,CUST-1055,Jeffrey Hart,Consumer,West,Alaska,Furniture,Tables,Orr and Sons Tables,10,557.45,0.0,5574.5,2930.28,2644.22
ORD-13191,2023-02-28,2023-03-03,Second Class,CUST-2293,Dylan Gonzalez,Consumer,East,Ohio,Furniture,Chairs,"Myers, Harmon and Tran Chairs",2,168.08,0.0,336.16,186.26,149.9
ORD-13192,2022-11-17,2022-11-19,Standard Class,CUST-2620,Mr. Scott Johnston,Consumer,East,Rhode Island,Furniture,Tables,Williams-Jones Tables,1,406.45,0.0,406.45,220.66,185.79
ORD-13193,2021-02-05,2021-02-12,First Class,CUST-2014,Jennifer Martinez,Consumer,East,Utah,Technology,Monitors,Oliver PLC Monitors,6,745.79,0.3,3132.32,3129.58,2.74
ORD-13194,2022-03-07,2022-03-09,Standard Class,CUST-1681,Joshua Cook,Home Office,West,Montana,Office Supplies,Pens & Pencils,Gill Inc Pens & Pencils,6,14.68,0.0,88.08,52.19,35.89
ORD-13195,2021-05-31,2021-06-06,Standard Class,CUST-2019,Rodney Baker,Corporate,North,Kentucky,Furniture,Bookcases,Rodriguez-Long Bookcases,10,103.89,0.0,1038.9,528.4,510.5
ORD-13196,2022-06-19,2022-06-25,Same Day,CUST-1295,Ivan Lawrence,Home Office,North,Vermont,Furniture,Bookcases,Robinson Inc Bookcases,9,128.28,0.2,923.62,726.23,197.39
ORD-13197,2021-04-03,2021-04-05,First Class,CUST-1965,Mary Lopez,Consumer,North,Kentucky,Technology,Tablets,Turner Group Tablets,9,589.98,0.05,5044.33,3439.13,1605.2
ORD-13198,2021-05-07,2021-05-11,First Class,CUST-2128,Kevin Moran,Consumer,South,Rhode Island,Technology,Laptops,"Jenkins, Clark and Torres Laptops",9,1115.51,0.15,8533.65,5032.98,3500.67
ORD-1058,2021-07-26,2021-07-28,First Class,CUST-1153,Ryan Rowland,Corporate,North,Indiana,Office Supplies,Paper,Cardenas-Willis Paper,6,44.75,0.1,241.65,170.74,70.91
ORD-13200,2021-10-04,2021-10-10,Standard Class,CUST-2894,Jessica Drake,Consumer,North,Arkansas,Technology,Laptops,"Taylor, Burgess and Thornton Laptops",9,1955.68,0.15,14960.95,11312.94,3648.01
ORD-13201,2022-10-24,2022-10-31,Second Class,CUST-1550,Mark Harrison,Consumer,South,New Jersey,Furniture,Shelving,Robinson LLC Shelving,6,113.95,0.0,683.7,373.5,310.2
ORD-13202,2021-10-26,2021-10-31,Second Class,CUST-1883,Elizabeth Moran,Consumer,North,Maryland,Furniture,Shelving,"Mcbride, Miller and Walsh Shelving",1,180.94,0.0,180.94,86.9,94.04
ORD-13203,2021-10-05,2021-10-11,Standard Class,CUST-1252,Matthew Mercer,Corporate,West,Nebraska,Technology,Printers,"Bell, Wright and Boyer Printers",4,347.86,0.0,1391.44,886.85,504.59
ORD-1065,2022-03-01,2022-03-03,Standard Class,CUST-1859,Mallory Walters,Corporate,West,Georgia,Furniture,Shelving,"Smith, Jones and Harris Shelving",2,117.63,0.2,188.21,115.55,72.66
ORD-13205,2022-01-29,2022-02-02,Second Class,CUST-1493,Patrick Hill,Corporate,East,Oklahoma,Office Supplies,Pens & Pencils,Hernandez PLC Pens & Pencils,7,16.39,0.1,103.26,72.48,30.78
ORD-13206,2021-01-28,2021-01-31,Standard Class,CUST-2259,Edward Alexander,Home Office,East,California,Office Supplies,Binders,Rodriguez-Edwards Binders,9,9.48,0.0,85.32,42.65,42.67
ORD-13207,2021-06-25,2021-06-26,First Class,CUST-1956,John Proctor,Corporate,North,Arkansas,Technology,Tablets,Young Inc Tablets,7,566.7,0.05,3768.56,2272.87,1495.69
ORD-13208,2022-10-01,2022-10-06,Standard Class,CUST-1753,Susan Garcia,Consumer,West,Utah,Technology,Printers,Lee-Ferguson Printers,6,383.16,0.1,2069.06,1227.73,841.33
ORD-13209,2023-12-11,2023-12-15,Second Class,CUST-2160,Dan Murray,Home Office,North,South Carolina,Office Supplies,Binders,Monroe and Sons Binders,3,26.2,0.0,78.6,38.15,40.45
ORD-13210,2021-08-06,2021-08-12,Same Day,CUST-1298,William Meadows,Consumer,East,North Dakota,Furniture,Desks,Higgins Inc Desks,3,124.74,0.05,355.51,204.32,151.19
ORD-13211,2023-02-17,2023-02-19,Second Class,CUST-1447,Lisa Burns,Consumer,South,Wisconsin,Furniture,Bookcases,"Delacruz, Ward and Fisher Bookcases",9,430.04,0.1,3483.32,2092.8,1390.52
ORD-13212,2022-01-14,2022-01-15,First Class,CUST-1979,Jason Lee,Home Office,North,Rhode Island,Office Supplies,Paper,"King, Ayers and Jones Paper",1,17.08,0.0,17.08,11.24,5.84
ORD-13213,2021-09-17,2021-09-21,Same Day,CUST-1955,Joshua Taylor,Corporate,West,Tennessee,Office Supplies,Pens & Pencils,"Hawkins, Martin and Mueller Pens & Pencils",10,17.27,0.0,172.7,78.73,93.97
ORD-13214,2022-09-19,2022-09-20,First Class,CUST-2749,Jessica Smith,Corporate,West,Wisconsin,Furniture,Shelving,"Hill, Wilson and Thompson Shelving",9,231.37,0.2,1665.86,1245.05,420.81
ORD-13215,2023-11-03,2023-11-04,Same Day,CUST-2865,Alicia Ramirez,Consumer,East,Utah,Office Supplies,Labels,"Howell, Quinn and Phillips Labels",8,13.21,0.0,105.68,62.48,43.2
ORD-13216,2023-09-18,2023-09-25,Standard Class,CUST-1577,Kathleen Burns,Consumer,South,Oklahoma,Office Supplies,Pens & Pencils,Bryant-Grant Pens & Pencils,6,3.1,0.05,,12.48,5.19
ORD-13217,2022-09-16,2022-09-18,Second Class,CUST-3000,Jill Black,Consumer,West,Texas,Furniture,Bookcases,Freeman-Martinez Bookcases,4,470.05,0.0,1880.2,1105.51,774.69
ORD-13218,2021-08-23,2021-08-24,Same Day,CUST-2469,Nancy Parker,Home Office,East,Hawaii,Office Supplies,Envelopes,Webb PLC Envelopes,8,26.29,0.0,210.32,96.73,113.59
ORD-13219,2023-10-11,2023-10-12,Second Class,CUST-2888,Jaime Lewis,Home Office,West,Illinois,Technology,Laptops,Smith-Marks Laptops,8,764.79,0.05,5812.4,4150.52,1661.88
ORD-13220,2022-08-08,2022-08-14,First Class,CUST-1422,April Adams,Corporate,North,Virginia,Technology,Monitors,Miller-Sullivan Monitors,3,451.76,0.0,1355.28,782.5,572.78
ORD-13221,2023-07-31,2023-08-06,,CUST-2677,Scott Castaneda,Corporate,East,Washington,Office Supplies,Storage,"Williams, Ford and Carson Storage",8,55.29,0.0,442.32,238.52,203.8
ORD-13222,2021-12-15,2021-12-18,First Class,CUST-2244,Christopher Russell,Consumer,West,Hawaii,Furniture,Bookcases,"Gill, Jones and Flores Bookcases",1,182.8,0.0,182.8,109.79,73.01
ORD-13223,2021-06-05,2021-06-09,Same Day,CUST-2003,Dylan Flores,Home Office,West,Florida,Office Supplies,Storage,"Booth, Case and Graham Storage",5,76.98,0.0,384.9,225.03,159.87
ORD-13224,2023-02-07,2023-02-13,Same Day,CUST-2416,Corey Waters,Consumer,North,Connecticut,Furniture,Desks,Weiss LLC Desks,8,425.43,0.0,3403.44,2161.91,1241.53
ORD-13225,2022-03-14,2022-03-21,First Class,CUST-2790,Jeffrey Gray,Home Office,East,Maryland,Furniture,Shelving,"Barton, Taylor and Carrillo Shelving",9,255.68,0.0,2301.12,1105.06,1196.06
ORD-13226,2021-05-05,2021-05-09,,CUST-2704,Stephen Richardson,Corporate,East,Oregon,Office Supplies,Envelopes,Richmond Inc Envelopes,8,14.83,0.05,112.71,76.63,36.08
ORD-13227,2022-12-21,2022-12-26,First Class,CUST-2176,Faith Wood,Home Office,East,Minnesota,Office Supplies,Binders,Cole Ltd Binders,1,3.99,0.0,3.99,2.27,1.72
ORD-13228,2023-10-18,2023-10-22,Second Class,CUST-1882,Samantha Perkins,Corporate,South,Illinois,Office Supplies,Storage,Hendrix Inc Storage,5,58.35,0.0,291.75,192.42,99.33
ORD-13229,2021-10-04,2021-10-11,Second Class,CUST-1105,Amber Townsend,Corporate,North,Montana,Furniture,Tables,"Griffin, Richmond and Villa Tables",3,545.09,0.1,1471.74,799.01,672.73
ORD-13230,2021-08-07,2021-08-13,Same Day,CUST-1096,Eric Adams,Home Office,West,Mississippi,Technology,Phones,Michael and Sons Phones,10,492.57,0.0,4925.7,3095.89,1829.81
ORD-13231,2022-12-03,2022-12-07,Second Class,CUST-1399,Dennis Wright,Consumer,North,Oregon,Office Supplies,Binders,"Smith, Rodriguez and Massey Binders",6,19.25,0.0,115.5,73.19,42.31
ORD-13232,2022-11-19,2022-11-24,Same Day,CUST-1719,William Watts,Consumer,South,Arizona,Office Supplies,Envelopes,Morgan-Saunders Envelopes,6,3.03,0.0,18.18,8.7,9.48
ORD-13233,2021-12-16,2021-12-17,Standard Class,CUST-1827,Luis Rosales,Home Office,North,Virginia,Office Supplies,Pens & Pencils,"Thompson, Yang and Jarvis Pens & Pencils",5,15.35,0.0,76.75,49.79,26.96
ORD-13234,2023-08-13,2023-08-16,Standard Class,CUST-2208,Kelsey Gould,Consumer,West,Virginia,Office Supplies,Paper,Wade-Johnson Paper,7,57.12,0.0,399.84,191.91,207.93
ORD-13235,2021-03-09,2021-03-13,Second Class,CUST-1444,Kristen Morris,Consumer,North,Georgia,Technology,Printers,"Mercado, Sloan and Jennings Printers",6,351.97,0.0,2111.82,1044.37,1067.45
ORD-13236,2023-03-31,2023-04-04,First Class,CUST-2490,Matthew Rowe,Corporate,North,Pennsylvania,Office Supplies,Storage,Hill-Smith Storage,3,21.79,0.05,62.1,38.67,23.43
ORD-13237,2023-11-23,2023-11-24,Second Class,CUST-1423,Bryan Harris,Consumer,East,West Virginia,Technology,Phones,"Best, Shields and Hernandez Phones",8,973.75,0.1,7011.0,4991.4,2019.6
ORD-13238,2022-03-07,2022-03-11,First Class,CUST-1586,Carla Holloway,Home Office,North,Rhode Island,Technology,Accessories,Pruitt and Sons Accessories,3,140.8,0.3,295.68,207.44,88.24
ORD-13239,2022-07-25,2022-08-01,Same Day,CUST-1346,Tanya Cohen,Corporate,North,Louisiana,Office Supplies,Envelopes,"Morales, Pacheco and Sanders Envelopes",3,9.54,0.0,28.62,15.81,12.81
ORD-13240,2023-08-19,2023-08-20,Second Class,CUST-1609,Marcia Hall,Home Office,West,Wyoming,Office Supplies,Envelopes,Anderson-Berry Envelopes,6,23.08,0.05,131.56,82.67,48.89
ORD-13241,2023-05-26,2023-06-01,Standard Class,CUST-1751,Shannon Burgess,Corporate,East,South Carolina,Technology,Accessories,Orr Inc Accessories,1,63.97,0.0,63.97,44.22,19.75
ORD-13242,2023-07-28,2023-07-29,Standard Class,CUST-1846,Shannon Montgomery,Consumer,South,Massachusetts,Technology,Tablets,"Graham, Fitzpatrick and Mercado Tablets",5,636.35,0.0,3181.75,1956.96,1224.79
ORD-13243,2021-01-20,2021-01-23,First Class,CUST-1731,Crystal Newton,Consumer,North,Oklahoma,Office Supplies,Binders,Boyd-Cole Binders,5,39.27,0.0,196.35,128.04,68.31
ORD-13244,2023-04-08,2023-04-12,Second Class,CUST-1157,Christian Miller,Corporate,East,Delaware,Furniture,Shelving,Myers LLC Shelving,7,48.16,0.0,337.12,167.39,169.73
ORD-13245,2021-10-13,2021-10-20,Standard Class,CUST-2242,Jesse Leach,Consumer,East,Nebraska,Technology,Monitors,Davis-Wagner Monitors,3,410.73,0.1,1108.97,644.18,464.79
ORD-13246,2023-10-01,2023-10-05,Same Day,CUST-1327,Michael Martinez,Home Office,East,Maryland,Technology,Tablets,Ramos-Lawrence Tablets,9,317.21,0.0,2854.89,1563.24,1291.65
ORD-13247,2022-03-19,2022-03-21,Same Day,CUST-2052,Andrea Ballard,Consumer,South,Rhode Island,Office Supplies,Labels,Carpenter Group Labels,9,18.17,0.3,114.47,94.02,20.45
ORD-13248,2023-04-12,2023-04-16,Second Class,CUST-2934,Jimmy Marsh,Consumer,West,Kentucky,Office Supplies,Labels,Garza Group Labels,2,5.93,0.0,11.86,6.57,5.29
ORD-13249,2022-02-18,2022-02-24,Second Class,CUST-1575,Renee Nguyen,Corporate,North,Mississippi,Furniture,Bookcases,Sutton-Murphy Bookcases,4,243.52,0.0,974.08,527.12,446.96
ORD-13250,2022-03-19,2022-03-26,Standard Class,CUST-1361,Pamela Jones,Corporate,South,North Dakota,Furniture,Desks,Day-Lopez Desks,4,716.35,0.2,2292.32,1778.13,514.19
ORD-13251,2021-11-20,2021-11-24,First Class,CUST-1257,Stephanie Wright,Home Office,South,Mississippi,Furniture,Desks,Vargas PLC Desks,7,793.95,0.5,2778.83,2956.29,-177.46
ORD-13252,2023-08-24,2023-08-26,Second Class,CUST-2601,Vicki Mcclain,Home Office,East,Oklahoma,Furniture,Desks,Rodriguez and Sons Desks,10,1133.88,0.2,9071.04,5186.87,3884.17
ORD-13253,2021-03-05,2021-03-10,Standard Class,CUST-1538,James Hill,Consumer,South,Alabama,Furniture,Shelving,Sims-Butler Shelving,7,67.25,0.2,376.6,271.41,105.19
ORD-13254,2023-09-19,2023-09-22,First Class,CUST-2000,Gregory Cowan,Consumer,South,Minnesota,Technology,Phones,"Johnson, Garcia and Powell Phones",8,923.18,0.0,7385.44,3557.98,3827.46
ORD-13255,2021-07-17,2021-07-21,First Class,CUST-2591,Andrew Briggs,Consumer,West,New Jersey,Furniture,Tables,"Harris, Carpenter and Huerta Tables",3,367.64,0.0,1102.92,584.57,518.35
ORD-13256,2021-12-22,2021-12-29,Standard Class,CUST-2604,Patricia Hooper,Corporate,North,Wyoming,Office Supplies,Pens & Pencils,Williams Group Pens & Pencils,7,4.22,0.0,29.54,17.33,12.21
ORD-13257,2023-08-09,2023-08-12,,CUST-1831,Jessica Phillips,Corporate,East,Texas,Technology,Monitors,Rogers and Sons Monitors,7,585.8,0.15,3485.51,2194.87,1290.64
ORD-13258,2022-01-31,2022-02-06,Second Class,CUST-1178,Suzanne Jackson,Home Office,East,Ohio,Office Supplies,Paper,Edwards-Hernandez Paper,2,58.69,0.05,111.51,66.13,45.38
ORD-13259,2023-11-08,2023-11-11,Same Day,CUST-2986,Jesus Johnson,Corporate,West,Louisiana,Office Supplies,Pens & Pencils,Mccullough LLC Pens & Pencils,1,23.31,0.15,19.81,14.36,5.45
ORD-13260,2023-04-25,2023-04-30,Standard Class,CUST-1376,Ms. Tanya Reed DDS,Consumer,South,Florida,Furniture,Tables,"Hayes, Stewart and Morales Tables",6,1015.35,0.0,6092.1,3650.61,2441.49
ORD-13261,2022-04-26,2022-04-30,First Class,CUST-1403,Antonio Henson,Home Office,East,Minnesota,Office Supplies,Pens & Pencils,Davis-Coleman Pens & Pencils,10,24.62,0.1,221.58,162.96,58.62
ORD-13262,2022-07-14,2022-07-16,Same Day,CUST-1380,Christopher Scott,Home Office,East,Colorado,Technology,Printers,Smith-Cox Printers,7,395.69,0.0,2769.83,1775.43,994.4
ORD-13263,2021-02-27,2021-03-01,Standard Class,CUST-1929,David Thompson,Corporate,North,New Jersey,Technology,Accessories,Gilbert and Sons Accessories,10,25.08,0.15,213.18,167.65,45.53
ORD-1753,2021-12-11,2021-12-15,First Class,CUST-1424,Christina Freeman,Home Office,East,Virginia,Technology,Accessories,"Simmons, Brown and Hogan Accessories",6,34.73,0.05,197.96,104.49,93.47
ORD-13265,2023-06-20,2023-06-21,First Class,CUST-2978,Anthony Foley,Consumer,West,Washington,Technology,Monitors,Francis PLC Monitors,7,388.37,0.1,2446.73,1267.84,1178.89
ORD-13266,2022-03-09,2022-03-11,First Class,CUST-2935,Cynthia Davis,Consumer,East,North Dakota,Technology,Monitors,Freeman PLC Monitors,5,719.78,0.0,3598.9,2398.08,1200.82
ORD-13267,2021-09-30,2021-10-05,Second Class,CUST-2486,Alyssa Curry,Corporate,East,Maine,Office Supplies,Paper,Wright LLC Paper,7,31.66,0.05,210.54,150.87,59.67
ORD-13268,2021-07-24,2021-07-31,Standard Class,CUST-2990,Michael Wallace,Consumer,West,Arizona,Furniture,Chairs,Singh-Kelley Chairs,9,222.45,0.2,1601.64,1109.95,491.69
ORD-13269,2022-11-25,2022-11-26,First Class,CUST-2979,Luis Lewis,Corporate,North,Kentucky,Furniture,Desks,Lee-Davis Desks,5,506.06,0.05,2403.78,1600.19,803.59
ORD-13270,2022-07-13,2022-07-15,Standard Class,CUST-1991,Ryan Holt,Home Office,South,Georgia,Technology,Phones,Potter-Morris Phones,5,665.95,0.15,2830.29,1507.42,1322.87
ORD-13271,2023-02-07,2023-02-09,Same Day,CUST-1928,Heather Salinas,Home Office,East,New Mexico,Office Supplies,Storage,Love-Black Storage,8,15.48,0.1,111.46,84.04,27.42
ORD-13272,2021-04-18,2021-04-21,Same Day,CUST-2255,Jorge Williams,Consumer,North,Tennessee,Technology,Accessories,Lee Ltd Accessories,10,106.25,0.1,956.25,515.53,440.72
ORD-13273,2023-02-28,2023-03-06,Same Day,CUST-1029,Denise Evans,Consumer,South,Delaware,Furniture,Chairs,Schaefer Ltd Chairs,8,608.79,0.05,4626.8,3031.19,1595.61
ORD-13274,2023-06-09,2023-06-10,Standard Class,CUST-2731,Jennifer Greene,Home Office,East,Kansas,Furniture,Bookcases,Odonnell Ltd Bookcases,2,211.59,0.0,423.18,279.08,144.1
ORD-13275,2021-04-28,2021-05-03,First Class,CUST-1728,Sherri Miller,Home Office,North,Florida,Technology,Monitors,Mason-Young Monitors,8,602.25,0.0,4818.0,2698.09,2119.91
ORD-13276,2023-12-07,2023-12-09,First Class,CUST-1304,Megan Gonzalez,Home Office,West,Kentucky,Furniture,Bookcases,Carson and Sons Bookcases,7,232.62,0.1,1465.51,798.08,667.43
ORD-13277,2023-08-07,2023-08-14,First Class,CUST-1741,Ryan Brooks,Home Office,West,Delaware,Office Supplies,Labels,Hernandez and Sons Labels,5,5.89,0.0,29.45,14.05,15.4
ORD-13278,2022-02-06,2022-02-10,First Class,CUST-1198,Marilyn Wright,Consumer,West,Alabama,Furniture,Shelving,Wise-Juarez Shelving,6,78.49,0.1,423.85,293.43,130.42
ORD-13279,2022-07-06,2022-07-09,First Class,CUST-2163,Tiffany Williams,Home Office,East,Kansas,Technology,Phones,Robertson Ltd Phones,4,570.91,0.3,1598.55,1139.12,459.43
ORD-13280,2021-11-05,2021-11-10,Standard Class,CUST-1566,Melvin Richmond II,Consumer,West,Florida,Furniture,Desks,Sullivan Inc Desks,9,767.61,0.0,6908.49,4371.37,2537.12
ORD-13281,2022-06-24,2022-06-26,First Class,CUST-1634,Elizabeth Reed,Home Office,North,Rhode Island,Furniture,Desks,Duncan Ltd Desks,10,870.89,0.0,8708.9,5453.54,3255.36
ORD-13282,2021-02-16,2021-02-23,First Class,CUST-2416,Jamie Bryant,Corporate,West,Kentucky,Furniture,Tables,"Harris, Mcclain and Rosario Tables",7,758.4,0.0,5308.8,2432.75,2876.05
ORD-13283,2023-06-24,2023-06-29,Second Class,CUST-1157,Benjamin James,Home Office,North,New Jersey,Technology,Monitors,Wolf Group Monitors,8,426.14,0.0,3409.12,1920.0,1489.12
ORD-13284,2023-09-26,2023-09-28,Standard Class,CUST-1574,Michelle May,Corporate,North,Hawaii,Furniture,Chairs,Henry Ltd Chairs,6,404.09,0.1,2182.09,1262.55,919.54
ORD-13285,2021-10-12,2021-10-13,Standard Class,CUST-1180,Amanda Hubbard,Home Office,South,South Carolina,Office Supplies,Envelopes,Ryan PLC Envelopes,2,4.13,0.1,7.43,4.88,2.55
ORD-13286,2023-07-02,2023-07-04,Standard Class,CUST-1711,Joseph Anderson,Corporate,East,Wisconsin,Furniture,Chairs,Collins Group Chairs,10,83.59,0.1,752.31,429.8,322.51
ORD-13287,2022-12-08,2022-12-12,,CUST-1771,Laura Johnson,Home Office,East,Washington,Technology,Monitors,Wells Inc Monitors,4,511.19,0.1,1840.28,1388.01,452.27
ORD-13288,2022-09-22,2022-09-28,Second Class,CUST-2168,Robert Jones,Consumer,South,Indiana,Office Supplies,Binders,Goodwin Ltd Binders,4,33.51,0.0,134.04,88.83,45.21
ORD-13289,2021-04-11,2021-04-15,Second Class,CUST-2354,Mitchell Peck,Home Office,East,Maryland,Furniture,Bookcases,Wallace Ltd Bookcases,1,307.04,0.05,291.69,170.58,121.11
ORD-13290,2022-02-03,2022-02-05,Standard Class,CUST-1478,Lynn Nguyen,Home Office,North,Hawaii,Furniture,Chairs,Green-Yates Chairs,10,245.1,0.0,2451.0,1521.37,929.63
ORD-13291,2021-02-04,2021-02-08,Second Class,CUST-2969,David Moses,Consumer,North,Arkansas,Furniture,Tables,"Bowen, Johnson and Thomas Tables",3,273.22,0.15,696.71,447.31,249.4
ORD-13292,2021-05-05,2021-05-07,Standard Class,CUST-2109,Ashley Thompson,Home Office,South,Missouri,Furniture,Tables,Coffey Inc Tables,9,756.6,0.0,6809.4,4678.36,2131.04
ORD-13293,2022-05-07,2022-05-14,First Class,CUST-2350,Robert Allen,Consumer,North,Michigan,Office Supplies,Labels,"Smith, Gentry and Pineda Labels",1,14.24,0.15,12.1,9.55,2.55
ORD-13294,2023-03-15,2023-03-17,Second Class,CUST-1321,Chelsea Oconnor,Consumer,East,California,Furniture,Desks,Ruiz and Sons Desks,8,483.55,0.1,3481.56,2287.74,1193.82
ORD-13295,2021-04-01,2021-04-06,Standard Class,CUST-2274,Katherine Williams,Home Office,East,Kentucky,Furniture,Desks,"Grimes, Keller and Ramsey Desks",2,163.34,0.0,326.68,147.82,178.86
ORD-13296,2021-07-03,2021-07-04,Second Class,CUST-1463,Alexandra Greene,Consumer,South,Nevada,Office Supplies,Binders,Grimes-Hampton Binders,7,22.28,0.05,148.16,95.1,53.06
ORD-13297,2021-12-31,2022-01-06,First Class,CUST-2067,Jonathan Williams,Home Office,South,Maryland,Furniture,Desks,Rodriguez-Chase Desks,6,589.11,0.15,3004.46,1636.96,1367.5
ORD-13298,2021-08-18,2021-08-24,Standard Class,CUST-2893,Christopher Molina,Home Office,East,Alaska,Technology,Tablets,Yang Group Tablets,6,385.43,0.1,2081.32,1433.86,647.46
ORD-1277,2021-08-03,2021-08-10,Second Class,CUST-2752,Scott Johnson,Corporate,North,Iowa,Furniture,Bookcases,"Lawrence, Myers and Martin Bookcases",5,193.2,0.05,917.7,448.45,469.25
ORD-13300,2022-12-07,2022-12-14,First Class,CUST-2222,Juan Martinez,Home Office,South,Kentucky,Technology,Accessories,Johnson-Mays Accessories,2,28.85,0.1,51.93,26.75,25.18
ORD-13301,2023-09-24,2023-09-26,Standard Class,CUST-1307,Tabitha Wade,Home Office,West,Arizona,Furniture,Chairs,"Rodriguez, Yang and Horton Chairs",4,101.36,0.0,405.44,205.72,199.72
ORD-13302,2021-04-25,2021-05-01,Standard Class,CUST-1873,William Garcia,Home Office,South,Virginia,Technology,Tablets,Morrison and Sons Tablets,8,372.02,0.0,2976.16,1498.95,1477.21
ORD-13303,2021-12-23,2021-12-24,Same Day,CUST-1855,Joseph Gordon,Consumer,North,Nebraska,Technology,Accessories,"Lara, Dodson and Ryan Accessories",3,13.23,0.0,39.69,26.15,13.54
ORD-13304,2023-03-26,2023-03-29,Second Class,CUST-2954,Karen Bentley,Consumer,East,Tennessee,Technology,Monitors,Contreras Ltd Monitors,10,377.17,0.2,3017.36,2590.18,427.18
ORD-13305,2023-06-19,2023-06-23,First Class,CUST-2558,Michael Dyer,Home Office,South,New Hampshire,Furniture,Chairs,Turner-Jackson Chairs,10,558.44,0.0,5584.4,3795.38,1789.02
ORD-13306,2023-01-04,2023-01-10,First Class,CUST-2480,Barbara Foster,Consumer,East,New York,Office Supplies,Storage,"Blair, Miller and Thomas Storage",9,75.46,0.0,679.14,379.8,299.34
ORD-13307,2023-04-27,2023-04-30,Same Day,CUST-1766,Anthony Meyers,Home Office,North,New Mexico,Technology,Tablets,"Bradley, Gallagher and Gibbs Tablets",6,414.44,0.3,1740.65,1600.21,140.44
ORD-13308,2023-02-13,2023-02-18,First Class,CUST-2736,Alicia Mcmillan,Home Office,North,Nebraska,Office Supplies,Labels,Reed-Bowman Labels,6,4.47,0.0,26.82,14.92,11.9
ORD-13309,2022-01-11,2022-01-16,Second Class,CUST-1209,Marco Bond,Corporate,South,Tennessee,Office Supplies,Envelopes,Edwards-Crawford Envelopes,1,13.73,0.1,12.36,8.86,3.5
ORD-13310,2022-04-05,2022-04-10,Second Class,CUST-2376,Kyle Cole,Home Office,East,Minnesota,Office Supplies,Pens & Pencils,Hill LLC Pens & Pencils,-3,2.0,0.0,6.0,2.86,3.14
ORD-13311,2022-08-25,2022-08-30,First Class,CUST-1965,Timothy Stevenson,Home Office,North,New Mexico,Office Supplies,Envelopes,"Murray, King and Brooks Envelopes",3,25.14,0.2,60.34,35.75,24.59
ORD-13312,2022-04-03,2022-04-09,Second Class,CUST-2024,Paige Johnson,Home Office,East,Washington,Office Supplies,Envelopes,Swanson and Sons Envelopes,10,5.63,0.3,39.41,33.02,6.39
ORD-13313,2022-12-15,2022-12-22,Standard Class,CUST-1695,Kelly Brown,Consumer,South,Arkansas,Furniture,Shelving,"Williams, Herrera and Smith Shelving",10,203.1,0.1,1827.9,1090.37,737.53
ORD-13314,2022-09-11,2022-09-18,Standard Class,CUST-1129,Jennifer Mcclure,Consumer,North,Wisconsin,Furniture,Tables,"Carey, Matthews and Garcia Tables",6,1020.14,0.0,6120.84,2891.81,3229.03
ORD-13315,2021-04-21,2021-04-24,,CUST-2538,David Key,Corporate,West,Texas,Office Supplies,Labels,"Stuart, Howe and Mercado Labels",4,9.62,0.0,38.48,24.22,14.26
ORD-13316,2023-10-03,2023-10-06,Standard Class,CUST-2865,James Evans,Home Office,East,Michigan,Furniture,Chairs,Perez-Nelson Chairs,8,587.13,0.2,3757.63,2941.35,816.28
ORD-1521,2021-07-03,2021-07-08,Second Class,CUST-2944,Melissa Roberts,Corporate,East,Arkansas,Office Supplies,Labels,Jimenez Group Labels,3,15.24,0.0,45.72,30.92,14.8
ORD-13318,2021-09-02,2021-09-05,First Class,CUST-1098,Scott Kennedy,Home Office,South,Minnesota,Office Supplies,Labels,Bryant-Carter Labels,8,2.65,0.05,20.14,11.52,8.62
ORD-13319,2023-02-16,2023-02-22,Same Day,CUST-2396,Larry Velez,Corporate,North,Indiana,Office Supplies,Pens & Pencils,"Hicks, James and Smith Pens & Pencils",8,21.2,0.5,84.8,100.88,-16.08
ORD-13320,2022-02-24,2022-02-28,Standard Class,CUST-2590,Ashley Knox,Corporate,East,Louisiana,Furniture,Tables,David-Gardner Tables,2,930.01,0.0,1860.02,1089.03,770.99
ORD-13321,2021-08-15,2021-08-22,Second Class,CUST-2375,Eric Pittman,Corporate,North,Indiana,Furniture,Desks,Lawrence Group Desks,1,632.82,0.1,569.54,350.56,218.98
ORD-13322,2021-06-07,2021-06-13,Standard Class,CUST-2562,Jeanne Lee,Corporate,East,Wisconsin,Office Supplies,Paper,Lee Group Paper,3,51.8,0.0,155.4,78.68,76.72
ORD-13323,2022-12-10,2022-12-16,First Class,CUST-1976,Veronica Davis,Corporate,East,North Dakota,Furniture,Tables,Hodges-Reeves Tables,6,925.28,0.3,3886.18,3720.75,165.43
ORD-13324,2023-11-23,2023-11-24,Same Day,CUST-2751,Paige Swanson,Home Office,North,Texas,Furniture,Chairs,Jacobs-Huff Chairs,9,279.05,0.1,2260.31,1201.1,1059.21
ORD-13325,2022-04-27,2022-04-29,Second Class,CUST-1905,Michael Schmidt,Consumer,West,Washington,Technology,Accessories,"Wall, Phillips and Mcclure Accessories",8,42.27,0.05,321.25,160.1,161.15
ORD-13326,2021-03-25,2021-04-01,Second Class,CUST-2382,Tiffany Rivera,Consumer,South,Massachusetts,Technology,Monitors,Ford Inc Monitors,8,517.25,0.15,3517.3,2364.16,1153.14
ORD-13327,2022-05-05,2022-05-12,First Class,CUST-2054,David Johnson,Home Office,North,Arkansas,Furniture,Chairs,Thomas-Schmidt Chairs,3,761.04,0.0,2283.12,1403.44,879.68
ORD-13328,2022-11-29,2022-12-04,First Class,CUST-2601,Laura Cuevas,Home Office,South,South Carolina,Office Supplies,Pens & Pencils,Skinner LLC Pens & Pencils,8,15.48,0.0,123.84,76.43,47.41
ORD-13329,2022-04-03,2022-04-10,Standard Class,CUST-2012,Bryan Collins,Corporate,East,Virginia,Furniture,Bookcases,Morris Ltd Bookcases,5,132.19,0.1,594.86,426.51,168.35
ORD-13330,2021-07-06,2021-07-10,Same Day,CUST-1711,Manuel Rodriguez,Home Office,North,Indiana,Technology,Printers,"Nelson, Garrison and Ochoa Printers",1,98.16,0.15,83.44,52.32,31.12
ORD-13331,2023-09-24,2023-09-29,First Class,CUST-1589,Andrea Werner,Corporate,South,Wyoming,Technology,Phones,Byrd and Sons Phones,3,700.83,0.0,2102.49,1268.43,834.06
ORD-13332,2021-08-05,2021-08-12,Second Class,CUST-2719,Aaron Jones,Home Office,West,South Dakota,Technology,Laptops,"Flynn, Lee and Hughes Laptops",8,1139.53,0.0,,4414.32,4701.92
ORD-13333,2022-05-18,2022-05-24,Second Class,CUST-1205,Patty Freeman,Consumer,South,New Hampshire,Office Supplies,Pens & Pencils,"Anderson, Hicks and Lane Pens & Pencils",6,18.54,0.1,100.12,53.61,46.51
ORD-13334,2021-06-19,2021-06-26,First Class,CUST-2926,Julie Bailey,Home Office,East,Nebraska,Office Supplies,Pens & Pencils,Little-Brock Pens & Pencils,7,23.25,0.05,154.61,78.63,75.98
ORD-13335,2021-10-28,2021-11-03,Second Class,CUST-2002,Amanda Evans,Corporate,East,North Carolina,Office Supplies,Pens & Pencils,Banks-Bell Pens & Pencils,10,17.38,0.0,173.8,98.47,75.33
ORD-13336,2022-10-29,2022-10-30,Standard Class,CUST-1624,Patrick Brown,Corporate,East,Louisiana,Technology,Accessories,Cain Inc Accessories,6,25.09,0.0,150.54,98.35,52.19
ORD-13337,2023-11-13,2023-11-18,Second Class,CUST-1776,Kimberly Johnson,Corporate,North,Nebraska,Office Supplies,Pens & Pencils,Mendez LLC Pens & Pencils,5,13.89,0.1,62.51,40.14,22.37
ORD-13338,2021-06-06,2021-06-08,Same Day,CUST-2591,Eric Thompson,Corporate,West,Nebraska,Furniture,Shelving,Maxwell-Jones Shelving,1,99.63,0.0,99.63,52.15,47.48
ORD-13339,2021-09-07,2021-09-10,Second Class,CUST-1527,Kelly Sawyer,Consumer,South,Indiana,Office Supplies,Pens & Pencils,Rodriguez-Robertson Pens & Pencils,10,14.12,0.0,141.2,98.72,42.48
ORD-13340,2022-01-05,2022-01-07,Standard Class,CUST-2871,Janice Green,Consumer,North,Connecticut,Office Supplies,Paper,"Banks, Figueroa and Kirby Paper",9,44.41,0.1,359.72,227.3,132.42
ORD-13341,2023-05-30,2023-06-01,Same Day,CUST-2893,Michaela Walters,Home Office,West,Minnesota,Office Supplies,Pens & Pencils,Shah-Green Pens & Pencils,10,23.02,0.0,230.2,142.42,87.78
ORD-13342,2023-08-01,2023-08-04,First Class,CUST-2827,Kim Jackson,Consumer,West,Maryland,Office Supplies,Binders,Best-Barnett Binders,6,11.37,0.0,68.22,33.93,34.29
ORD-13343,2023-12-08,2023-12-11,First Class,CUST-2411,Jenna Butler,Home Office,North,Pennsylvania,Technology,Monitors,"Wilkins, Rodgers and Hicks Monitors",9,860.62,0.05,7358.3,4893.77,2464.53
ORD-13344,2022-04-27,2022-04-30,Standard Class,CUST-1843,Judith Matthews,Corporate,South,Montana,Furniture,Chairs,"Wilson, Miller and Gray Chairs",10,827.78,0.05,7863.91,5564.35,2299.56
ORD-13345,2023-07-19,2023-07-25,Second Class,CUST-1261,Mark Singh,Home Office,North,Delaware,Technology,Accessories,"Freeman, Wagner and Dennis Accessories",6,138.55,0.0,831.3,491.26,340.04
ORD-13346,2021-03-07,2021-03-14,First Class,CUST-2394,Tracy Le,Home Office,West,Florida,Office Supplies,Paper,"Martin, Conner and Johnson Paper",10,50.58,0.1,455.22,325.63,129.59
ORD-13347,2023-10-17,2023-10-24,Standard Class,CUST-1983,Christina Hamilton,Home Office,South,Maryland,Technology,Laptops,Fleming Group Laptops,4,1126.65,0.0,4506.6,2766.3,1740.3
ORD-13348,2023-06-04,2023-06-09,Second Class,CUST-1621,Martin Andrews,Consumer,South,Georgia,Furniture,Chairs,Thornton-Bender Chairs,2,836.69,0.2,1338.7,1012.15,326.55
ORD-13349,2021-06-07,2021-06-10,Standard Class,CUST-1431,Kenneth Nelson,Consumer,North,Minnesota,Office Supplies,Binders,Hawkins-Jennings Binders,5,39.87,0.1,179.41,118.14,61.27
ORD-13350,2021-08-07,2021-08-12,First Class,CUST-1607,Lynn Hayes,Consumer,South,Kansas,Furniture,Tables,"Browning, Guerra and Campbell Tables",10,800.35,0.0,8003.5,3714.32,4289.18
ORD-13351,2023-08-24,2023-08-27,Standard Class,CUST-1039,Miranda Arroyo,Consumer,West,Alaska,Office Supplies,Storage,"Hayes, Perez and Fisher Storage",2,37.29,0.1,67.12,39.89,27.23
ORD-13352,2022-07-08,2022-07-15,Same Day,CUST-2673,Michele Morris,Consumer,East,Hawaii,Office Supplies,Labels,Chen-Fox Labels,5,8.28,0.0,41.4,21.08,20.32
ORD-13353,2021-06-09,2021-06-14,Second Class,CUST-2747,Brett White,Corporate,South,Colorado,Office Supplies,Labels,Friedman and Sons Labels,7,3.34,0.0,23.38,13.98,9.4
ORD-13354,2021-04-18,2021-04-20,Second Class,CUST-1050,Rachel Harvey,Corporate,North,Maine,Office Supplies,Paper,Soto LLC Paper,10,10.14,0.1,91.26,63.88,27.38
ORD-13355,2021-11-24,2021-11-27,First Class,CUST-1805,James Mullen,Corporate,East,Wisconsin,Office Supplies,Storage,"Snyder, Lee and Allen Storage",9,57.14,0.1,462.83,359.45,103.38
ORD-13356,2021-04-20,2021-04-22,First Class,CUST-2531,William Salinas,Corporate,South,Minnesota,Office Supplies,Storage,"Johnson, Strickland and Shaw Storage",2,25.58,0.0,51.16,30.63,20.53
ORD-13357,2023-04-19,2023-04-25,Same Day,CUST-1622,Madison Conway,Home Office,West,Kentucky,Technology,Phones,"Smith, Ayers and Black Phones",5,359.21,0.0,1796.05,864.66,931.39
ORD-13358,2021-12-16,2021-12-22,Second Class,CUST-1874,John Harris,Corporate,South,Illinois,Furniture,Chairs,Avery Inc Chairs,6,307.55,0.5,922.65,966.13,-43.48
ORD-13359,2023-03-27,2023-03-28,Same Day,CUST-2741,Paul Vasquez,Home Office,West,Michigan,Office Supplies,Pens & Pencils,Jordan-Johnson Pens & Pencils,9,15.9,0.0,143.1,94.52,48.58
ORD-13360,2023-01-29,2023-01-31,First Class,CUST-2519,Andrew Sanchez,Home Office,East,Louisiana,Technology,Laptops,"Case, Roman and Smith Laptops",1,751.94,0.0,751.94,504.58,247.36
ORD-13361,2021-05-05,2021-05-11,First Class,CUST-1054,Tina Adams,Home Office,South,Minnesota,Office Supplies,Binders,Johnson Group Binders,2,12.44,0.0,24.88,15.17,9.71
ORD-13362,2023-07-08,2023-07-11,Second Class,CUST-2157,Heather Green,Home Office,West,Vermont,Office Supplies,Labels,Martin-Preston Labels,6,14.93,0.2,71.66,47.49,24.17
ORD-13363,2022-03-13,2022-03-17,Standard Class,CUST-1668,Janet Miller,Corporate,East,Rhode Island,Office Supplies,Binders,Jones Ltd Binders,5,15.93,0.2,63.72,52.73,10.99
ORD-13364,2023-06-02,2023-06-09,Same Day,CUST-1650,Adam Phillips,Consumer,North,Oklahoma,Furniture,Tables,"Marks, Floyd and Rose Tables",9,1342.96,0.0,12086.64,7375.49,4711.15
ORD-13365,2022-06-20,2022-06-23,Same Day,CUST-2833,Jessica Francis,Home Office,South,Nevada,Furniture,Chairs,Sparks-Mueller Chairs,1,353.51,0.05,335.83,227.81,108.02
ORD-13366,2023-06-19,2023-06-20,Second Class,CUST-1300,Megan Ferguson,Home Office,East,Arkansas,Furniture,Desks,Palmer-Thompson Desks,7,983.81,0.0,,3393.54,3493.13
ORD-13367,2022-02-22,2022-03-01,Same Day,CUST-1503,Michael Bailey,Corporate,North,Montana,Furniture,Tables,"Sims, Lloyd and Conway Tables",2,382.94,0.15,651.0,355.29,295.71
ORD-13368,2023-09-15,2023-09-17,First Class,CUST-2344,Tommy Ingram,Corporate,North,Kansas,Technology,Accessories,Cochran Ltd Accessories,2,98.37,0.0,196.74,93.86,102.88
ORD-13369,2021-11-11,2021-11-17,Same Day,CUST-2073,Michael Marshall,Home Office,East,Maryland,Furniture,Chairs,Ramsey-Wallace Chairs,8,253.29,0.0,2026.32,1276.59,749.73
ORD-13370,2023-09-20,2023-09-21,Standard Class,CUST-1541,James Cervantes Jr.,Corporate,West,Arizona,Technology,Laptops,Harvey-Kirby Laptops,8,1944.39,0.0,15555.12,10692.62,4862.5
ORD-13371,2023-05-03,2023-05-10,Second Class,CUST-1706,Roger Rivas,Home Office,South,Illinois,Furniture,Chairs,Andrews Group Chairs,8,532.55,0.15,3621.34,2029.63,1591.71
ORD-13372,2023-06-26,2023-06-30,,CUST-2411,Michelle Mcdaniel,Corporate,North,Oklahoma,Office Supplies,Pens & Pencils,Smith LLC Pens & Pencils,1,11.52,0.0,,6.94,4.58
ORD-13373,2021-01-18,2021-01-22,Same Day,CUST-1693,Todd Fritz,Consumer,West,Wyoming,Technology,Tablets,Castillo-Davis Tablets,6,290.02,0.05,1653.11,1160.03,493.08
ORD-13374,2023-03-22,2023-03-27,Second Class,CUST-2933,Thomas Scott,Home Office,North,North Dakota,Technology,Laptops,Clayton Inc Laptops,1,1299.48,0.0,1299.48,622.68,676.8
ORD-13375,2021-05-20,2021-05-26,Standard Class,CUST-1550,Lance Young,Home Office,North,Maryland,Office Supplies,Paper,Yates PLC Paper,1,51.47,0.0,51.47,34.65,16.82
ORD-13376,2022-07-31,2022-08-05,Standard Class,CUST-2645,Thomas Russell,Corporate,South,California,Technology,Phones,Holmes-Williams Phones,7,1115.89,0.05,7420.67,5430.24,1990.43
ORD-13377,2022-11-06,2022-11-11,First Class,CUST-1913,Richard Guerra,Consumer,North,Washington,Technology,Tablets,Butler LLC Tablets,3,247.38,0.0,742.14,503.19,238.95
ORD-13378,2022-10-10,2022-10-13,First Class,CUST-1564,Jon Cabrera,Home Office,South,Montana,Technology,Phones,Berry Inc Phones,3,219.76,0.15,560.39,394.75,165.64
ORD-13379,2023-08-14,2023-08-17,First Class,CUST-1004,Robert Singleton MD,Consumer,East,Arkansas,Furniture,Chairs,Garcia-Kramer Chairs,3,772.48,0.2,1853.95,1072.05,781.9
ORD-13380,2023-08-07,2023-08-13,First Class,CUST-2019,Cindy Clark,Consumer,South,Arizona,Technology,Printers,"Bryant, Brown and Wilson Printers",3,418.44,0.0,1255.32,601.1,654.22
ORD-1108,2023-05-01,2023-05-05,Second Class,CUST-2672,Janice Smith,Corporate,East,Montana,Technology,Laptops,Brown-Gibson Laptops,7,816.4,0.0,5714.8,3683.4,2031.4
ORD-13382,2021-05-07,2021-05-08,Standard Class,CUST-2253,Elizabeth Dalton,Corporate,South,Arizona,Office Supplies,Labels,Beltran-Miller Labels,3,17.92,0.05,51.07,26.82,24.25
ORD-13383,2021-11-17,2021-11-24,Same Day,CUST-2936,Chelsea Jones,Home Office,East,Montana,Technology,Accessories,Clark-Hoffman Accessories,7,91.01,0.0,637.07,346.94,290.13
ORD-13384,2022-11-03,2022-11-10,Standard Class,CUST-1656,Veronica Marsh,Home Office,East,Tennessee,Furniture,Shelving,Steele-Callahan Shelving,1,58.22,0.0,58.22,30.53,27.69
ORD-13385,2023-07-12,2023-07-13,Standard Class,CUST-1953,Scott Garrison,Home Office,South,Hawaii,Furniture,Bookcases,Brown-Lawson Bookcases,6,460.09,0.0,2760.54,1804.86,955.68
ORD-13386,2023-05-23,2023-05-26,Second Class,CUST-2293,Marie Cooley,Corporate,South,Virginia,Furniture,Desks,Keller-Peters Desks,8,673.24,0.1,4847.33,3457.1,1390.23
ORD-13387,2022-01-23,2022-01-29,First Class,CUST-2317,Alisha Martin,Consumer,East,Kentucky,Office Supplies,Pens & Pencils,Ellis-Sanchez Pens & Pencils,5,19.68,0.5,49.2,60.21,-11.01
ORD-13388,2022-03-17,2022-03-19,Second Class,CUST-2958,Lori Perez,Corporate,South,North Dakota,Technology,Phones,Burns Group Phones,10,615.72,0.0,6157.2,3622.18,2535.02
ORD-13389,2023-01-25,2023-01-28,Same Day,CUST-2360,Brian Rojas,Consumer,South,North Dakota,Technology,Printers,"Parker, Trevino and Schmitt Printers",9,281.55,0.15,2153.86,1628.29,525.57
ORD-13390,2021-06-09,2021-06-12,Same Day,CUST-1016,Lisa Gallegos,Consumer,East,Connecticut,Furniture,Shelving,Jennings and Sons Shelving,2,182.27,0.0,364.54,170.72,193.82
ORD-13391,2022-12-26,2022-12-28,Same Day,CUST-1150,Sheena Miller,Consumer,East,Hawaii,Technology,Laptops,"Hernandez, Farmer and Chaney Laptops",6,1895.5,0.1,10235.7,5720.23,4515.47
ORD-13392,2023-07-08,2023-07-14,Standard Class,CUST-1899,Antonio Sullivan,Home Office,South,Colorado,Furniture,Tables,"Nichols, Jackson and Cunningham Tables",7,1327.92,0.0,9295.44,6270.61,3024.83
ORD-13393,2022-08-27,2022-08-29,Standard Class,CUST-1999,Timothy Shaw,Consumer,South,Hawaii,Technology,Printers,Perez-Simpson Printers,10,113.46,0.05,1077.87,753.08,324.79
ORD-13394,2023-12-14,2023-12-16,Same Day,CUST-1337,Douglas Woodward,Corporate,West,Delaware,Technology,Accessories,Green Ltd Accessories,7,62.51,0.05,415.69,257.47,158.22
ORD-13395,2023-10-28,2023-11-04,Standard Class,CUST-1160,Thomas Hogan,Corporate,North,New Mexico,Office Supplies,Envelopes,Evans-Kennedy Envelopes,2,9.11,0.0,18.22,9.24,8.98
ORD-13396,2023-02-21,2023-02-22,Same Day,CUST-2502,Steven Booker,Consumer,North,California,Office Supplies,Binders,Gonzalez and Sons Binders,5,18.98,0.0,94.9,61.7,33.2
ORD-13397,2022-12-30,2023-01-04,First Class,CUST-1504,Jerome Meza,Home Office,East,Arkansas,Office Supplies,Storage,Bender-Huang Storage,3,31.03,0.1,83.78,62.19,21.59
ORD-13398,2023-07-28,2023-08-02,Second Class,CUST-1365,Vanessa Porter,Consumer,East,New York,Office Supplies,Pens & Pencils,"Maddox, Peterson and Grimes Pens & Pencils",9,5.07,0.3,31.94,24.34,7.6
ORD-13399,2022-09-07,2022-09-13,Second Class,CUST-1224,Alison Evans,Corporate,West,Kentucky,Office Supplies,Pens & Pencils,Lowery-Johnson Pens & Pencils,1,17.91,0.1,16.12,8.1,8.02
ORD-13400,2023-02-18,2023-02-22,Standard Class,CUST-1882,Nicole Kramer,Home Office,South,Alaska,Furniture,Bookcases,Brown Ltd Bookcases,6,412.09,0.0,2472.54,1384.74,1087.8
ORD-13401,2021-09-19,2021-09-25,Standard Class,CUST-1400,Eddie Bender,Home Office,East,Montana,Technology,Monitors,Lynch Group Monitors,4,574.89,0.2,1839.65,1420.94,418.71
ORD-13402,2021-12-26,2022-01-02,Same Day,CUST-2087,Andrew Cook,Home Office,West,Indiana,Furniture,Desks,Smith LLC Desks,6,1052.99,0.0,6317.94,3187.71,3130.23
ORD-13403,2022-02-27,2022-03-02,Same Day,CUST-2826,Jennifer Potts,Corporate,South,North Carolina,Technology,Laptops,Cooley-Brown Laptops,2,909.24,0.1,1636.63,1041.32,595.31
ORD-13404,2023-07-27,2023-07-28,Same Day,CUST-2810,Christopher Reed,Home Office,South,Oklahoma,Technology,Printers,Wilson-Hawkins Printers,7,125.0,0.05,831.25,497.79,333.46
ORD-13405,2021-12-23,2021-12-26,First Class,CUST-1991,Nancy Salinas,Consumer,West,South Dakota,Office Supplies,Envelopes,Thomas-Tucker Envelopes,10,21.06,0.0,210.6,109.44,101.16
ORD-1613,2023-05-12,2023-05-18,Second Class,CUST-1974,Sara Johnson,Home Office,East,Wisconsin,Office Supplies,Binders,Jackson-Jackson Binders,4,27.91,0.15,94.89,67.44,27.45
ORD-13407,2021-04-07,2021-04-13,Same Day,CUST-2533,Micheal Williams,Corporate,North,California,Technology,Accessories,"Garcia, Gonzales and Jimenez Accessories",8,107.25,0.0,858.0,555.59,302.41
ORD-13408,2023-11-27,2023-11-30,First Class,CUST-1161,Michael Erickson,Corporate,East,Iowa,Office Supplies,Storage,Patrick Ltd Storage,2,53.12,0.1,95.62,67.42,28.2
ORD-13409,2023-03-04,2023-03-10,First Class,CUST-1084,Erik Phillips,Corporate,North,Arizona,Furniture,Desks,Werner-Foster Desks,2,326.01,0.0,652.02,298.05,353.97
ORD-13410,2021-12-18,2021-12-20,First Class,CUST-2677,Melissa Jordan,Corporate,West,Alabama,Furniture,Desks,"Boyd, Keith and Duncan Desks",7,925.21,0.0,6476.47,3804.71,2671.76
ORD-13411,2023-06-16,2023-06-17,Second Class,CUST-1592,Mrs. Marie Madden,Home Office,East,New Hampshire,Technology,Monitors,"Moore, Brooks and Smith Monitors",1,671.44,0.15,570.72,388.69,182.03
ORD-13412,2023-07-13,2023-07-19,First Class,CUST-1248,Aaron Torres,Home Office,East,Ohio,Office Supplies,Pens & Pencils,Thomas Ltd Pens & Pencils,4,23.25,0.0,93.0,60.8,32.2
ORD-13413,2021-12-25,2021-12-28,Standard Class,CUST-2820,Cody Martin,Consumer,West,Louisiana,Office Supplies,Envelopes,Bennett Group Envelopes,6,25.28,0.15,128.93,75.86,53.07
ORD-13414,2021-04-30,2021-05-02,Same Day,CUST-1047,Megan Harris,Corporate,West,Rhode Island,Technology,Laptops,"Tapia, Harmon and Reed Laptops",6,1065.53,0.0,6393.18,2966.08,3427.1
ORD-13415,2021-10-31,2021-11-04,Standard Class,CUST-2050,Barbara Baker,Home Office,West,Alaska,Office Supplies,Storage,Moss Inc Storage,7,13.12,0.05,87.25,49.62,37.63
ORD-13416,2022-06-16,2022-06-17,First Class,CUST-2381,Kevin Hill,Corporate,South,Georgia,Office Supplies,Pens & Pencils,"Ball, Holland and Patel Pens & Pencils",4,21.77,0.0,87.08,58.03,29.05
ORD-13417,2021-05-18,2021-05-23,Same Day,CUST-2846,Martin Roth,Home Office,West,Delaware,Furniture,Tables,Davis-Reyes Tables,9,838.13,0.15,6411.69,3404.51,3007.18
ORD-13418,2021-10-25,2021-10-29,Second Class,CUST-2213,Ellen Lopez,Home Office,South,Ohio,Technology,Phones,Smith Ltd Phones,9,832.18,0.2,5991.7,4459.55,1532.15
ORD-13419,2023-12-11,2023-12-12,Standard Class,CUST-1862,Johnny Zimmerman,Home Office,North,Delaware,Furniture,Chairs,"Holmes, Cooper and Donovan Chairs",9,861.94,0.0,7757.46,3496.15,4261.31
ORD-13420,2021-09-26,2021-09-29,First Class,CUST-1263,Thomas Welch,Home Office,South,Michigan,Technology,Tablets,"Mitchell, Mcdaniel and Wright Tablets",9,170.79,0.0,1537.11,740.17,796.94
ORD-13421,2021-06-09,2021-06-11,Standard Class,CUST-2646,Jacob Stevens,Corporate,East,Florida,Technology,Tablets,Wells-Graham Tablets,7,219.78,0.2,1230.77,880.47,350.3
ORD-13422,2022-01-09,2022-01-16,Same Day,CUST-1505,Allen Hall,Corporate,West,California,Furniture,Desks,Solomon PLC Desks,6,227.29,0.0,1363.74,759.17,604.57
ORD-13423,2023-02-25,2023-02-27,Same Day,CUST-1960,David Johns,Consumer,East,Oklahoma,Furniture,Bookcases,"Walter, Collins and Moore Bookcases",9,87.55,0.2,630.36,421.07,209.29
ORD-13424,2022-11-15,2022-11-16,Second Class,CUST-1025,Mr. Paul Gonzales,Home Office,West,Georgia,Office Supplies,Labels,Jones Inc Labels,7,14.48,0.0,101.36,51.55,49.81
ORD-13425,2022-06-03,2022-06-08,First Class,CUST-2820,Joseph Jones,Corporate,South,Louisiana,Office Supplies,Labels,Miller-Graham Labels,9,9.48,0.0,85.32,45.12,40.2
ORD-13426,2023-08-23,2023-08-26,First Class,CUST-1719,Jason Phillips,Consumer,South,Kentucky,Furniture,Shelving,Clayton-Gutierrez Shelving,2,211.48,0.1,380.66,289.67,90.99
ORD-13427,2022-10-24,2022-10-30,Standard Class,CUST-1878,Courtney Munoz,Home Office,South,Idaho,Technology,Printers,Hall PLC Printers,5,114.47,0.1,515.12,352.39,162.73
ORD-13428,2022-05-04,2022-05-10,Second Class,CUST-2888,Tyler Wolfe,Home Office,South,Massachusetts,Furniture,Tables,Martinez Inc Tables,5,1209.1,0.0,6045.5,2970.37,3075.13
ORD-13429,2023-07-02,2023-07-06,Second Class,CUST-2565,Johnny Medina,Consumer,North,Idaho,Office Supplies,Paper,Hunter-Mitchell Paper,6,6.4,0.15,32.64,24.24,8.4
ORD-13430,2023-07-20,2023-07-23,Same Day,CUST-2766,Angelica King,Home Office,East,Connecticut,Office Supplies,Storage,Brooks and Sons Storage,4,54.22,0.2,173.5,134.47,39.03
ORD-13431,2021-01-26,2021-01-28,Second Class,CUST-1072,Chelsea Richardson,Home Office,South,Alabama,Technology,Tablets,Wells Ltd Tablets,2,454.93,0.1,818.87,421.94,396.93
ORD-13432,2021-10-04,2021-10-11,Same Day,CUST-1163,Susan Aguilar,Home Office,North,New Mexico,Office Supplies,Envelopes,Le-Watson Envelopes,3,23.39,0.0,70.17,44.38,25.79
ORD-13433,2023-10-18,2023-10-24,First Class,CUST-2077,Christopher Alexander,Home Office,East,West Virginia,Office Supplies,Storage,Wood-Thompson Storage,7,37.62,0.1,237.01,170.56,66.45
ORD-13434,2021-07-22,2021-07-25,Same Day,CUST-2878,Joshua Morrow,Home Office,East,Minnesota,Office Supplies,Labels,"Dalton, Watson and Stark Labels",8,13.26,0.05,100.78,60.39,40.39
ORD-13435,2022-12-27,2022-12-28,Second Class,CUST-2971,Dominique Pugh,Home Office,South,Connecticut,Office Supplies,Paper,"Davis, Wells and Hanson Paper",10,40.6,0.0,406.0,247.52,158.48
ORD-13436,2022-01-19,2022-01-23,First Class,CUST-2313,Alison Daniel,Consumer,North,Delaware,Technology,Phones,"Hall, Oconnor and Harris Phones",7,870.61,0.0,6094.27,2774.23,3320.04
ORD-13437,2021-07-14,2021-07-21,Same Day,CUST-2718,Eddie Copeland,Home Office,East,Massachusetts,Office Supplies,Binders,Jenkins PLC Binders,2,12.68,0.0,25.36,13.78,11.58
ORD-13438,2021-03-04,2021-03-09,Same Day,CUST-2295,Ryan Martinez,Home Office,South,Massachusetts,Furniture,Bookcases,"Thompson, Carpenter and Horton Bookcases",1,269.61,0.0,269.61,126.09,143.52
ORD-13439,2021-10-21,2021-10-27,Same Day,CUST-2005,Robert Butler,Corporate,South,Virginia,Furniture,Shelving,Sims PLC Shelving,5,164.24,0.15,698.02,451.34,246.68
ORD-13440,2022-04-10,2022-04-17,Same Day,CUST-2913,Ashley Barber,Home Office,South,South Dakota,Technology,Accessories,Brown Group Accessories,4,141.6,0.0,566.4,395.49,170.91
ORD-13441,2022-01-01,2022-01-08,First Class,CUST-2064,Marie Combs,Corporate,North,Colorado,Furniture,Bookcases,Price LLC Bookcases,10,305.73,0.15,2598.7,2086.42,512.28
ORD-13442,2022-05-31,2022-06-02,Same Day,CUST-2480,Sally Hernandez,Consumer,South,Maine,Office Supplies,Paper,Howard-Johnson Paper,1,58.48,0.15,49.71,32.23,17.48
ORD-13443,2023-09-15,2023-09-22,Same Day,CUST-1153,Mitchell Bright,Corporate,West,Tennessee,Technology,Monitors,Gutierrez PLC Monitors,3,374.21,0.0,1122.63,649.04,473.59
ORD-13444,2022-07-02,2022-07-07,Standard Class,CUST-1697,Matthew Gallagher,Consumer,West,West Virginia,Furniture,Bookcases,Berry Ltd Bookcases,10,380.13,0.0,3801.3,2181.69,1619.61
ORD-13445,2021-05-04,2021-05-10,Standard Class,CUST-2201,Paula Lane,Corporate,North,Utah,Office Supplies,Paper,Holloway-Evans Paper,8,45.26,0.1,325.87,187.73,138.14
ORD-13446,2023-09-19,2023-09-20,Second Class,CUST-2413,Christine Warner,Home Office,West,Illinois,Furniture,Tables,Dorsey Ltd Tables,6,1084.75,0.0,6508.5,3378.48,3130.02
ORD-13447,2023-08-07,2023-08-08,Same Day,CUST-2168,Joan Walker,Consumer,North,Pennsylvania,Furniture,Tables,Garcia-Mccullough Tables,4,344.81,0.0,1379.24,853.78,525.46
ORD-13448,2021-12-17,2021-12-23,Same Day,CUST-2586,Michael Bonilla,Consumer,East,Montana,Office Supplies,Storage,Brown-Valenzuela Storage,8,60.49,0.0,483.92,217.94,265.98
ORD-1992,2023-10-15,2023-10-20,Second Class,CUST-2603,Steven Rodriguez,Corporate,West,Massachusetts,Office Supplies,Pens & Pencils,Mitchell LLC Pens & Pencils,9,6.21,0.5,27.95,25.3,2.65
ORD-13450,2022-09-15,2022-09-20,Same Day,CUST-1556,Mary Acevedo,Home Office,South,Vermont,Office Supplies,Labels,Rodriguez-Morton Labels,10,7.54,0.0,75.4,47.74,27.66
ORD-13451,2022-02-28,2022-03-04,Same Day,CUST-2511,Sarah Williams MD,Corporate,East,Michigan,Furniture,Desks,"Raymond, Jackson and Ruiz Desks",10,108.48,0.0,1084.8,495.11,589.69
ORD-13452,2022-08-13,2022-08-15,Second Class,CUST-1455,Eric Jacobs,Consumer,South,Ohio,Office Supplies,Pens & Pencils,Nelson and Sons Pens & Pencils,7,13.13,0.2,73.53,63.26,10.27
ORD-13453,2022-05-04,2022-05-10,Second Class,CUST-1006,Steven Cortez,Home Office,East,Massachusetts,Technology,Printers,Watson and Sons Printers,6,588.8,0.0,3532.8,1859.94,1672.86
ORD-13454,2021-12-30,2022-01-01,Second Class,CUST-1897,Nicholas Griffith,Corporate,North,Maryland,Office Supplies,Pens & Pencils,Perez and Sons Pens & Pencils,8,24.26,0.0,194.08,107.91,86.17
ORD-13455,2023-12-13,2023-12-20,Standard Class,CUST-2552,Carol Bautista,Corporate,East,Vermont,Technology,Tablets,"Vargas, Medina and Schwartz Tablets",9,248.94,0.0,2240.46,1151.07,1089.39
ORD-13456,2022-04-04,2022-04-11,Same Day,CUST-1503,Kristen Li,Home Office,South,Hawaii,Technology,Accessories,Frank Ltd Accessories,10,74.38,0.0,743.8,446.85,296.95
ORD-13457,2021-11-03,2021-11-06,Same Day,CUST-1430,Jose Burgess,Home Office,West,Arizona,Furniture,Desks,Keller and Sons Desks,7,679.68,0.05,4519.87,3081.75,1438.12
ORD-13458,2022-04-28,2022-05-02,Second Class,CUST-2500,Stephanie Ochoa,Home Office,East,Colorado,Furniture,Chairs,Day-Young Chairs,7,827.06,0.0,5789.42,3316.12,2473.3
ORD-13459,2021-03-04,2021-03-10,First Class,CUST-1592,Kimberly Robles,Consumer,East,Michigan,Technology,Laptops,"Richardson, Williams and Hull Laptops",9,1411.67,0.0,12705.03,7612.94,5092.09
ORD-13460,2021-04-26,2021-04-30,Same Day,CUST-1909,Adriana Martinez,Home Office,West,Illinois,Technology,Tablets,Johnson-Johnson Tablets,3,406.5,0.5,609.75,575.66,34.09
ORD-13461,2023-06-16,2023-06-19,Standard Class,CUST-2612,David Patterson,Home Office,South,Georgia,Office Supplies,Envelopes,Friedman LLC Envelopes,10,22.22,0.0,222.2,102.51,119.69
ORD-13462,2021-08-29,2021-08-30,Second Class,CUST-1572,Mike Walker,Home Office,West,Missouri,Technology,Laptops,"Brooks, Underwood and Thompson Laptops",8,1106.17,0.0,8849.36,4292.57,4556.79
ORD-13463,2023-03-17,2023-03-18,Standard Class,CUST-1043,Lisa Mccarthy,Corporate,South,Colorado,Office Supplies,Binders,Watson-Ortega Binders,2,17.41,0.05,33.08,22.84,10.24
ORD-13464,2023-03-24,2023-03-30,First Class,CUST-1023,Maria Harper,Corporate,South,West Virginia,Office Supplies,Storage,Evans-Rodriguez Storage,8,22.77,0.0,182.16,88.69,93.47
ORD-13465,2023-11-13,2023-11-17,Standard Class,CUST-2433,Kim Mora,Home Office,South,Nebraska,Furniture,Bookcases,"Acosta, Peterson and Molina Bookcases",9,431.14,0.05,3686.25,2349.42,1336.83
ORD-13466,2022-09-28,2022-10-03,Standard Class,CUST-1706,David White,Home Office,West,New Hampshire,Furniture,Bookcases,"Reed, Harris and Murphy Bookcases",6,343.74,0.1,1856.2,1245.89,610.31
ORD-13467,2023-03-14,2023-03-15,Same Day,CUST-2477,Jennifer Mcmahon,Home Office,West,Kansas,Office Supplies,Pens & Pencils,"Phillips, Allen and Cox Pens & Pencils",5,7.19,0.3,25.16,21.74,3.42
ORD-13468,2022-10-26,2022-10-28,Same Day,CUST-1302,Mark Collins,Corporate,North,Kansas,Office Supplies,Binders,Lee LLC Binders,3,8.53,0.1,23.03,12.06,10.97
ORD-13469,2023-08-22,2023-08-29,Same Day,CUST-2153,Tom Simon,Consumer,North,New Jersey,Technology,Phones,Norris-Kaufman Phones,1,975.17,0.15,828.89,678.63,150.26
ORD-13470,2021-05-25,2021-05-27,Standard Class,CUST-2019,Robert Dean,Corporate,North,Connecticut,Office Supplies,Paper,Oliver-Herrera Paper,4,18.87,0.2,60.38,42.17,18.21
ORD-13471,2022-03-25,2022-04-01,First Class,CUST-2771,Teresa Anderson,Consumer,East,Massachusetts,Technology,Laptops,Hernandez-Good Laptops,10,1163.56,0.1,10472.04,7933.54,2538.5
ORD-13472,2022-09-26,2022-09-29,Second Class,CUST-2641,Justin Hansen,Home Office,East,North Dakota,Office Supplies,Pens & Pencils,"Dalton, Aguilar and Mckee Pens & Pencils",7,10.19,0.0,71.33,45.35,25.98
ORD-13473,2023-06-08,2023-06-13,Standard Class,CUST-1986,Melanie Anderson,Consumer,East,Washington,Furniture,Chairs,Cain-Barber Chairs,7,826.15,0.05,5493.9,2716.78,2777.12
ORD-13474,2021-05-11,2021-05-18,Second Class,CUST-1596,Erica Stokes,Consumer,North,Vermont,Furniture,Tables,Ross-Lee Tables,2,944.88,0.0,1889.76,903.29,986.47
ORD-13475,2022-07-19,2022-07-22,Second Class,CUST-2649,Gary Ramirez,Home Office,West,Oklahoma,Technology,Phones,"Rios, Everett and Mcgrath Phones",1,1027.44,0.1,924.7,499.66,425.04
ORD-13476,2023-10-27,2023-10-30,First Class,CUST-1106,Darlene Chavez,Home Office,South,Louisiana,Technology,Tablets,Romero and Sons Tablets,4,524.59,0.0,2098.36,1020.07,1078.29
ORD-13477,2023-05-13,2023-05-16,First Class,CUST-1139,Jamie Potter,Home Office,East,Georgia,Furniture,Chairs,Fields and Sons Chairs,3,548.18,0.1,1480.09,957.24,522.85
ORD-13478,2021-05-23,2021-05-28,Same Day,CUST-2313,Cody Hess,Consumer,East,Oregon,Office Supplies,Paper,Cooper-May Paper,4,37.68,0.05,143.18,79.42,63.76
ORD-13479,2021-04-07,2021-04-14,Same Day,CUST-2196,Christopher Willis,Home Office,East,Kentucky,Office Supplies,Labels,"Fisher, Reyes and Frederick Labels",9,10.23,0.0,92.07,42.06,50.01
ORD-13480,2022-03-29,2022-04-01,Second Class,CUST-1767,Yolanda Ellis,Corporate,West,Wisconsin,Office Supplies,Envelopes,Gonzalez Inc Envelopes,2,13.57,0.0,27.14,18.37,8.77
ORD-13481,2023-05-27,2023-05-30,First Class,CUST-1435,Deanna Hester,Corporate,South,Virginia,Technology,Printers,"Kelly, Robinson and Reyes Printers",6,95.13,0.05,542.24,356.2,186.04
ORD-13482,2021-03-27,2021-04-02,Second Class,CUST-1169,Alec Miller,Home Office,West,Maryland,Furniture,Chairs,Brown-Bradshaw Chairs,5,839.93,0.0,4199.65,2775.27,1424.38
ORD-13483,2022-09-24,2022-09-26,First Class,CUST-1344,Mary Jones,Consumer,North,Nevada,Technology,Tablets,Reed-Mack Tablets,3,231.09,0.0,693.27,469.57,223.7
ORD-13484,2021-08-12,2021-08-19,Second Class,CUST-1510,Stephanie Gregory,Consumer,South,Virginia,Technology,Accessories,Henry-Love Accessories,3,91.32,0.0,273.96,154.1,119.86
ORD-13485,2022-02-06,2022-02-12,Standard Class,CUST-1541,Kathleen Duran,Home Office,South,Mississippi,Technology,Printers,Woodard Inc Printers,3,272.4,0.0,817.2,446.57,370.63
ORD-13486,2021-03-25,2021-03-26,Standard Class,CUST-2139,Whitney Adams,Home Office,East,California,Office Supplies,Storage,Guerra-Higgins Storage,9,32.39,0.0,291.51,201.03,90.48
ORD-13487,2022-07-07,2022-07-09,Standard Class,CUST-2528,Deborah Arellano,Corporate,West,Idaho,Furniture,Desks,Brown and Sons Desks,6,698.92,0.0,4193.52,2781.6,1411.92
ORD-13488,2021-08-07,2021-08-14,First Class,CUST-2064,Anthony Kelley,Consumer,East,Pennsylvania,Furniture,Chairs,Moore and Sons Chairs,1,539.05,0.3,377.33,340.14,37.19
ORD-13489,2021-03-14,2021-03-15,First Class,CUST-1744,Richard Harris,Corporate,South,Arkansas,Furniture,Chairs,Torres-Smith Chairs,5,863.24,0.0,4316.2,2432.33,1883.87
ORD-13490,2023-03-29,2023-03-31,First Class,CUST-1871,Katherine Greene,Corporate,East,New Mexico,Office Supplies,Storage,"Carpenter, James and Martin Storage",9,39.97,0.0,359.73,183.01,176.72
ORD-13491,2021-09-29,2021-10-01,Second Class,CUST-2709,Anne King,Corporate,South,Michigan,Furniture,Shelving,Wells-Benson Shelving,10,271.26,0.05,2576.97,1846.43,730.54
ORD-13492,2022-10-02,2022-10-06,Standard Class,CUST-1478,Melissa Hubbard,Corporate,South,Tennessee,Technology,Phones,"Taylor, Diaz and Burns Phones",5,629.04,0.05,2987.94,1723.63,1264.31
ORD-13493,2022-02-13,2022-02-14,Second Class,CUST-1882,Caitlin Williams,Consumer,North,Indiana,Furniture,Bookcases,"Willis, Kent and Holder Bookcases",1,296.5,0.1,266.85,160.17,106.68
ORD-13494,2022-01-28,2022-02-01,First Class,CUST-2576,Meredith Rogers,Home Office,North,Alaska,Office Supplies,Paper,"Esparza, Griffin and Lopez Paper",9,14.01,0.0,126.09,82.92,43.17
ORD-13495,2023-12-07,2023-12-14,First Class,CUST-1441,Adam Bell,Home Office,East,Nebraska,Office Supplies,Storage,"Cruz, Smith and Mcgee Storage",7,15.33,0.05,101.94,57.44,44.5
ORD-13496,2023-09-04,2023-09-06,Standard Class,CUST-2527,Crystal Forbes,Corporate,East,California,Furniture,Tables,Stevens-Rios Tables,9,540.09,0.0,4860.81,2424.7,2436.11
ORD-13497,2022-08-16,2022-08-19,Same Day,CUST-2036,Matthew Blake,Consumer,East,Alabama,Office Supplies,Pens & Pencils,Branch-Hall Pens & Pencils,10,12.1,0.05,114.95,81.62,33.33
ORD-13498,2023-11-19,2023-11-23,First Class,CUST-1012,Emily Gregory,Consumer,West,Maine,Office Supplies,Pens & Pencils,Contreras and Sons Pens & Pencils,10,9.2,0.2,73.6,62.6,11.0
ORD-13499,2022-05-18,2022-05-22,First Class,CUST-1367,Dr. Melissa Williams MD,Consumer,North,Wyoming,Technology,Accessories,Murray Inc Accessories,7,73.2,0.0,512.4,257.78,254.62
ORD-13500,2021-06-06,2021-06-09,Same Day,CUST-1973,Dr. Ryan Rodriguez,Corporate,East,Massachusetts,Office Supplies,Storage,Wilson-Villa Storage,5,52.91,0.0,264.55,138.81,125.74
ORD-1005,2023-02-06,2023-02-10,Standard Class,CUST-1612,Ryan Day,Corporate,North,Oregon,Technology,Accessories,"Zamora, Baker and Barker Accessories",4,96.67,0.0,386.68,221.08,165.6
ORD-13502,2023-09-24,2023-10-01,First Class,CUST-2957,Donna Matthews,Corporate,South,Oklahoma,Office Supplies,Labels,Gibson Ltd Labels,5,8.45,0.05,40.14,27.2,12.94
ORD-13503,2021-05-21,2021-05-25,First Class,CUST-1286,Tiffany Lewis,Corporate,South,North Carolina,Furniture,Tables,Watson-Jones Tables,2,708.35,0.15,1204.19,821.85,382.34
ORD-13504,2023-02-28,2023-03-03,Standard Class,CUST-1044,Amanda Leon,Home Office,North,Massachusetts,Technology,Accessories,"Hunter, Myers and Holmes Accessories",10,133.95,0.05,,845.04,427.48
ORD-13505,2023-09-09,2023-09-11,Standard Class,CUST-2009,Casey Mckee,Home Office,West,Michigan,Office Supplies,Envelopes,"Flores, Scott and Torres Envelopes",6,3.07,0.1,16.58,12.15,4.43
ORD-13506,2022-10-26,2022-10-27,Same Day,CUST-2877,James Rojas,Home Office,West,Colorado,Technology,Accessories,Elliott Inc Accessories,8,149.26,0.0,1194.08,664.72,529.36
ORD-13507,2023-01-20,2023-01-23,First Class,CUST-2625,Pamela Kelley,Corporate,South,South Carolina,Technology,Printers,Brown and Sons Printers,5,384.27,0.0,1921.35,943.53,977.82
ORD-13508,2022-08-30,2022-09-01,First Class,CUST-2687,Fred Allen,Consumer,North,Vermont,Furniture,Tables,Richardson-Riggs Tables,5,1346.3,0.15,5721.77,4017.71,1704.06
ORD-13509,2022-05-12,2022-05-13,Standard Class,CUST-1186,Michael Wells,Consumer,North,Texas,Furniture,Shelving,Green Ltd Shelving,8,201.76,0.0,1614.08,762.54,851.54
ORD-13510,2021-12-21,2021-12-25,Second Class,CUST-2105,Danielle Mitchell,Home Office,South,Minnesota,Furniture,Desks,Zamora Group Desks,7,577.63,0.0,4043.41,2753.77,1289.64
ORD-13511,2022-09-08,2022-09-11,Second Class,CUST-1342,Ellen White,Consumer,East,Florida,Technology,Monitors,Chavez-Johnson Monitors,4,540.49,0.0,2161.96,1295.5,866.46
ORD-13512,2022-10-07,2022-10-08,Same Day,CUST-2659,William Jackson,Home Office,East,Nebraska,Technology,Accessories,Gonzalez LLC Accessories,8,77.56,0.0,620.48,340.98,279.5
ORD-13513,2021-01-07,2021-01-08,Same Day,CUST-1502,Lauren Meza,Consumer,West,Arkansas,Office Supplies,Binders,"Parker, Fisher and Kent Binders",7,22.83,0.0,159.81,75.12,84.69
ORD-13514,2022-11-11,2022-11-18,Second Class,CUST-2037,Tiffany Newton,Home Office,South,West Virginia,Office Supplies,Binders,"Powell, Russell and Blankenship Binders",5,26.72,0.0,133.6,71.34,62.26
ORD-13515,2021-03-15,2021-03-20,Second Class,CUST-2411,Marvin Hernandez,Consumer,East,Georgia,Furniture,Tables,Brown LLC Tables,4,1342.09,0.05,5099.94,2800.07,2299.87
ORD-13516,2023-06-05,2023-06-10,Same Day,CUST-2657,Wendy Martin,Home Office,South,New Mexico,Technology,Laptops,Morrow LLC Laptops,8,1092.76,0.0,8742.08,5791.27,2950.81
ORD-1047,2021-06-07,2021-06-08,Standard Class,CUST-1332,Tammy Hicks,Consumer,North,West Virginia,Furniture,Bookcases,"Whitaker, Brooks and Webb Bookcases",6,266.89,0.0,1601.34,986.61,614.73
ORD-13518,2023-11-15,2023-11-17,Standard Class,CUST-1727,Gary Watkins,Corporate,North,Hawaii,Furniture,Desks,Weeks PLC Desks,6,330.61,0.3,1388.56,1099.7,288.86
ORD-13519,2021-08-22,2021-08-25,Same Day,CUST-1972,Derek Jones,Consumer,East,New Mexico,Office Supplies,Binders,"Richardson, Cole and Mitchell Binders",7,37.61,0.15,223.78,167.61,56.17
ORD-13520,2021-03-08,2021-03-15,Same Day,CUST-1255,James Zimmerman,Home Office,East,Maine,Furniture,Chairs,Phillips-Campbell Chairs,2,298.67,0.15,507.74,343.48,164.26
ORD-13521,2022-11-23,2022-11-26,Second Class,CUST-2393,Diana Rodriguez,Consumer,South,Alaska,Furniture,Chairs,"Miller, Espinoza and Perry Chairs",7,250.6,0.05,1666.49,961.85,704.64
ORD-13522,2022-05-22,2022-05-24,First Class,CUST-1725,Jerry Simpson,Corporate,East,New Jersey,Technology,Accessories,Lawson and Sons Accessories,10,64.17,0.1,577.53,379.82,197.71
ORD-13523,2022-01-09,2022-01-11,Second Class,CUST-2384,Richard Williams,Home Office,South,Alabama,Office Supplies,Binders,Bates-Robinson Binders,9,19.8,0.1,160.38,80.48,79.9
ORD-13524,2023-09-14,2023-09-20,Standard Class,CUST-2165,Amber Hull,Corporate,South,Georgia,Technology,Tablets,Hall Inc Tablets,10,547.77,0.05,5203.81,2975.87,2227.94
ORD-13525,2023-08-01,2023-08-04,First Class,CUST-2972,Steve Stevens,Home Office,North,Alaska,Furniture,Shelving,Jackson-Ortiz Shelving,10,287.18,0.5,1435.9,1879.64,-443.74
ORD-13526,2023-03-23,2023-03-25,Same Day,CUST-1431,Walter Woods,Corporate,South,North Carolina,Furniture,Chairs,"Riddle, Livingston and Blevins Chairs",5,109.62,0.0,548.1,291.43,256.67
ORD-13527,2023-06-06,2023-06-13,Same Day,CUST-2665,Alicia Washington,Home Office,East,Nebraska,Technology,Monitors,"King, Bolton and Ferguson Monitors",1,809.66,0.0,809.66,452.29,357.37
ORD-13528,2021-06-22,2021-06-25,Same Day,CUST-1945,Gary Holmes,Consumer,West,New York,Technology,Laptops,"Smith, Richardson and Santiago Laptops",3,724.45,0.2,1738.68,1438.93,299.75
ORD-13529,2021-04-03,2021-04-05,First Class,CUST-2582,Christopher Olson,Consumer,West,Connecticut,Furniture,Bookcases,Gonzalez-Farmer Bookcases,5,361.14,0.1,1625.13,1036.14,588.99
ORD-13530,2022-01-23,2022-01-26,First Class,CUST-1523,Madison Hernandez,Consumer,South,Minnesota,Office Supplies,Labels,Williams-Mahoney Labels,9,9.46,0.2,68.11,51.29,16.82
ORD-13531,2023-06-07,2023-06-08,First Class,CUST-2559,Sarah Schultz,Consumer,North,Missouri,Technology,Printers,Olson-Mcdonald Printers,6,375.03,0.0,2250.18,1555.59,694.59
ORD-13532,2022-09-11,2022-09-17,Standard Class,CUST-2612,Nicole Garcia,Consumer,East,Kansas,Furniture,Chairs,"Tanner, Flores and Navarro Chairs",1,639.35,0.1,,415.29,160.13
ORD-13533,2023-04-03,2023-04-05,First Class,CUST-2820,Donna Brown,Consumer,South,North Dakota,Technology,Accessories,"Velez, White and Cook Accessories",4,21.09,0.1,75.92,58.43,17.49
ORD-13534,2023-03-26,2023-03-27,Second Class,CUST-1053,Makayla Hunt,Home Office,North,Idaho,Office Supplies,Pens & Pencils,Hicks LLC Pens & Pencils,6,12.4,0.1,66.96,37.42,29.54
ORD-13535,2022-01-16,2022-01-20,Same Day,CUST-1885,Elizabeth Rosario,Home Office,South,New York,Office Supplies,Pens & Pencils,"Hoffman, Oneill and Mcdaniel Pens & Pencils",5,18.28,0.0,91.4,48.84,42.56
ORD-13536,2021-11-23,2021-11-30,Same Day,CUST-2647,Tammy Thompson,Corporate,North,New York,Technology,Tablets,"Watson, Hernandez and Bennett Tablets",9,213.63,0.0,1922.67,1314.98,607.69
ORD-13537,2021-07-27,2021-08-03,,CUST-1158,Samuel Mahoney,Consumer,West,New Mexico,Technology,Laptops,King-Lucas Laptops,8,1451.17,0.05,11028.89,5940.62,5088.27
ORD-13538,2023-08-29,2023-08-30,First Class,CUST-2839,Leroy Fitzpatrick,Home Office,South,New Hampshire,Office Supplies,Envelopes,"Castillo, Lloyd and Briggs Envelopes",2,8.76,0.0,17.52,8.93,8.59
ORD-13539,2021-03-14,2021-03-20,Second Class,CUST-1465,Erin Lewis,Consumer,North,Washington,Office Supplies,Storage,"Hayden, Hansen and Kim Storage",9,74.47,0.0,670.23,384.1,286.13
ORD-13540,2021-05-18,2021-05-20,First Class,CUST-2890,Mrs. Sheri Murray MD,Consumer,East,Mississippi,Technology,Monitors,Howell Ltd Monitors,7,402.5,0.05,2676.62,1444.97,1231.65
ORD-13541,2023-06-05,2023-06-07,First Class,CUST-1434,Renee Avila,Consumer,North,South Carolina,Technology,Tablets,Webster-Perez Tablets,4,419.47,0.05,1593.99,927.97,666.02
ORD-13542,2022-12-03,2022-12-05,Standard Class,CUST-1884,William Banks,Corporate,North,Alaska,Technology,Accessories,"Little, Jacobson and Vasquez Accessories",5,144.85,0.1,651.83,394.89,256.94
ORD-13543,2021-10-05,2021-10-07,First Class,CUST-1443,Patricia Mcguire,Corporate,East,Alabama,Technology,Phones,Hansen-Long Phones,4,506.12,0.0,2024.48,1004.02,1020.46
ORD-13544,2023-04-13,2023-04-16,Second Class,CUST-2125,James Herrera,Consumer,South,California,Furniture,Desks,"Jackson, Jimenez and Turner Desks",10,1006.26,0.0,10062.6,6027.72,4034.88
ORD-13545,2022-08-14,2022-08-15,Same Day,CUST-2935,Laurie Summers,Home Office,North,Pennsylvania,Office Supplies,Binders,Hines-Jones Binders,10,7.41,0.0,74.1,51.03,23.07
ORD-1969,2022-11-16,2022-11-17,Second Class,CUST-2018,Kristy Miller,Home Office,North,Minnesota,Office Supplies,Pens & Pencils,Graham PLC Pens & Pencils,5,2.94,0.0,14.7,8.28,6.42
ORD-13547,2023-03-24,2023-03-26,First Class,CUST-1609,Meghan Perez,Consumer,West,Ohio,Technology,Accessories,Martin LLC Accessories,2,47.71,0.0,95.42,65.57,29.85
ORD-13548,2023-09-24,2023-09-28,First Class,CUST-1985,Angela Perez,Home Office,West,Nebraska,Technology,Accessories,"Church, Roach and Robinson Accessories",7,20.38,0.3,99.86,71.43,28.43
ORD-13549,2022-02-03,2022-02-04,Same Day,CUST-1476,Jack Morris,Consumer,South,Iowa,Office Supplies,Envelopes,"Lewis, Rivera and Kemp Envelopes",8,11.26,0.05,85.58,49.73,35.85
ORD-13550,2021-01-03,2021-01-05,Second Class,CUST-2763,Andrew Hill,Corporate,North,Maryland,Technology,Phones,Sanchez-Lowery Phones,9,815.05,0.1,6601.9,4822.8,1779.1
ORD-13551,2022-09-24,2022-09-30,Standard Class,CUST-1252,Robert Lopez,Corporate,North,Mississippi,Furniture,Shelving,Frank-Castillo Shelving,5,140.05,0.15,595.21,376.71,218.5
ORD-13552,2022-01-12,2022-01-19,Standard Class,CUST-2159,Gina Ward,Corporate,West,Iowa,Technology,Tablets,Sherman-Gilbert Tablets,6,334.06,0.3,1403.05,1160.24,242.81
ORD-13553,2021-12-14,2021-12-19,Standard Class,CUST-1690,John Taylor,Corporate,North,Tennessee,Technology,Printers,Palmer-Phillips Printers,1,484.91,0.05,460.66,262.9,197.76
ORD-13554,2022-04-01,2022-04-04,,CUST-2508,Nicole Gamble,Home Office,North,Massachusetts,Furniture,Shelving,"Garcia, Montgomery and Hunter Shelving",1,127.1,0.0,127.1,79.55,47.55
ORD-13555,2023-01-13,2023-01-19,Second Class,CUST-2786,Richard Montgomery,Consumer,South,Nevada,Technology,Monitors,Douglas Group Monitors,8,186.95,0.0,1495.6,999.53,496.07
ORD-13556,2021-11-04,2021-11-06,Standard Class,CUST-2383,Deborah Saunders,Corporate,North,Connecticut,Furniture,Desks,Lee-Fleming Desks,1,1179.71,0.0,1179.71,602.4,577.31
ORD-13557,2022-05-14,2022-05-19,Same Day,CUST-1322,Scott Tran,Corporate,West,Minnesota,Technology,Accessories,"Potts, Lloyd and Walker Accessories",4,26.8,0.05,101.84,60.83,41.01
ORD-13558,2021-09-24,2021-09-29,,CUST-2552,Robert Warner,Corporate,East,Nevada,Office Supplies,Storage,Johnson-Livingston Storage,3,75.95,0.0,227.85,119.23,108.62
ORD-13559,2023-04-06,2023-04-08,Same Day,CUST-1132,Linda Gray,Corporate,East,Mississippi,Technology,Printers,Clark-Fernandez Printers,5,212.98,0.15,905.16,485.5,419.66
ORD-13560,2021-06-12,2021-06-13,Standard Class,CUST-2060,Patricia Gates,Corporate,South,Rhode Island,Furniture,Shelving,"Austin, Morgan and Davis Shelving",10,202.82,0.05,1926.79,1211.93,714.86
ORD-13561,2023-06-17,2023-06-22,Standard Class,CUST-1043,Kevin Ryan,Home Office,East,Alabama,Furniture,Desks,Lee-Castro Desks,5,743.51,0.2,2974.04,1743.03,1231.01
ORD-13562,2021-12-16,2021-12-20,First Class,CUST-1340,Dennis Hill,Home Office,North,West Virginia,Technology,Phones,Black-Campbell Phones,5,953.04,0.05,4526.94,3153.26,1373.68
ORD-13563,2022-03-13,2022-03-19,Same Day,CUST-1559,Steven Christian,Consumer,East,South Dakota,Technology,Accessories,"Peterson, Tapia and Smith Accessories",5,82.81,0.1,372.65,225.43,147.22
ORD-13564,2022-10-18,2022-10-22,Second Class,CUST-1077,Rebecca Rogers,Consumer,West,New Hampshire,Technology,Accessories,Jackson-Howard Accessories,4,101.24,0.0,404.96,281.34,123.62
ORD-13565,2023-12-30,2024-01-01,First Class,CUST-1883,Maurice Perez,Consumer,East,Mississippi,Office Supplies,Binders,"Fox, Williams and Villa Binders",6,9.48,0.05,54.04,38.84,15.2
ORD-13566,2023-10-22,2023-10-25,First Class,CUST-1389,Victor Buck,Consumer,North,Idaho,Office Supplies,Labels,Hester-Carter Labels,2,3.32,0.0,6.64,3.67,2.97
ORD-13567,2023-01-23,2023-01-28,First Class,CUST-2934,Lisa Jackson,Consumer,North,Montana,Technology,Laptops,Lucas-Fuller Laptops,10,1842.31,0.05,17501.94,12154.91,5347.03
ORD-13568,2023-03-25,2023-03-30,First Class,CUST-1199,Tricia Anderson,Corporate,North,Kentucky,Office Supplies,Storage,Mills-Johnson Storage,4,13.19,0.1,47.48,31.55,15.93
ORD-13569,2023-03-21,2023-03-22,Standard Class,CUST-2148,Kim Miller,Home Office,South,Tennessee,Furniture,Chairs,Walker and Sons Chairs,4,776.27,0.0,3105.08,2031.46,1073.62
ORD-13570,2022-02-12,2022-02-19,Same Day,CUST-2021,Ian Stone,Home Office,West,Oregon,Office Supplies,Labels,Erickson Group Labels,9,18.13,0.05,155.01,95.67,59.34
ORD-13571,2021-03-04,2021-03-06,First Class,CUST-1193,Julie Sandoval,Consumer,North,Oklahoma,Furniture,Chairs,Bailey-Brown Chairs,2,365.43,0.0,730.86,510.03,220.83
ORD-13572,2022-04-25,2022-04-26,Standard Class,CUST-1781,Adrian Vaughn,Home Office,West,Michigan,Furniture,Chairs,"Hamilton, Anderson and Nguyen Chairs",9,651.74,0.0,5865.66,3080.78,2784.88
ORD-13573,2023-07-14,2023-07-18,Standard Class,CUST-1463,Sara Gonzalez,Consumer,East,Texas,Furniture,Shelving,"Knox, Skinner and Salinas Shelving",6,117.13,0.05,667.64,479.61,188.03
ORD-13574,2021-02-23,2021-02-27,Standard Class,CUST-1144,Robert Thompson,Corporate,North,South Dakota,Office Supplies,Paper,Berry-Cooper Paper,2,8.36,0.05,15.88,7.71,8.17
ORD-13575,2021-10-05,2021-10-12,First Class,CUST-2227,Sherri Torres,Home Office,West,Hawaii,Office Supplies,Envelopes,Robinson-Phillips Envelopes,7,28.1,0.1,177.03,103.8,73.23
ORD-13576,2021-10-14,2021-10-16,Standard Class,CUST-1524,Melissa Jones,Consumer,East,Minnesota,Technology,Tablets,"Parker, Perez and Miller Tablets",9,351.19,0.2,2528.57,1875.96,652.61
ORD-13577,2023-04-20,2023-04-27,Standard Class,CUST-1312,Jacob Carter,Consumer,North,Louisiana,Office Supplies,Storage,Carey Group Storage,5,19.95,0.0,99.75,64.35,35.4
ORD-13578,2022-02-01,2022-02-02,Standard Class,CUST-1898,David Shea,Consumer,West,Delaware,Office Supplies,Paper,"Shaffer, Robbins and Gomez Paper",5,57.27,0.05,272.03,179.03,93.0
ORD-13579,2022-12-10,2022-12-15,First Class,CUST-2889,Melissa Watkins,Home Office,North,New York,Office Supplies,Labels,Mitchell-Franco Labels,4,18.59,0.15,63.21,44.17,19.04
ORD-13580,2022-12-11,2022-12-15,Second Class,CUST-1206,Alicia Clayton,Home Office,West,Indiana,Office Supplies,Storage,Smith-Long Storage,6,12.76,0.1,68.9,40.53,28.37
ORD-13581,2021-10-15,2021-10-16,Standard Class,CUST-2069,Charles Warner,Home Office,North,South Carolina,Office Supplies,Storage,Erickson-Forbes Storage,8,37.28,0.0,298.24,195.51,102.73
ORD-13582,2022-01-16,2022-01-23,Same Day,CUST-1740,Brittney Lee,Home Office,East,Oregon,Furniture,Bookcases,"Singh, Williams and Martinez Bookcases",10,335.44,0.0,3354.4,2003.99,1350.41
ORD-13583,2023-11-18,2023-11-24,Second Class,CUST-2056,Timothy Henderson,Corporate,North,Maryland,Technology,Printers,Decker Inc Printers,2,319.42,0.0,638.84,426.71,212.13
ORD-13584,2021-10-25,2021-10-27,Standard Class,CUST-2722,Sue Hart,Corporate,East,North Dakota,Furniture,Tables,"Gonzales, Conrad and Thomas Tables",9,1047.77,0.1,8486.94,4724.76,3762.18
ORD-13585,2022-03-21,2022-03-22,,CUST-1097,James Coleman,Consumer,West,New York,Technology,Monitors,James-Garcia Monitors,2,769.64,0.1,1385.35,776.95,608.4
ORD-13586,2022-11-26,2022-11-30,,CUST-2708,Julie Medina,Corporate,West,Georgia,Office Supplies,Pens & Pencils,Kemp-Barnes Pens & Pencils,10,14.75,0.1,,67.94,64.81
ORD-13587,2021-01-15,2021-01-18,Standard Class,CUST-2758,Shelly Cook MD,Consumer,North,Rhode Island,Furniture,Tables,"Chan, Simmons and Cabrera Tables",10,171.44,0.0,1714.4,1164.54,549.86
ORD-13588,2023-04-30,2023-05-01,Second Class,CUST-2952,Katie Martinez,Corporate,West,Hawaii,Furniture,Desks,Richardson-Fisher Desks,7,945.2,0.2,5293.12,3653.19,1639.93
ORD-13589,2023-02-27,2023-03-04,First Class,CUST-2448,Scott Rowland,Home Office,West,Vermont,Technology,Phones,Coleman PLC Phones,8,1117.18,0.0,8937.44,5783.84,3153.6
ORD-13590,2023-08-26,2023-08-27,First Class,CUST-2647,Valerie Smith,Corporate,East,Montana,Furniture,Shelving,Anderson-Wright Shelving,5,229.51,0.0,1147.55,744.45,403.1
ORD-13591,2023-12-28,2024-01-03,Standard Class,CUST-2057,Edward Lopez,Home Office,East,Mississippi,Office Supplies,Paper,Middleton Ltd Paper,3,22.72,0.0,68.16,46.9,21.26
ORD-13592,2021-06-15,2021-06-18,Same Day,CUST-1493,David Hendricks,Corporate,East,Hawaii,Technology,Laptops,Butler-Sanders Laptops,10,916.02,0.0,9160.2,6231.13,2929.07
ORD-13593,2022-08-23,2022-08-27,Standard Class,CUST-1895,Chad Vega,Home Office,South,Mississippi,Technology,Tablets,Valdez-Smith Tablets,3,790.18,0.05,2252.01,1250.85,1001.16
ORD-13594,2023-10-25,2023-10-31,Same Day,CUST-1652,Mary Clark,Corporate,East,Minnesota,Office Supplies,Storage,Davis-Thomas Storage,3,74.89,0.0,224.67,114.17,110.5
ORD-13595,2021-03-28,2021-04-04,Standard Class,CUST-2962,David Salazar,Home Office,West,South Dakota,Office Supplies,Envelopes,Tyler Inc Envelopes,4,16.5,0.3,46.2,45.24,0.96
ORD-13596,2021-01-07,2021-01-12,Standard Class,CUST-2476,Douglas Simpson,Home Office,East,Colorado,Furniture,Tables,Powell-Kim Tables,8,260.38,0.15,1770.58,1183.3,587.28
ORD-13597,2022-12-21,2022-12-25,Standard Class,CUST-1988,Ricky Shepard,Home Office,West,Missouri,Office Supplies,Storage,Wong LLC Storage,8,39.36,0.0,314.88,144.82,170.06
ORD-13598,2022-12-05,2022-12-08,First Class,CUST-2567,Emily Mcintyre,Corporate,East,South Carolina,Technology,Laptops,"Case, Hernandez and Wilson Laptops",10,679.45,0.0,6794.5,4612.34,2182.16
ORD-13599,2023-10-15,2023-10-18,First Class,CUST-2853,Jamie Russell,Consumer,North,Wyoming,Office Supplies,Paper,Hill-Pugh Paper,7,23.94,0.1,150.82,112.95,37.87
ORD-13600,2022-02-02,2022-02-06,Second Class,CUST-2314,Elaine Fisher,Corporate,West,South Dakota,Technology,Laptops,"Stewart, Adams and Schultz Laptops",9,1231.4,0.05,10528.47,5047.81,5480.66
ORD-13601,2023-11-30,2023-12-05,Second Class,CUST-1465,Sharon Thompson,Home Office,West,New Jersey,Furniture,Chairs,Powell Inc Chairs,8,872.63,0.0,6981.04,4418.71,2562.33
ORD-13602,2022-02-23,2022-03-02,Same Day,CUST-2561,Wendy Conley,Corporate,East,Arkansas,Office Supplies,Pens & Pencils,Lee Ltd Pens & Pencils,8,11.67,0.05,88.69,54.74,33.95
ORD-13603,2023-09-03,2023-09-10,Standard Class,CUST-2624,Caroline Martin,Corporate,East,Iowa,Technology,Phones,"Ortiz, Williams and Li Phones",9,849.54,0.05,7263.57,4284.18,2979.39
ORD-13604,2022-05-11,2022-05-14,Second Class,CUST-2735,Jeffery Bass,Home Office,East,Iowa,Furniture,Tables,"Johnson, Baxter and Johnson Tables",7,877.82,0.15,5223.03,3454.02,1769.01
ORD-13605,2023-08-15,2023-08-19,Second Class,CUST-2284,Jerry Williams,Consumer,East,North Dakota,Technology,Phones,"Reed, Wallace and Rodriguez Phones",3,545.87,0.1,1473.85,772.33,701.52
ORD-13606,2021-06-08,2021-06-09,Same Day,CUST-1898,Jonathan Lynch,Consumer,West,California,Office Supplies,Labels,"Woods, Pearson and Scott Labels",8,18.24,0.0,145.92,86.98,58.94
ORD-13607,2022-08-03,2022-08-09,Same Day,CUST-1676,Roy Evans,Home Office,North,Oklahoma,Office Supplies,Labels,Morales Ltd Labels,1,19.08,0.2,15.26,11.99,3.27
ORD-13608,2023-04-14,2023-04-17,Standard Class,CUST-2756,Heather Cardenas,Corporate,North,Illinois,Furniture,Bookcases,Cummings-Clark Bookcases,5,267.09,0.0,1335.45,688.38,647.07
ORD-13609,2023-10-25,2023-10-31,Second Class,CUST-2088,Deborah Harris,Home Office,West,Iowa,Office Supplies,Binders,"Rios, Moore and Rodriguez Binders",2,6.18,0.0,12.36,5.95,6.41
ORD-13610,2021-07-29,2021-08-02,Same Day,CUST-1716,Stephen Little,Home Office,South,Kentucky,Furniture,Shelving,Molina LLC Shelving,-2,151.07,0.2,241.71,195.13,46.58
ORD-13611,2022-01-12,2022-01-16,First Class,CUST-1538,Ray Roberts,Corporate,East,Kansas,Furniture,Tables,"Collins, Williams and Proctor Tables",2,759.1,0.5,759.1,1012.28,-253.18
ORD-13612,2022-02-05,2022-02-08,Same Day,CUST-1285,Rachel Hernandez,Consumer,South,Oklahoma,Office Supplies,Binders,Wade-Walker Binders,10,28.47,0.0,284.7,197.02,87.68
ORD-13613,2022-07-24,2022-07-29,Standard Class,CUST-2566,Crystal Love,Home Office,East,Louisiana,Technology,Phones,Mejia Ltd Phones,2,916.6,0.0,1833.2,862.64,970.56
ORD-13614,2021-11-03,2021-11-08,Second Class,CUST-1139,Kimberly Roberts,Consumer,South,Kentucky,Office Supplies,Envelopes,King-Howell Envelopes,6,11.51,0.0,69.06,42.22,26.84
ORD-13615,2023-11-17,2023-11-23,First Class,CUST-2229,Devon Fernandez,Home Office,West,Minnesota,Furniture,Chairs,"Becker, Meadows and Hall Chairs",-4,530.83,0.0,2123.32,1087.65,1035.67
ORD-13616,2022-01-24,2022-01-28,First Class,CUST-2873,Kimberly Austin,Corporate,West,Vermont,Technology,Monitors,"Best, Green and Potter Monitors",8,583.22,0.2,3732.61,2652.7,1079.91
ORD-13617,2021-02-27,2021-03-04,Standard Class,CUST-2994,Karen Ortiz,Consumer,West,New Mexico,Furniture,Shelving,Moreno Ltd Shelving,10,111.92,0.05,1063.24,609.85,453.39
ORD-13618,2022-09-08,2022-09-12,Same Day,CUST-1168,Roy Garcia,Consumer,East,Michigan,Technology,Phones,King-Young Phones,6,491.01,0.05,2798.76,1522.81,1275.95
ORD-13619,2023-11-23,2023-11-24,Second Class,CUST-1077,Sandra Mitchell,Consumer,North,Alabama,Technology,Accessories,Martin-Clayton Accessories,10,140.04,0.3,980.28,919.79,60.49
ORD-13620,2021-03-07,2021-03-10,Standard Class,CUST-1794,Christine Johnson,Home Office,East,Minnesota,Office Supplies,Envelopes,Kidd LLC Envelopes,3,5.6,0.05,15.96,9.7,6.26
ORD-13621,2021-04-21,2021-04-28,Same Day,CUST-2974,Johnny Pope,Home Office,West,Iowa,Technology,Monitors,Davis and Sons Monitors,1,516.42,0.1,464.78,280.39,184.39
ORD-13622,2023-12-26,2023-12-29,Second Class,CUST-1448,Mr. Matthew Decker,Consumer,North,North Carolina,Technology,Phones,"Rodriguez, Miller and Berry Phones",8,441.92,0.05,3358.59,2435.1,923.49
ORD-13623,2023-06-10,2023-06-14,First Class,CUST-2122,Sharon Shaw,Corporate,South,Alabama,Technology,Monitors,Hall-Jefferson Monitors,4,313.7,0.05,1192.06,640.8,551.26
ORD-13624,2022-02-26,2022-02-27,Same Day,CUST-2800,Lisa Ferguson,Consumer,South,Indiana,Technology,Tablets,Rowe-Russell Tablets,5,424.84,0.1,1911.78,1029.49,882.29
ORD-13625,2021-09-02,2021-09-05,Second Class,CUST-2573,Brian Brown,Corporate,West,Illinois,Office Supplies,Pens & Pencils,"Smith, Braun and Miller Pens & Pencils",9,23.67,0.05,202.38,96.98,105.4
ORD-13626,2022-12-05,2022-12-08,Second Class,CUST-1667,Ethan Andrews,Home Office,West,Oregon,Technology,Accessories,Nelson Group Accessories,1,67.76,0.0,67.76,35.58,32.18
ORD-13627,2022-03-08,2022-03-09,Same Day,CUST-1322,Joseph Anderson,Corporate,East,Alaska,Technology,Laptops,"Brown, Saunders and Ward Laptops",2,922.78,0.0,1845.56,1215.22,630.34
ORD-13628,2023-01-31,2023-02-05,First Class,CUST-1025,Victor Ibarra,Home Office,North,Wyoming,Office Supplies,Labels,Sanders-Brown Labels,7,15.05,0.2,84.28,61.32,22.96
ORD-13629,2023-08-28,2023-08-31,Same Day,CUST-2298,Alexis Cook,Consumer,South,Alabama,Technology,Printers,Evans PLC Printers,6,368.49,0.05,2100.39,1098.53,1001.86
ORD-13630,2023-11-24,2023-12-01,Same Day,CUST-1890,Linda Flores,Corporate,East,Pennsylvania,Office Supplies,Pens & Pencils,Hodges-Rodriguez Pens & Pencils,1,6.24,0.0,6.24,4.26,1.98
ORD-13631,2021-08-28,2021-09-02,Standard Class,CUST-2673,Danielle Hall,Corporate,South,South Dakota,Furniture,Tables,"Sherman, Dorsey and Mcguire Tables",10,177.76,0.15,1510.96,1103.57,407.39
ORD-13632,2021-09-05,2021-09-10,Standard Class,CUST-2967,Ryan Sanchez,Consumer,North,Maryland,Furniture,Desks,Rhodes Inc Desks,3,480.04,0.0,1440.12,968.38,471.74
ORD-13633,2023-01-06,2023-01-10,Second Class,CUST-2169,Jacqueline Poole,Home Office,North,Nebraska,Furniture,Desks,Booth-Young Desks,1,296.66,0.0,296.66,176.99,119.67
ORD-13634,2022-01-07,2022-01-10,Standard Class,CUST-2836,Kathryn Meyer,Home Office,North,Montana,Office Supplies,Storage,Morton LLC Storage,8,36.81,0.0,294.48,196.07,98.41
ORD-13635,2023-10-27,2023-10-30,Standard Class,CUST-1079,Joshua Barton,Consumer,West,Maryland,Technology,Phones,Mcintosh-Johnston Phones,1,391.45,0.15,332.73,226.54,106.19
ORD-13636,2022-11-28,2022-11-29,Second Class,CUST-1408,Darren Calhoun,Consumer,West,Colorado,Technology,Laptops,Jenkins-Flowers Laptops,4,1194.6,0.15,4061.64,3225.07,836.57
ORD-13637,2022-06-11,2022-06-18,Standard Class,CUST-1883,April Little,Corporate,West,Alaska,Technology,Accessories,"Cuevas, Thompson and Lambert Accessories",6,107.3,0.0,643.8,441.6,202.2
ORD-13638,2021-09-03,2021-09-06,First Class,CUST-1017,Jessica Casey,Consumer,North,Massachusetts,Furniture,Tables,"Woodward, Mcbride and Harvey Tables",7,642.88,0.15,3825.14,2989.14,836.0
ORD-13639,2023-08-31,2023-09-02,First Class,CUST-2963,Christine Oneal,Consumer,South,Georgia,Technology,Accessories,Morris Ltd Accessories,8,25.36,0.0,202.88,96.25,106.63
ORD-13640,2021-10-17,2021-10-24,Same Day,CUST-1550,Gerald Archer,Corporate,North,Colorado,Office Supplies,Envelopes,"Jones, Lopez and Campbell Envelopes",9,28.42,0.1,230.2,172.88,57.32
ORD-13641,2021-03-28,2021-04-03,Same Day,CUST-2816,Anthony Mcneil,Corporate,North,Maryland,Technology,Printers,Lopez LLC Printers,8,223.49,0.0,1787.92,999.93,787.99
ORD-13642,2022-02-27,2022-03-02,Second Class,CUST-1584,David Collins,Consumer,South,Hawaii,Technology,Tablets,Sanders-Ellis Tablets,3,733.19,0.05,2089.59,1333.76,755.83
ORD-13643,2022-12-13,2022-12-19,Standard Class,CUST-2328,Glenda Smith,Consumer,West,New York,Office Supplies,Labels,"Bradley, Hughes and Gallegos Labels",7,13.56,0.3,66.44,65.74,0.7
ORD-13644,2022-04-03,2022-04-09,Second Class,CUST-1394,Jose Torres,Corporate,North,Wisconsin,Office Supplies,Storage,Hayes and Sons Storage,8,64.06,0.0,512.48,349.64,162.84
ORD-1683,2021-06-29,2021-07-01,First Class,CUST-2855,Jacqueline Edwards,Home Office,East,Maine,Furniture,Shelving,Avila Group Shelving,5,113.03,0.0,565.15,282.3,282.85
ORD-13646,2023-07-18,2023-07-19,Same Day,CUST-2964,Jacob Norris,Corporate,South,Wisconsin,Technology,Tablets,Roberts LLC Tablets,3,761.65,0.05,2170.7,1594.21,576.49
ORD-13647,2023-09-24,2023-09-25,Same Day,CUST-1161,Brian Pacheco,Home Office,North,South Carolina,Technology,Phones,Ross-Skinner Phones,2,861.1,0.0,1722.2,901.79,820.41
ORD-13648,2021-01-01,2021-01-05,First Class,CUST-2035,Aaron Russell,Corporate,West,Wyoming,Furniture,Desks,Ayala Group Desks,3,1066.25,0.05,3038.81,2058.87,979.94
ORD-13649,2022-01-18,2022-01-23,Standard Class,CUST-2446,Mary Hicks,Consumer,West,Utah,Technology,Tablets,"Frazier, Brooks and Roy Tablets",7,780.26,0.0,5461.82,3631.77,1830.05
ORD-13650,2022-02-10,2022-02-16,Standard Class,CUST-1536,Alison Hanna,Home Office,South,Maine,Office Supplies,Labels,Reynolds LLC Labels,4,9.75,0.0,39.0,20.69,18.31
ORD-13651,2023-03-20,2023-03-25,Standard Class,CUST-1649,Alexandra Hampton,Home Office,East,Tennessee,Furniture,Shelving,Johnson LLC Shelving,10,146.1,0.0,1461.0,774.24,686.76
ORD-13652,2022-05-08,2022-05-09,Second Class,CUST-1716,Jose Snyder Jr.,Home Office,North,Vermont,Furniture,Tables,"Rowland, Harmon and Warren Tables",-3,1412.08,0.0,4236.24,2269.7,1966.54
ORD-13653,2021-07-18,2021-07-24,Second Class,CUST-2060,Kimberly Christian,Corporate,South,Alabama,Furniture,Shelving,Miller PLC Shelving,6,242.05,0.0,1452.3,758.77,693.53
ORD-13654,2023-07-17,2023-07-24,Second Class,CUST-2036,John Park,Consumer,East,Arkansas,Office Supplies,Labels,Rogers and Sons Labels,4,18.47,0.2,59.1,51.5,7.6
ORD-13655,2023-08-29,2023-08-30,Standard Class,CUST-2362,Daniel Sanchez,Consumer,North,Texas,Technology,Phones,Greene-Taylor Phones,4,782.95,0.0,3131.8,1478.94,1652.86
ORD-13656,2022-10-17,2022-10-21,Second Class,CUST-1970,Maria Smith,Home Office,North,West Virginia,Technology,Monitors,Davis-Hernandez Monitors,3,363.37,0.0,1090.11,626.3,463.81
ORD-13657,2022-05-05,2022-05-06,Standard Class,CUST-1345,Kelsey Pace,Home Office,North,Ohio,Furniture,Bookcases,"Silva, Kennedy and Cruz Bookcases",1,341.09,0.0,341.09,161.18,179.91
ORD-13658,2021-11-28,2021-11-29,Second Class,CUST-2770,Joel Vazquez,Home Office,North,Tennessee,Office Supplies,Labels,"Taylor, Wilson and Miller Labels",5,12.6,0.2,50.4,40.49,9.91
ORD-13659,2022-08-15,2022-08-18,Second Class,CUST-2883,Austin Castaneda,Home Office,East,Indiana,Furniture,Desks,"Sexton, Garcia and Adams Desks",8,612.68,0.2,3921.15,3076.49,844.66
ORD-13660,2022-11-04,2022-11-09,Second Class,CUST-2810,Michelle Sexton,Consumer,North,Delaware,Office Supplies,Labels,Lane-Scott Labels,2,12.32,0.0,24.64,13.53,11.11
ORD-13661,2022-04-02,2022-04-07,Standard Class,CUST-1769,Todd Arnold,Corporate,West,South Dakota,Office Supplies,Labels,Morgan and Sons Labels,2,10.3,0.05,19.57,13.33,6.24
ORD-13662,2021-08-31,2021-09-04,Second Class,CUST-2160,Andrea Cole,Consumer,West,Louisiana,Technology,Tablets,Lee-Ramos Tablets,10,455.57,0.0,4555.7,2518.65,2037.05
ORD-13663,2022-08-31,2022-09-05,Same Day,CUST-2222,Mitchell Gonzales,Corporate,West,Nevada,Office Supplies,Envelopes,Hill Inc Envelopes,9,3.72,0.15,28.46,22.77,5.69
ORD-13664,2021-03-11,2021-03-17,Standard Class,CUST-1393,Katherine Foster,Home Office,South,Louisiana,Furniture,Bookcases,Taylor and Sons Bookcases,8,324.2,0.0,2593.6,1466.92,1126.68
ORD-13665,2021-12-26,2021-12-30,First Class,CUST-2671,Brett Lewis,Corporate,West,Maryland,Office Supplies,Binders,"Rasmussen, Hays and Price Binders",4,34.0,0.05,129.2,92.7,36.5
ORD-1761,2021-11-15,2021-11-16,Same Day,CUST-2922,Jason Ramirez,Consumer,South,Maine,Technology,Phones,Boyle Ltd Phones,9,445.88,0.2,3210.34,2563.52,646.82
ORD-13667,2021-01-31,2021-02-02,Second Class,CUST-2930,David Odom,Consumer,East,Montana,Technology,Monitors,Grant Group Monitors,6,313.39,0.05,1786.32,1084.92,701.4
ORD-13668,2023-06-18,2023-06-23,Second Class,CUST-2705,Larry Smith,Home Office,North,Ohio,Office Supplies,Storage,"Nelson, Wilkins and Barber Storage",4,37.88,0.0,151.52,94.08,57.44
ORD-13669,2023-10-05,2023-10-08,First Class,CUST-2306,Tyler Nelson,Home Office,East,Iowa,Office Supplies,Binders,Walker and Sons Binders,2,9.97,0.0,19.94,9.37,10.57
ORD-13670,2022-10-10,2022-10-17,Second Class,CUST-1413,Patricia Jones,Corporate,East,Pennsylvania,Furniture,Tables,Jones Ltd Tables,2,793.43,0.1,1428.17,923.72,504.45
ORD-13671,2021-01-23,2021-01-28,Same Day,CUST-2361,Martin Stein,Corporate,North,Virginia,Furniture,Chairs,"Smith, Nielsen and Welch Chairs",5,875.34,0.0,4376.7,2164.82,2211.88
ORD-13672,2021-06-06,2021-06-11,Same Day,CUST-1014,Michael Henderson,Corporate,East,Hawaii,Technology,Accessories,Valencia and Sons Accessories,2,44.52,0.0,89.04,41.47,47.57
ORD-13673,2021-02-15,2021-02-17,Same Day,CUST-2137,Dwayne Rivera,Home Office,West,South Carolina,Furniture,Shelving,Fowler-Smith Shelving,10,188.79,0.0,1887.9,1279.08,608.82
ORD-13674,2023-09-16,2023-09-22,Standard Class,CUST-1834,Amanda Jackson,Corporate,East,Mississippi,Technology,Printers,Lee LLC Printers,5,98.17,0.0,490.85,257.13,233.72
ORD-13675,2022-09-10,2022-09-16,First Class,CUST-1841,Jennifer Henry,Corporate,South,Pennsylvania,Office Supplies,Pens & Pencils,Taylor-Moore Pens & Pencils,3,3.98,0.3,8.36,5.6,2.76
ORD-13676,2021-04-22,2021-04-26,First Class,CUST-1666,Isaiah Ferrell,Consumer,East,Kentucky,Technology,Accessories,Williams-Martin Accessories,4,37.5,0.0,150.0,79.98,70.02
ORD-13677,2023-03-16,2023-03-22,Same Day,CUST-2654,Rachel Russo,Home Office,West,Alabama,Furniture,Chairs,Taylor Group Chairs,10,132.73,0.0,1327.3,603.82,723.48
ORD-13678,2022-07-19,2022-07-24,First Class,CUST-2195,Gina Harris,Consumer,East,Minnesota,Office Supplies,Labels,Hayes-Jones Labels,4,13.25,0.0,53.0,36.41,16.59
ORD-13679,2023-12-03,2023-12-06,First Class,CUST-2921,Douglas Gonzalez,Consumer,South,Colorado,Technology,Printers,Carter-Hudson Printers,10,557.04,0.0,5570.4,2612.37,2958.03
ORD-13680,2021-04-11,2021-04-12,Second Class,CUST-1212,Andrew Ross MD,Consumer,West,Idaho,Furniture,Bookcases,"Gay, Williams and Cooper Bookcases",7,340.27,0.0,2381.89,1343.24,1038.65
ORD-13681,2021-02-05,2021-02-08,Standard Class,CUST-1784,Kimberly Thomas,Consumer,South,New Mexico,Office Supplies,Binders,Mills-Norris Binders,5,38.74,0.1,174.33,94.83,79.5
ORD-13682,2023-01-10,2023-01-14,Second Class,CUST-2422,Dr. Samuel Hamilton Jr.,Home Office,South,Hawaii,Furniture,Desks,Perkins Ltd Desks,7,824.7,0.0,5772.9,3395.06,2377.84
ORD-1027,2022-05-05,2022-05-12,Second Class,CUST-2866,Phillip Johnson,Home Office,South,Wisconsin,Furniture,Bookcases,"Walker, Ashley and Sanchez Bookcases",2,490.59,0.0,981.18,546.42,434.76
ORD-13684,2023-06-14,2023-06-15,Same Day,CUST-1194,John Freeman,Corporate,South,Montana,Office Supplies,Pens & Pencils,West-Martin Pens & Pencils,8,4.67,0.05,35.49,23.49,12.0
ORD-13685,2023-02-04,2023-02-06,Second Class,CUST-2544,Michael Simmons,Home Office,West,Vermont,Furniture,Desks,Sanchez-Brown Desks,6,360.86,0.05,2056.9,1018.88,1038.02
ORD-13686,2021-02-27,2021-03-04,First Class,CUST-1914,Samantha Moreno,Home Office,West,Connecticut,Furniture,Desks,Ewing Group Desks,6,890.19,0.1,4807.03,3735.23,1071.8
ORD-13687,2022-08-08,2022-08-12,Standard Class,CUST-1198,Samantha Baker,Corporate,South,Ohio,Technology,Phones,"Wright, Schwartz and Anderson Phones",9,750.61,0.1,6079.94,3257.13,2822.81
ORD-13688,2023-06-19,2023-06-21,First Class,CUST-1445,Anita Brooks,Consumer,South,South Dakota,Office Supplies,Binders,Roberts Ltd Binders,1,25.12,0.0,25.12,15.68,9.44
ORD-13689,2021-11-21,2021-11-24,Second Class,CUST-1279,Cheryl Thomas,Home Office,West,Maryland,Office Supplies,Binders,Middleton PLC Binders,4,34.67,0.0,138.68,88.27,50.41
ORD-13690,2022-10-02,2022-10-04,First Class,CUST-1704,Kylie Silva,Corporate,East,South Dakota,Furniture,Bookcases,Hall-Ruiz Bookcases,10,269.8,0.0,2698.0,1512.76,1185.24
ORD-13691,2022-07-04,2022-07-07,Second Class,CUST-2545,Catherine Owens,Consumer,East,North Dakota,Furniture,Chairs,Harding LLC Chairs,6,397.1,0.0,2382.6,1448.66,933.94
ORD-13692,2022-06-25,2022-06-29,Same Day,CUST-1247,Charles Green,Home Office,East,Louisiana,Furniture,Bookcases,Jackson Inc Bookcases,10,112.23,0.0,1122.3,763.75,358.55
ORD-13693,2021-12-21,2021-12-23,Standard Class,CUST-2705,Ashley Thompson,Corporate,West,Louisiana,Furniture,Tables,Day PLC Tables,7,158.07,0.0,1106.49,616.54,489.95
ORD-13694,2021-09-22,2021-09-26,First Class,CUST-2062,Zachary Nguyen,Home Office,South,Kansas,Technology,Printers,"Moran, Quinn and Martinez Printers",5,398.57,0.05,1893.21,1187.97,705.24
ORD-13695,2023-08-29,2023-09-04,Standard Class,CUST-2027,Taylor Mooney,Home Office,South,Missouri,Technology,Printers,Waters-Silva Printers,9,470.77,0.0,,1929.21,2307.72
ORD-13696,2022-07-15,2022-07-22,Standard Class,CUST-2390,Charles Burton,Corporate,West,Wyoming,Technology,Laptops,Washington-Davis Laptops,3,1412.38,0.0,4237.14,2755.77,1481.37
ORD-13697,2021-01-24,2021-01-26,Second Class,CUST-2628,Andre Reeves,Home Office,South,West Virginia,Furniture,Chairs,"Gomez, Hawkins and Schaefer Chairs",3,253.5,0.0,760.5,524.62,235.88
ORD-13698,2022-05-29,2022-05-31,Second Class,CUST-1475,Tiffany Clarke,Consumer,South,Alaska,Technology,Phones,"Gonzalez, Shelton and Scott Phones",3,797.68,0.15,2034.08,1443.22,590.86
ORD-13699,2023-10-02,2023-10-03,Second Class,CUST-1777,Yvette Fletcher,Home Office,East,Maryland,Office Supplies,Paper,Hurley Inc Paper,8,35.3,0.0,282.4,164.79,117.61
ORD-13700,2021-04-13,2021-04-18,First Class,CUST-1172,Edward Kerr DVM,Consumer,South,Indiana,Technology,Printers,Thomas and Sons Printers,9,278.24,0.05,2378.95,1228.07,1150.88
ORD-13701,2023-07-25,2023-07-31,,CUST-1224,Sarah Glover,Consumer,West,North Carolina,Furniture,Shelving,"Clark, Stewart and Smith Shelving",7,148.33,0.3,726.82,629.01,97.81
ORD-13702,2022-12-06,2022-12-11,Same Day,CUST-1043,Arthur Williams,Consumer,South,Arizona,Technology,Printers,Baker-Hood Printers,1,596.05,0.0,596.05,286.97,309.08
ORD-13703,2023-06-24,2023-06-29,First Class,CUST-2004,Linda Carter,Consumer,East,Rhode Island,Office Supplies,Labels,Lopez Inc Labels,9,12.36,0.0,111.24,69.49,41.75
ORD-13704,2022-09-11,2022-09-15,First Class,CUST-1105,Selena Horton,Consumer,West,South Carolina,Office Supplies,Envelopes,May PLC Envelopes,10,26.23,0.1,236.07,123.39,112.68
ORD-13705,2021-11-01,2021-11-02,Same Day,CUST-1413,Sarah Henson,Corporate,North,Nevada,Technology,Tablets,"Woods, Scott and Davis Tablets",1,677.97,0.0,677.97,458.09,219.88
ORD-13706,2021-08-14,2021-08-20,Same Day,CUST-2109,Tiffany Hawkins,Corporate,North,Ohio,Office Supplies,Envelopes,Murphy-Stewart Envelopes,6,5.34,0.05,30.44,20.97,9.47
ORD-13707,2023-12-05,2023-12-12,Standard Class,CUST-2253,Anita Yates,Corporate,North,Massachusetts,Office Supplies,Paper,Zhang PLC Paper,5,8.54,0.0,42.7,28.82,13.88
ORD-13708,2023-03-10,2023-03-14,Standard Class,CUST-1456,Douglas Hudson,Consumer,South,Kansas,Furniture,Desks,Castaneda Group Desks,7,897.73,0.0,6284.11,3193.55,3090.56
ORD-13709,2021-01-10,2021-01-14,Standard Class,CUST-1560,Lindsey Alexander,Corporate,South,Alaska,Office Supplies,Pens & Pencils,Brown Group Pens & Pencils,1,2.53,0.1,2.28,1.66,0.62
ORD-13710,2023-10-24,2023-10-25,First Class,CUST-2339,Justin Jordan,Home Office,East,Florida,Technology,Phones,David PLC Phones,5,547.33,0.3,1915.65,1583.04,332.61
ORD-13711,2021-03-25,2021-03-31,Second Class,CUST-2233,Charles Spencer,Home Office,East,Nebraska,Office Supplies,Paper,Jones Group Paper,10,59.5,0.0,595.0,350.76,244.24
ORD-13712,2021-01-12,2021-01-16,Standard Class,CUST-2107,Alexis Thomas,Consumer,South,Arkansas,Furniture,Shelving,Leach Inc Shelving,5,93.28,0.05,443.08,217.98,225.1
ORD-13713,2022-05-02,2022-05-08,Same Day,CUST-1689,Stephanie Foster,Home Office,North,Delaware,Technology,Monitors,Lee LLC Monitors,8,214.32,0.05,1628.83,895.03,733.8
ORD-13714,2023-02-09,2023-02-12,Standard Class,CUST-1667,Mr. Christopher Brown,Home Office,South,Louisiana,Furniture,Tables,Davis Group Tables,9,503.76,0.0,4533.84,2158.74,2375.1
ORD-13715,2023-12-28,2023-12-30,First Class,CUST-1746,Mr. Charles Maldonado,Home Office,West,Texas,Technology,Tablets,Ford-Lara Tablets,4,398.62,0.1,1435.03,859.97,575.06
ORD-13716,2021-08-06,2021-08-13,First Class,CUST-2059,Ernest Mcclure,Home Office,North,Illinois,Office Supplies,Envelopes,Rubio and Sons Envelopes,5,22.35,0.2,89.4,76.98,12.42
ORD-13717,2023-08-09,2023-08-10,Second Class,CUST-2004,Catherine Le,Home Office,North,South Dakota,Technology,Phones,Mcguire-Mcmahon Phones,9,827.73,0.2,5959.66,3503.02,2456.64
ORD-13718,2021-06-23,2021-06-29,First Class,CUST-2331,Elizabeth Scott,Consumer,South,Rhode Island,Office Supplies,Envelopes,Stewart and Sons Envelopes,4,14.44,0.3,40.43,33.85,6.58
ORD-13719,2022-06-29,2022-07-02,Standard Class,CUST-1890,Scott Lopez,Home Office,North,Maine,Furniture,Tables,"Edwards, Miller and Thomas Tables",2,759.44,0.2,1215.1,874.44,340.66
ORD-13720,2021-07-09,2021-07-11,Same Day,CUST-1716,Jose Sutton,Home Office,East,Idaho,Technology,Printers,"Salinas, Dodson and Jenkins Printers",3,532.31,0.15,1357.39,844.6,512.79
ORD-13721,2021-02-06,2021-02-13,First Class,CUST-2441,Angelica Dennis MD,Corporate,North,Delaware,Office Supplies,Labels,"Long, Williams and Santana Labels",6,13.96,0.0,83.76,56.58,27.18
ORD-13722,2023-02-06,2023-02-08,First Class,CUST-1504,Heather Boyer,Home Office,West,Utah,Furniture,Shelving,"Bryant, Finley and Garcia Shelving",6,288.78,0.0,1732.68,962.84,769.84
ORD-13723,2022-06-10,2022-06-16,Same Day,CUST-2726,Stephen Ward,Consumer,North,New Hampshire,Furniture,Desks,"Lewis, Cook and Zhang Desks",1,973.57,0.0,973.57,608.86,364.71
ORD-13724,2021-09-26,2021-09-29,First Class,CUST-1968,Brandon Garcia,Corporate,South,Maine,Office Supplies,Storage,Dyer Ltd Storage,8,51.25,0.0,410.0,191.23,218.77
ORD-13725,2023-07-31,2023-08-01,Standard Class,CUST-1350,Christina Thomas,Consumer,South,Vermont,Office Supplies,Binders,"Rivera, Hurst and Gilbert Binders",10,15.11,0.0,151.1,105.46,45.64
ORD-13726,2022-11-19,2022-11-24,Same Day,CUST-1260,Gail Perez,Corporate,North,North Dakota,Office Supplies,Binders,"Ferrell, Alvarado and Schroeder Binders",1,36.44,0.0,36.44,20.19,16.25
ORD-13727,2021-09-20,2021-09-22,Standard Class,CUST-1271,Matthew Berry,Home Office,North,Texas,Technology,Printers,"Buckley, Robinson and Carpenter Printers",5,420.96,0.2,1683.84,1466.67,217.17
ORD-13728,2023-07-18,2023-07-19,Same Day,CUST-2471,Jason Knight,Corporate,South,Delaware,Technology,Monitors,Tucker Ltd Monitors,4,393.22,0.0,1572.88,829.25,743.63
ORD-13729,2023-08-02,2023-08-05,Second Class,CUST-2042,Crystal Mitchell,Corporate,South,Alaska,Technology,Laptops,Roach-Mason Laptops,6,1664.24,0.0,9985.44,5528.73,4456.71
ORD-13730,2023-08-15,2023-08-22,Same Day,CUST-2330,Alicia Rasmussen,Home Office,South,Tennessee,Technology,Phones,"Brown, Kane and Woods Phones",3,487.69,0.0,1463.07,1006.31,456.76
ORD-13731,2021-11-16,2021-11-23,Standard Class,CUST-2686,Yolanda Molina,Corporate,East,Ohio,Furniture,Chairs,Mckinney-Blake Chairs,3,250.14,0.0,750.42,355.63,394.79
ORD-13732,2022-01-26,2022-02-01,First Class,CUST-2334,Shane Clark,Consumer,West,Delaware,Office Supplies,Pens & Pencils,"Griffith, Roberts and Robinson Pens & Pencils",2,24.28,0.2,38.85,23.11,15.74
ORD-13733,2023-06-14,2023-06-20,First Class,CUST-2456,Sandra Schmidt,Corporate,South,Maryland,Furniture,Chairs,Payne-Johnston Chairs,5,566.17,0.0,2830.85,1898.64,932.21
ORD-13734,2023-01-22,2023-01-28,Second Class,CUST-1250,Dwayne Hopkins,Home Office,West,Alaska,Office Supplies,Binders,Ortiz LLC Binders,2,18.21,0.0,36.42,19.17,17.25
ORD-13735,2022-08-23,2022-08-25,Standard Class,CUST-1921,Nathan Guzman,Consumer,West,Illinois,Office Supplies,Storage,Miller Ltd Storage,10,34.12,0.1,307.08,164.67,142.41
ORD-13736,2023-07-14,2023-07-20,First Class,CUST-1135,Jennifer Sanders,Consumer,East,Iowa,Office Supplies,Pens & Pencils,"Carlson, Rodriguez and Kelley Pens & Pencils",4,7.24,0.1,26.06,18.9,7.16
ORD-13737,2023-08-23,2023-08-27,Second Class,CUST-2299,Susan Wade,Home Office,North,Alabama,Technology,Tablets,Kim-Werner Tablets,1,255.1,0.15,216.83,141.69,75.14
ORD-13738,2022-06-22,2022-06-26,Standard Class,CUST-1380,John Johnson,Home Office,North,Pennsylvania,Furniture,Chairs,"Thompson, Simmons and Kim Chairs",4,488.9,0.0,1955.6,1212.98,742.62
ORD-13739,2022-02-15,2022-02-20,Same Day,CUST-1967,Jason Mccarthy,Home Office,South,Maine,Office Supplies,Labels,Fletcher-Miller Labels,7,8.13,0.2,45.53,26.87,18.66
ORD-13740,2022-11-29,2022-12-06,Second Class,CUST-2082,Kenneth Edwards,Home Office,North,Ohio,Technology,Phones,Allen-Mitchell Phones,9,972.52,0.0,8752.68,3956.56,4796.12
ORD-13741,2022-12-23,2022-12-28,Same Day,CUST-1204,Joanna Hill,Corporate,West,Wisconsin,Office Supplies,Storage,Owens-Guerra Storage,7,51.9,0.0,363.3,182.86,180.44
ORD-13742,2021-05-15,2021-05-16,Same Day,CUST-1543,Shelby Ortega,Home Office,West,North Dakota,Technology,Laptops,Gregory and Sons Laptops,5,832.67,0.0,4163.35,2605.63,1557.72
ORD-13743,2022-08-17,2022-08-20,First Class,CUST-2631,Jeffrey Cline,Corporate,East,New Hampshire,Furniture,Chairs,Hopkins-Lyons Chairs,3,537.57,0.0,1612.71,981.48,631.23
ORD-13744,2022-06-22,2022-06-24,First Class,CUST-1287,Amber Nelson,Home Office,North,Arizona,Furniture,Bookcases,Greene Ltd Bookcases,7,405.47,0.15,2412.55,1510.37,902.18
ORD-13745,2021-09-23,2021-09-27,Standard Class,CUST-1812,Travis Baker,Consumer,South,Texas,Office Supplies,Binders,Perry PLC Binders,1,17.04,0.0,17.04,11.52,5.52
ORD-13746,2021-08-17,2021-08-24,Second Class,CUST-2973,Edward Carter,Consumer,West,Maryland,Technology,Accessories,Nelson Group Accessories,6,94.15,0.0,564.9,356.51,208.39
ORD-13747,2022-03-14,2022-03-17,Same Day,CUST-1104,Jorge House,Home Office,West,Louisiana,Office Supplies,Storage,"Zamora, Prince and Rose Storage",4,54.7,0.0,218.8,111.65,107.15
ORD-13748,2021-06-21,2021-06-26,Second Class,CUST-2880,Pamela Curry,Home Office,East,Georgia,Office Supplies,Binders,Armstrong PLC Binders,10,23.84,0.0,238.4,116.71,121.69
ORD-13749,2023-03-13,2023-03-18,First Class,CUST-1177,Tony Scott,Corporate,West,New Hampshire,Technology,Phones,Smith-Snow Phones,9,436.23,0.0,3926.07,2123.26,1802.81
ORD-13750,2023-03-16,2023-03-18,Same Day,CUST-1362,Jose Blake,Corporate,South,Missouri,Technology,Phones,Daniel Inc Phones,6,1169.18,0.0,7015.08,3980.14,3034.94
ORD-13751,2022-07-04,2022-07-09,First Class,CUST-2331,Emily Caldwell,Consumer,North,Utah,Furniture,Chairs,Brown-Bishop Chairs,5,865.87,0.0,4329.35,2863.73,1465.62
ORD-13752,2021-07-02,2021-07-04,First Class,CUST-2858,Justin Johnson,Home Office,East,North Dakota,Office Supplies,Pens & Pencils,"Johnson, Long and Flores Pens & Pencils",4,10.85,0.0,43.4,28.21,15.19
ORD-13753,2022-04-25,2022-04-26,Second Class,CUST-2338,Tammy Walters,Consumer,South,New Mexico,Furniture,Chairs,Baker LLC Chairs,3,247.67,0.3,520.11,440.96,79.15
ORD-13754,2023-06-18,2023-06-19,Same Day,CUST-2392,Tyler Conner,Corporate,South,Indiana,Furniture,Chairs,Roth LLC Chairs,5,215.24,0.2,860.96,694.84,166.12
ORD-13755,2021-01-15,2021-01-20,First Class,CUST-1998,Daniel Whitehead,Consumer,East,Alaska,Furniture,Shelving,"Odom, Garcia and Vasquez Shelving",3,81.32,0.0,243.96,166.52,77.44
ORD-13756,2021-10-17,2021-10-18,First Class,CUST-1386,Gina Ho,Consumer,North,Oregon,Furniture,Bookcases,Salazar-Little Bookcases,7,315.35,0.0,2207.45,1396.61,810.84
ORD-13757,2023-05-23,2023-05-27,Same Day,CUST-1611,Laura Oconnell,Corporate,North,Washington,Technology,Printers,"Thompson, Payne and Collins Printers",4,195.31,0.0,781.24,442.38,338.86
ORD-13758,2023-10-09,2023-10-11,First Class,CUST-1767,Douglas Mclaughlin,Corporate,South,Minnesota,Technology,Accessories,"Ford, Neal and Andersen Accessories",9,22.08,0.0,198.72,105.84,92.88
ORD-13759,2022-08-07,2022-08-14,First Class,CUST-2070,Kenneth Gardner,Consumer,West,South Dakota,Technology,Laptops,Moore-Waters Laptops,9,1155.31,0.15,8838.12,5079.66,3758.46
ORD-13760,2023-12-26,2024-01-01,Second Class,CUST-2457,Chris Walter,Corporate,West,Maryland,Technology,Phones,Perez-Ruiz Phones,9,358.98,0.05,3069.28,1922.31,1146.97
ORD-13761,2022-01-04,2022-01-09,First Class,CUST-2503,Rhonda Mcclain,Consumer,North,New Mexico,Furniture,Shelving,Chaney-Phillips Shelving,2,177.39,0.0,354.78,238.52,116.26
ORD-13762,2022-04-24,2022-04-30,Standard Class,CUST-1331,Carolyn Larson,Corporate,East,Arkansas,Office Supplies,Binders,"Tate, Smith and Walker Binders",7,27.43,0.0,192.01,124.2,67.81
ORD-13763,2022-08-25,2022-09-01,First Class,CUST-1906,Cindy Franco,Home Office,South,Connecticut,Furniture,Desks,Walls Inc Desks,1,1085.71,0.2,868.57,664.95,203.62
ORD-13764,2022-12-14,2022-12-21,First Class,CUST-2770,Catherine Flowers,Corporate,South,Alaska,Furniture,Tables,Taylor-Gonzales Tables,9,773.69,0.05,6615.05,4153.03,2462.02
ORD-13765,2021-08-02,2021-08-05,Standard Class,CUST-2550,Alan Foster,Home Office,West,Missouri,Office Supplies,Labels,Hicks-Davis Labels,-9,15.63,0.0,140.67,80.87,59.8
ORD-13766,2022-02-13,2022-02-17,Second Class,CUST-2287,Stephanie Dudley,Consumer,West,Maine,Office Supplies,Labels,Brown-Tran Labels,2,15.67,0.0,31.34,15.0,16.34
ORD-13767,2022-09-27,2022-10-01,Same Day,CUST-1624,Kimberly Little,Consumer,East,New Mexico,Furniture,Shelving,Thompson-Lopez Shelving,1,113.31,0.0,113.31,57.5,55.81
ORD-13768,2022-07-24,2022-07-25,Same Day,CUST-1910,Cheryl Paul,Corporate,West,Wyoming,Furniture,Shelving,Richards-Jones Shelving,9,88.35,0.0,795.15,525.14,270.01
ORD-13769,2022-08-31,2022-09-02,Second Class,CUST-2445,Ryan Valdez,Consumer,North,Missouri,Furniture,Tables,Wells-Morris Tables,8,1173.38,0.05,8917.69,4461.96,4455.73
ORD-13770,2023-12-06,2023-12-10,Standard Class,CUST-1644,Arthur Brown,Corporate,South,Montana,Office Supplies,Labels,"Buchanan, Torres and Martin Labels",6,8.64,0.5,25.92,24.85,1.07
ORD-13771,2023-12-08,2023-12-10,,CUST-2170,Jonathan Sims,Home Office,North,New Hampshire,Office Supplies,Envelopes,Garza LLC Envelopes,3,22.97,0.0,68.91,31.48,37.43
ORD-13772,2023-08-16,2023-08-19,Standard Class,CUST-1641,Michelle Hughes,Home Office,West,Wisconsin,Office Supplies,Paper,Morgan-Brown Paper,2,7.93,0.1,14.27,10.36,3.91
ORD-13773,2022-01-17,2022-01-23,Second Class,CUST-2645,Elizabeth Mills,Home Office,South,Nevada,Furniture,Tables,Martin-Roy Tables,10,253.13,0.15,2151.61,1455.91,695.7
ORD-13774,2023-01-14,2023-01-18,Standard Class,CUST-2421,Michaela Roach,Corporate,South,New Mexico,Office Supplies,Storage,Hobbs Group Storage,9,62.47,0.3,393.56,317.85,75.71
ORD-13775,2022-10-15,2022-10-22,Second Class,CUST-1830,Kelly Torres,Corporate,South,Connecticut,Office Supplies,Pens & Pencils,Robinson Inc Pens & Pencils,5,6.1,0.1,27.45,20.42,7.03
ORD-13776,2023-12-08,2023-12-14,Second Class,CUST-2801,Robert Doyle,Corporate,South,Nebraska,Technology,Phones,"West, Johnson and Randall Phones",3,975.1,0.05,2779.03,1843.06,935.97
ORD-13777,2021-12-20,2021-12-25,First Class,CUST-1411,Jeffrey Williams,Home Office,East,Texas,Technology,Printers,"Turner, Shaw and Gomez Printers",5,472.55,0.0,2362.75,1090.88,1271.87
ORD-13778,2021-11-11,2021-11-15,First Class,CUST-1270,Mark Burnett,Home Office,West,Vermont,Office Supplies,Envelopes,Eaton-Jackson Envelopes,9,26.14,0.0,235.26,160.76,74.5
ORD-13779,2021-04-24,2021-04-27,First Class,CUST-1709,Justin Cole,Consumer,West,Maine,Furniture,Bookcases,Dickerson-Glass Bookcases,5,331.9,0.0,1659.5,936.7,722.8
ORD-13780,2021-01-24,2021-01-30,Second Class,CUST-1352,David Taylor,Home Office,West,Tennessee,Furniture,Shelving,Ellis-Molina Shelving,1,83.35,0.15,70.85,48.29,22.56
ORD-13781,2022-02-19,2022-02-20,First Class,CUST-2950,Krystal Martinez,Consumer,North,Washington,Furniture,Chairs,Crawford LLC Chairs,8,425.42,0.1,3063.02,2068.84,994.18
ORD-13782,2021-12-24,2021-12-30,First Class,CUST-2013,Kelly Washington,Consumer,South,Nebraska,Technology,Tablets,Baker LLC Tablets,7,505.94,0.05,3364.5,2319.1,1045.4
ORD-13783,2021-06-16,2021-06-19,Standard Class,CUST-2218,Thomas Blanchard,Corporate,South,Pennsylvania,Office Supplies,Pens & Pencils,Rogers Inc Pens & Pencils,2,5.18,0.2,8.29,6.1,2.19
ORD-13784,2023-03-21,2023-03-22,First Class,CUST-1166,Stacey Smith,Consumer,North,Louisiana,Furniture,Desks,Pittman Ltd Desks,4,336.08,0.0,1344.32,893.23,451.09
ORD-13785,2022-01-01,2022-01-02,First Class,CUST-1731,William Clark,Corporate,East,Maryland,Furniture,Tables,Li-Castro Tables,2,391.59,0.0,783.18,485.75,297.43
ORD-13786,2021-12-05,2021-12-07,Same Day,CUST-2761,Matthew Smith,Corporate,South,Idaho,Office Supplies,Binders,"Mcclain, Payne and Cook Binders",1,8.71,0.1,7.84,5.6,2.24
ORD-13787,2023-06-16,2023-06-23,Standard Class,CUST-2503,Kristi Reese,Consumer,North,South Carolina,Technology,Monitors,Davis-Henry Monitors,9,518.71,0.15,3968.13,3014.95,953.18
ORD-13788,2023-02-21,2023-02-25,Same Day,CUST-1728,Stephanie Smith,Home Office,West,Hawaii,Office Supplies,Envelopes,"Gordon, Weeks and Gonzalez Envelopes",9,3.12,0.0,28.08,19.34,8.74
ORD-13789,2022-03-10,2022-03-14,Second Class,CUST-1076,Erin Pierce,Consumer,South,South Carolina,Office Supplies,Paper,Edwards and Sons Paper,6,45.0,0.0,270.0,136.51,133.49
ORD-13790,2023-07-29,2023-08-02,Same Day,CUST-1345,Peter Alvarez,Corporate,North,Colorado,Furniture,Shelving,"Humphrey, Cobb and Pierce Shelving",5,277.78,0.15,1180.56,725.51,455.05
ORD-13791,2022-12-25,2022-12-27,Second Class,CUST-2544,Jamie Green,Corporate,East,Alabama,Technology,Accessories,Woods Inc Accessories,1,104.71,0.0,104.71,48.06,56.65
ORD-13792,2021-02-16,2021-02-17,Standard Class,CUST-1676,Shannon Pearson,Corporate,West,Connecticut,Office Supplies,Paper,Roth-Mendez Paper,4,52.85,0.2,169.12,140.11,29.01
ORD-13793,2022-09-01,2022-09-04,Same Day,CUST-2618,Vanessa Aguilar,Home Office,North,Oregon,Office Supplies,Storage,Terry-Daugherty Storage,8,71.07,0.0,568.56,299.01,269.55
ORD-13794,2022-08-10,2022-08-17,Standard Class,CUST-2381,Christina Keller,Home Office,North,Texas,Furniture,Tables,Roach Ltd Tables,7,1429.89,0.0,10009.23,6531.26,3477.97
ORD-13795,2021-02-07,2021-02-14,Standard Class,CUST-1112,Laura Morales,Consumer,North,Massachusetts,Technology,Tablets,"Freeman, Bates and Johnson Tablets",5,289.36,0.0,1446.8,906.73,540.07
ORD-13796,2023-01-27,2023-02-03,Second Class,CUST-1554,Jessica Copeland,Home Office,North,Tennessee,Technology,Printers,"Lawson, Adams and Cunningham Printers",2,220.13,0.15,374.22,300.66,73.56
ORD-13797,2021-09-30,2021-10-07,Same Day,CUST-2273,Kevin Anderson,Home Office,South,Minnesota,Furniture,Shelving,Pittman LLC Shelving,6,169.65,0.05,967.0,634.71,332.29
ORD-13798,2021-03-05,2021-03-08,Standard Class,CUST-2150,Mark Nichols,Corporate,South,Pennsylvania,Furniture,Desks,Matthews Ltd Desks,10,1070.8,0.15,9101.8,5941.73,3160.07
ORD-13799,2023-08-16,2023-08-22,First Class,CUST-2101,Craig Bauer,Home Office,West,Arkansas,Technology,Monitors,Lewis-Chen Monitors,7,557.13,0.05,3704.91,2222.63,1482.28
ORD-13800,2021-12-07,2021-12-11,Standard Class,CUST-1684,Jessica Wells,Corporate,South,Maryland,Office Supplies,Pens & Pencils,"Ward, Wells and Mccarthy Pens & Pencils",10,20.98,0.0,209.8,112.4,97.4
ORD-13801,2022-04-05,2022-04-06,Second Class,CUST-1973,Evan Graham,Consumer,West,Alaska,Technology,Accessories,Stephens-Espinoza Accessories,9,24.35,0.1,197.24,115.13,82.11
ORD-13802,2022-06-30,2022-07-02,Second Class,CUST-1785,Erika Moreno,Consumer,South,Maryland,Furniture,Bookcases,Austin and Sons Bookcases,6,129.62,0.15,661.06,518.21,142.85
ORD-13803,2023-11-09,2023-11-15,Same Day,CUST-1386,Joshua Anderson,Home Office,East,Oregon,Office Supplies,Storage,Dean-Carter Storage,6,40.74,0.15,207.77,116.7,91.07
ORD-13804,2022-04-21,2022-04-24,Standard Class,CUST-1894,Mark Dillon,Home Office,West,Oklahoma,Office Supplies,Envelopes,Brown-Jones Envelopes,8,11.95,0.0,95.6,61.96,33.64
ORD-13805,2022-01-31,2022-02-04,Standard Class,CUST-2548,Amanda Griffin,Home Office,North,Alabama,Technology,Phones,Taylor-Long Phones,7,895.04,0.15,5325.49,3571.66,1753.83
ORD-13806,2021-08-28,2021-09-04,Same Day,CUST-2500,David Perez,Corporate,South,Texas,Furniture,Chairs,Hughes Ltd Chairs,1,150.02,0.0,150.02,103.99,46.03
ORD-13807,2022-10-13,2022-10-14,Standard Class,CUST-1407,Tara Johns,Consumer,South,Arizona,Office Supplies,Envelopes,"Jacobs, Brown and Bridges Envelopes",10,9.75,0.05,92.62,48.35,44.27
ORD-13808,2022-08-04,2022-08-11,First Class,CUST-1328,Virginia Mcneil,Corporate,West,New Hampshire,Technology,Phones,Wood-Williams Phones,5,1172.8,0.05,5570.8,3151.92,2418.88
ORD-13809,2022-10-01,2022-10-02,Same Day,CUST-1793,Joshua Floyd,Corporate,East,Utah,Furniture,Shelving,Brown-King Shelving,5,257.47,0.0,1287.35,603.71,683.64
ORD-13810,2021-09-26,2021-09-29,Second Class,CUST-2838,Nicole Rogers,Consumer,North,Pennsylvania,Technology,Laptops,Pierce Inc Laptops,7,1553.45,0.0,10874.15,5915.09,4959.06
ORD-13811,2021-06-18,2021-06-20,Second Class,CUST-2634,Taylor Bradshaw,Home Office,North,Idaho,Furniture,Tables,Evans LLC Tables,8,834.55,0.05,6342.58,3132.4,3210.18
ORD-13812,2021-07-29,2021-08-03,Second Class,CUST-1267,Mackenzie Collins,Home Office,East,Hawaii,Office Supplies,Storage,"Ross, White and Thompson Storage",1,43.48,0.0,43.48,23.09,20.39
ORD-13813,2021-12-10,2021-12-13,First Class,CUST-1088,Deborah Krause,Corporate,South,South Carolina,Office Supplies,Binders,"Cobb, Mcdaniel and Christian Binders",3,21.03,0.15,53.63,42.5,11.13
ORD-13814,2023-03-25,2023-03-31,Standard Class,CUST-2353,Albert Potter,Corporate,South,Connecticut,Technology,Laptops,Stewart Ltd Laptops,2,1387.52,0.05,2636.29,1582.79,1053.5
ORD-13815,2023-09-01,2023-09-04,Standard Class,CUST-2815,Cheryl Levy,Home Office,East,Wyoming,Technology,Monitors,Luna-Parker Monitors,8,878.64,0.0,7029.12,3542.76,3486.36
ORD-13816,2021-07-24,2021-07-29,Same Day,CUST-2277,Henry Davis,Consumer,North,Florida,Furniture,Chairs,Johnson Inc Chairs,2,328.52,0.1,591.34,436.63,154.71
ORD-13817,2021-03-22,2021-03-25,First Class,CUST-2543,Nicole Wheeler,Home Office,East,Nebraska,Furniture,Bookcases,"Simpson, Howell and Sanchez Bookcases",7,496.43,0.0,3475.01,2058.93,1416.08
ORD-13818,2021-12-24,2021-12-29,Standard Class,CUST-2245,Audrey Sanchez,Home Office,West,Nevada,Furniture,Shelving,Martinez LLC Shelving,5,260.34,0.0,1301.7,704.08,597.62
ORD-13819,2022-11-20,2022-11-25,First Class,CUST-1240,Paul Andrews,Home Office,South,Illinois,Technology,Monitors,"Norris, Byrd and Castillo Monitors",6,797.8,0.0,4786.8,3242.14,1544.66
ORD-13820,2022-05-22,2022-05-28,First Class,CUST-2117,Samantha Serrano,Consumer,East,North Carolina,Technology,Phones,Lindsey-Bowman Phones,-5,368.74,0.2,1474.96,1117.83,357.13
ORD-13821,2021-01-23,2021-01-27,Same Day,CUST-1412,Clayton Williams,Home Office,North,Pennsylvania,Office Supplies,Storage,Williams-Hood Storage,8,42.86,0.0,342.88,198.88,144.0
ORD-13822,2021-10-06,2021-10-08,Standard Class,CUST-2023,Jonathan Black,Corporate,East,Connecticut,Office Supplies,Storage,Hernandez Group Storage,8,22.67,0.05,172.29,102.77,69.52
ORD-13823,2022-01-09,2022-01-14,First Class,CUST-1741,Samuel Burton,Corporate,East,Nevada,Furniture,Chairs,Zhang and Sons Chairs,2,258.35,0.0,516.7,235.79,280.91
ORD-13824,2022-04-04,2022-04-11,First Class,CUST-2452,Mrs. Jamie Cantrell,Consumer,South,Nebraska,Technology,Accessories,"Fox, Miller and Morrison Accessories",9,126.03,0.0,1134.27,739.51,394.76
ORD-13825,2023-04-12,2023-04-14,First Class,CUST-2106,Christopher Turner,Home Office,North,Nebraska,Furniture,Desks,Estrada-Willis Desks,2,1173.1,0.0,2346.2,1637.61,708.59
ORD-13826,2021-08-03,2021-08-07,First Class,CUST-1896,Laura Rodriguez,Consumer,West,Kansas,Office Supplies,Labels,Gilmore-Gentry Labels,1,6.56,0.0,6.56,4.05,2.51
ORD-13827,2023-03-25,2023-03-26,Standard Class,CUST-1102,Marcus Bennett,Home Office,West,Tennessee,Technology,Laptops,"Reynolds, Fields and Murphy Laptops",5,1357.57,0.0,6787.85,3480.38,3307.47
ORD-13828,2021-06-16,2021-06-20,Same Day,CUST-1088,Stephanie Cochran,Home Office,West,Washington,Office Supplies,Pens & Pencils,Fitzpatrick Group Pens & Pencils,6,13.63,0.0,81.78,55.88,25.9
ORD-13829,2023-08-31,2023-09-02,Same Day,CUST-2311,Andrew Jones,Corporate,East,Louisiana,Office Supplies,Paper,Moore-Smith Paper,9,10.77,0.3,67.85,50.95,16.9
ORD-13830,2022-12-02,2022-12-08,Same Day,CUST-2371,James Reynolds,Consumer,East,Tennessee,Office Supplies,Pens & Pencils,Kelley-Bryant Pens & Pencils,8,12.61,0.2,80.7,64.81,15.89
ORD-13831,2022-09-24,2022-09-25,Second Class,CUST-2688,Mariah Anderson,Corporate,West,Alabama,Furniture,Bookcases,"Lang, Smith and Griffin Bookcases",5,439.2,0.1,1976.4,1375.81,600.59
ORD-13832,2021-11-28,2021-12-02,First Class,CUST-2156,Elizabeth Mendez,Home Office,North,New Mexico,Office Supplies,Binders,"Conley, Jones and Hicks Binders",1,20.49,0.2,16.39,14.27,2.12
ORD-13833,2022-06-06,2022-06-10,Second Class,CUST-2472,Curtis Jenkins,Corporate,West,California,Furniture,Chairs,"Stone, Parker and Garcia Chairs",3,754.22,0.0,2262.66,1333.99,928.67
ORD-13834,2022-11-17,2022-11-20,Second Class,CUST-2055,Jennifer Williams,Home Office,South,Vermont,Technology,Phones,"Compton, Cook and Robinson Phones",7,1175.45,0.05,7816.74,4193.79,3622.95
ORD-13835,2022-10-27,2022-11-01,Second Class,CUST-2916,Michael Clayton,Home Office,South,Vermont,Furniture,Desks,Mcdowell-Wise Desks,2,349.41,0.0,698.82,364.37,334.45
ORD-13836,2021-06-29,2021-06-30,First Class,CUST-2729,Craig Brown,Home Office,North,New York,Furniture,Chairs,Hernandez LLC Chairs,7,851.48,0.0,5960.36,3350.41,2609.95
ORD-13837,2023-11-14,2023-11-21,Standard Class,CUST-2421,Mary Munoz,Home Office,North,Colorado,Technology,Laptops,Anderson Ltd Laptops,3,627.42,0.1,1694.03,853.17,840.86
ORD-13838,2022-08-28,2022-09-04,Second Class,CUST-1174,David Gibson,Consumer,South,Minnesota,Office Supplies,Binders,Roberts PLC Binders,8,38.28,0.15,260.3,184.43,75.87
ORD-13839,2023-08-09,2023-08-16,Second Class,CUST-1238,Christopher Gomez,Corporate,South,Arkansas,Furniture,Chairs,Jones PLC Chairs,4,376.47,0.0,1505.88,705.14,800.74
ORD-13840,2023-08-30,2023-09-05,,CUST-2545,Paige Garcia,Corporate,East,Indiana,Office Supplies,Binders,Bennett-Johnson Binders,4,25.42,0.0,101.68,46.99,54.69
ORD-13841,2022-10-25,2022-10-26,First Class,CUST-2881,Michael Watkins,Consumer,North,Nebraska,Office Supplies,Paper,Guzman-Ellis Paper,5,34.66,0.5,86.65,99.1,-12.45
ORD-13842,2023-10-01,2023-10-04,Same Day,CUST-2543,Cynthia Ruiz,Home Office,South,Rhode Island,Technology,Monitors,Cantrell-Andrade Monitors,6,316.97,0.15,1616.55,904.82,711.73
ORD-13843,2022-01-18,2022-01-20,Same Day,CUST-2786,Bridget Chen,Consumer,South,Louisiana,Office Supplies,Pens & Pencils,"Jones, Mcbride and Schneider Pens & Pencils",2,4.41,0.0,8.82,5.13,3.69
ORD-13844,2022-12-30,2023-01-05,Same Day,CUST-1289,Natalie Alvarez,Consumer,North,Nebraska,Office Supplies,Labels,Ruiz PLC Labels,3,9.08,0.15,23.15,14.71,8.44
ORD-13845,2021-01-16,2021-01-17,First Class,CUST-1556,Dana Hansen,Home Office,West,Idaho,Office Supplies,Envelopes,Gonzalez-Johnson Envelopes,10,18.99,0.0,189.9,96.69,93.21
ORD-13846,2021-07-25,2021-07-28,First Class,CUST-1144,Michael Carey,Consumer,South,Ohio,Technology,Printers,"Fox, Simpson and Davis Printers",10,491.63,0.15,4178.86,2934.3,1244.56
ORD-13847,2023-05-30,2023-05-31,Same Day,CUST-1136,Nathan Brooks,Consumer,North,Pennsylvania,Technology,Accessories,"Velasquez, Lloyd and Calderon Accessories",9,116.57,0.05,996.67,691.72,304.95
ORD-13848,2023-12-14,2023-12-17,Second Class,CUST-1359,Jeffery Bates,Corporate,East,Montana,Technology,Laptops,Adkins Inc Laptops,9,1000.82,0.0,9007.38,6075.24,2932.14
ORD-13849,2022-10-22,2022-10-29,Second Class,CUST-1942,Sharon Harris,Consumer,North,Ohio,Furniture,Tables,"Franco, Sanchez and Cook Tables",9,1418.59,0.0,12767.31,8786.25,3981.06
ORD-13850,2023-08-12,2023-08-13,Same Day,CUST-2057,Donald Nicholson,Home Office,West,Wyoming,Office Supplies,Storage,"White, Griffin and Cline Storage",10,44.85,0.1,403.65,295.5,108.15
ORD-13851,2022-11-15,2022-11-16,Second Class,CUST-1284,Mrs. Leslie Rodriguez,Consumer,East,Alaska,Technology,Accessories,Clark-Clarke Accessories,9,43.65,0.3,274.99,238.92,36.07
ORD-13852,2022-05-25,2022-05-27,Same Day,CUST-1322,Anthony Wilson,Corporate,East,Idaho,Office Supplies,Storage,Carter-Cochran Storage,5,11.62,0.05,55.19,32.86,22.33
ORD-13853,2022-03-03,2022-03-06,Second Class,CUST-2846,Annette Carter,Home Office,South,Indiana,Technology,Tablets,Herring-Anderson Tablets,7,302.25,0.1,1904.17,1177.22,726.95
ORD-13854,2022-11-01,2022-11-07,Standard Class,CUST-2108,Christopher Riggs,Corporate,South,Wyoming,Technology,Laptops,"Hardin, Watson and Smith Laptops",7,699.83,0.0,4898.81,2273.29,2625.52
ORD-13855,2022-07-08,2022-07-10,Standard Class,CUST-1088,Michael Reynolds,Home Office,North,Tennessee,Technology,Monitors,Brown and Sons Monitors,2,588.62,0.15,1000.65,535.53,465.12
ORD-13856,2023-12-20,2023-12-24,Same Day,CUST-1597,Charles Baker,Home Office,West,Montana,Furniture,Shelving,Michael Ltd Shelving,4,272.7,0.15,927.18,505.82,421.36
ORD-13857,2023-08-16,2023-08-19,Same Day,CUST-2573,Jeremy Fisher,Corporate,East,New Hampshire,Office Supplies,Pens & Pencils,Singleton-Garcia Pens & Pencils,5,13.99,0.0,69.95,40.62,29.33
ORD-13858,2023-04-16,2023-04-23,Second Class,CUST-1281,Gabriel Odom,Consumer,South,New Mexico,Technology,Tablets,Price Ltd Tablets,8,264.01,0.0,2112.08,1140.29,971.79
ORD-13859,2022-07-17,2022-07-22,Second Class,CUST-1589,Michael Perez,Consumer,North,Missouri,Technology,Phones,Vasquez and Sons Phones,10,585.38,0.3,4097.66,2783.94,1313.72
ORD-13860,2022-08-17,2022-08-22,Second Class,CUST-2976,Christian Mccann,Consumer,West,North Dakota,Furniture,Desks,"Cook, Herman and Blake Desks",8,831.0,0.2,5318.4,3412.83,1905.57
ORD-13861,2022-09-02,2022-09-06,Second Class,CUST-1445,Mark Reid,Consumer,West,Wyoming,Technology,Monitors,Mcmahon and Sons Monitors,8,896.01,0.0,7168.08,3584.22,3583.86
ORD-13862,2023-03-07,2023-03-14,First Class,CUST-1138,Alexis Salinas,Corporate,West,West Virginia,Office Supplies,Labels,Sweeney-Chandler Labels,3,8.41,0.0,25.23,16.47,8.76
ORD-13863,2022-07-04,2022-07-10,First Class,CUST-2315,Michael Walker,Corporate,South,North Carolina,Technology,Accessories,Miller-Miller Accessories,4,13.99,0.1,50.36,38.21,12.15
ORD-13864,2021-02-18,2021-02-21,Standard Class,CUST-2467,Nancy Cohen,Corporate,East,Arkansas,Furniture,Shelving,Ray and Sons Shelving,4,262.1,0.0,1048.4,592.34,456.06
ORD-13865,2023-02-20,2023-02-21,Standard Class,CUST-2245,Kenneth Waller,Consumer,North,Maryland,Office Supplies,Paper,Smith Ltd Paper,5,7.39,0.15,31.41,20.34,11.07
ORD-13866,2023-04-30,2023-05-05,Standard Class,CUST-2553,Daniel Hall,Corporate,South,Oregon,Office Supplies,Paper,Robinson Ltd Paper,8,45.37,0.15,308.52,229.5,79.02
ORD-13867,2023-09-14,2023-09-18,Standard Class,CUST-1505,Lauren Young,Corporate,South,Iowa,Furniture,Bookcases,Rogers LLC Bookcases,7,141.89,0.0,993.23,547.22,446.01
ORD-13868,2021-09-26,2021-10-02,Same Day,CUST-1215,Mary Schultz,Consumer,West,Utah,Office Supplies,Labels,Morgan PLC Labels,2,16.17,0.05,30.72,20.49,10.23
ORD-13869,2021-03-15,2021-03-22,Standard Class,CUST-2041,Edward Johnson,Home Office,North,Alabama,Technology,Monitors,Riley-Garcia Monitors,8,405.07,0.0,3240.56,1652.76,1587.8
ORD-13870,2021-04-28,2021-05-04,Same Day,CUST-1809,Adam Davidson,Consumer,North,North Dakota,Office Supplies,Storage,Jordan-Cobb Storage,4,59.9,0.5,119.8,164.44,-44.64
ORD-13871,2022-12-18,2022-12-19,Same Day,CUST-1604,Emily Melendez,Corporate,South,Indiana,Technology,Tablets,Patterson Group Tablets,8,599.73,0.2,3838.27,3179.62,658.65
ORD-1953,2023-10-21,2023-10-23,Same Day,CUST-1732,Christopher Hammond,Home Office,North,Alaska,Technology,Tablets,"Neal, Cox and Robertson Tablets",2,219.29,0.0,438.58,260.67,177.91
ORD-13873,2023-02-27,2023-03-05,Same Day,CUST-1392,Kyle Logan,Corporate,North,South Carolina,Office Supplies,Pens & Pencils,Ross-Williams Pens & Pencils,8,17.93,0.2,114.75,84.51,30.24
ORD-13874,2023-08-18,2023-08-25,First Class,CUST-2694,Michael Crawford,Corporate,East,California,Technology,Laptops,Thomas-Mercado Laptops,6,1013.81,0.2,4866.29,2749.96,2116.33
ORD-13875,2023-09-18,2023-09-22,Standard Class,CUST-2134,Jessica Gould,Consumer,West,South Carolina,Furniture,Bookcases,Conley Group Bookcases,9,353.23,0.0,3179.07,1559.03,1620.04
ORD-13876,2021-09-09,2021-09-15,First Class,CUST-1901,Shawn Jenkins,Corporate,East,Wisconsin,Office Supplies,Storage,"Scott, Houston and Li Storage",3,18.85,0.0,56.55,29.28,27.27
ORD-1213,2022-08-28,2022-08-30,Second Class,CUST-1039,Melissa Wright,Home Office,East,Hawaii,Furniture,Desks,Blanchard Ltd Desks,1,171.87,0.15,146.09,108.44,37.65
ORD-13878,2022-03-08,2022-03-14,Second Class,CUST-1257,Douglas Hernandez,Corporate,West,Iowa,Technology,Printers,"Rosales, Young and Ho Printers",6,311.07,0.5,933.21,951.08,-17.87
ORD-13879,2022-01-08,2022-01-12,Second Class,CUST-1810,Ryan Fowler,Home Office,North,Kentucky,Furniture,Shelving,"Ray, Bishop and Carroll Shelving",4,291.21,0.0,1164.84,577.83,587.01
ORD-13880,2023-10-09,2023-10-15,Same Day,CUST-1287,Brett Mata,Consumer,South,Mississippi,Technology,Monitors,Walsh LLC Monitors,8,538.37,0.2,3445.57,2303.68,1141.89
ORD-13881,2021-11-04,2021-11-06,Standard Class,CUST-2977,Jessica Cross,Consumer,South,North Dakota,Technology,Accessories,Williams-Lowe Accessories,3,134.37,0.3,282.18,182.63,99.55
ORD-13882,2023-01-06,2023-01-13,First Class,CUST-1198,Tammy Evans,Corporate,West,Idaho,Technology,Accessories,Barnes Ltd Accessories,8,125.86,0.05,956.54,665.41,291.13
ORD-13883,2023-02-08,2023-02-14,Second Class,CUST-1145,Deanna Crawford,Home Office,West,Georgia,Technology,Tablets,"King, Sandoval and Harris Tablets",7,278.87,0.0,1952.09,1043.8,908.29
ORD-13884,2022-10-19,2022-10-21,First Class,CUST-2019,Kevin Herman,Corporate,South,Minnesota,Furniture,Bookcases,Nelson-Wong Bookcases,2,434.89,0.15,739.31,459.94,279.37
ORD-13885,2023-03-31,2023-04-02,Same Day,CUST-2623,Michael Hebert,Home Office,North,Colorado,Office Supplies,Pens & Pencils,Gamble-Murray Pens & Pencils,3,15.38,0.05,43.83,31.72,12.11
ORD-13886,2023-07-24,2023-07-25,Second Class,CUST-1530,Brent Duncan,Home Office,North,Arkansas,Furniture,Chairs,Bush-Taylor Chairs,5,159.87,0.1,719.42,518.31,201.11
ORD-13887,2023-10-09,2023-10-13,Same Day,CUST-2901,Cynthia Snyder,Corporate,West,Mississippi,Technology,Accessories,Velasquez-Mccoy Accessories,5,140.48,0.2,561.92,363.54,198.38
ORD-13888,2022-06-18,2022-06-21,First Class,CUST-1442,Brittany Bauer,Consumer,East,Louisiana,Furniture,Bookcases,Best-Sanchez Bookcases,1,489.49,0.0,489.49,283.11,206.38
ORD-13889,2022-03-14,2022-03-21,Second Class,CUST-1613,Katelyn Davis,Corporate,West,Connecticut,Furniture,Shelving,Salazar-Sutton Shelving,6,124.55,0.0,747.3,514.26,233.04
ORD-13890,2021-12-10,2021-12-13,First Class,CUST-1447,Ann Stewart,Consumer,East,New Jersey,Technology,Printers,"Rhodes, Brown and Woodward Printers",8,375.14,0.0,3001.12,1675.18,1325.94
ORD-13891,2021-12-04,2021-12-11,Second Class,CUST-2316,Jason Yang,Home Office,South,Wyoming,Office Supplies,Paper,Cole-Reyes Paper,8,22.17,0.15,150.76,86.45,64.31
ORD-13892,2023-03-12,2023-03-18,Second Class,CUST-2412,Elizabeth Brown,Corporate,East,Louisiana,Office Supplies,Binders,Young-Nelson Binders,3,30.88,0.05,88.01,58.68,29.33
ORD-13893,2021-07-18,2021-07-22,Standard Class,CUST-1234,Patricia Morris,Home Office,South,South Carolina,Office Supplies,Labels,Robertson PLC Labels,9,19.76,0.2,142.27,103.68,38.59
ORD-13894,2023-08-05,2023-08-08,Standard Class,CUST-2539,Sarah Giles,Corporate,North,Washington,Office Supplies,Labels,Mitchell Group Labels,2,10.97,0.05,20.84,11.75,9.09
ORD-13895,2021-09-08,2021-09-12,First Class,CUST-1637,Rebecca Curry,Consumer,South,New Mexico,Furniture,Chairs,Montgomery-Grant Chairs,10,558.03,0.05,5301.28,2680.47,2620.81
ORD-13896,2023-10-24,2023-10-29,Second Class,CUST-2330,Eric Acevedo,Corporate,North,New Jersey,Office Supplies,Pens & Pencils,Stevenson Group Pens & Pencils,6,2.65,0.0,15.9,8.46,7.44
ORD-13897,2021-08-27,2021-08-28,Second Class,CUST-2192,Brandon Scott,Consumer,East,Oklahoma,Furniture,Chairs,Richardson Ltd Chairs,4,120.55,0.0,482.2,284.08,198.12
ORD-13898,2023-07-27,2023-07-29,First Class,CUST-1205,Eric Long,Home Office,East,South Dakota,Office Supplies,Paper,Hester-Black Paper,2,50.88,0.2,81.41,62.45,18.96
ORD-13899,2021-09-22,2021-09-28,Standard Class,CUST-1919,Gregory Graves,Home Office,North,Wyoming,Technology,Tablets,Anderson Inc Tablets,9,196.34,0.0,1767.06,1093.81,673.25
ORD-13900,2022-04-01,2022-04-08,Second Class,CUST-1573,Christina Mitchell,Home Office,West,New Jersey,Technology,Printers,Brown Group Printers,1,224.92,0.15,191.18,130.92,60.26
ORD-13901,2021-11-01,2021-11-03,First Class,CUST-1717,Veronica Kerr,Home Office,South,Delaware,Office Supplies,Labels,Hartman-Dixon Labels,9,13.93,0.1,112.83,61.92,50.91
ORD-13902,2022-03-06,2022-03-10,Second Class,CUST-2953,Mr. Jason Odonnell,Home Office,West,Maine,Office Supplies,Paper,Higgins Ltd Paper,3,43.83,0.0,131.49,82.58,48.91
ORD-13903,2022-09-12,2022-09-17,First Class,CUST-2640,Tyler Fisher,Consumer,West,Tennessee,Technology,Accessories,Levine Ltd Accessories,2,54.85,0.2,87.76,59.61,28.15
ORD-13904,2022-12-23,2022-12-27,Second Class,CUST-2650,Timothy Trevino,Corporate,East,Vermont,Office Supplies,Storage,"Blair, Davidson and Johnson Storage",7,18.25,0.05,121.36,82.77,38.59
ORD-13905,2022-11-20,2022-11-27,Second Class,CUST-1464,Jimmy Davidson,Home Office,West,Rhode Island,Furniture,Tables,Roberts-Lee Tables,8,747.24,0.05,5679.02,3363.35,2315.67
ORD-13906,2023-03-25,2023-03-26,Second Class,CUST-2800,Evan Guzman,Home Office,East,California,Technology,Tablets,Taylor LLC Tablets,4,520.93,0.0,2083.72,1419.77,663.95
ORD-13907,2023-08-16,2023-08-17,Standard Class,CUST-2802,Christy Bradford,Home Office,North,New York,Technology,Accessories,Bray Inc Accessories,7,36.5,0.05,242.72,143.85,98.87
ORD-13908,2022-10-13,2022-10-17,Same Day,CUST-2534,Diane White,Consumer,West,Oklahoma,Office Supplies,Pens & Pencils,Nixon-Meyer Pens & Pencils,2,23.99,0.1,43.18,25.51,17.67
ORD-13909,2021-04-30,2021-05-03,Second Class,CUST-1116,Richard Rodriguez,Consumer,West,Louisiana,Technology,Accessories,"Boyle, French and Baker Accessories",2,87.26,0.0,174.52,87.73,86.79
ORD-13910,2022-03-17,2022-03-21,Same Day,CUST-1189,Larry Brown,Consumer,South,Arkansas,Furniture,Shelving,Clarke Ltd Shelving,3,182.74,0.2,438.58,344.89,93.69
ORD-13911,2022-12-12,2022-12-17,Same Day,CUST-1265,Jordan Morgan,Home Office,South,Ohio,Technology,Printers,Small-Gardner Printers,-10,481.48,0.15,4092.58,3019.26,1073.32
ORD-13912,2022-07-02,2022-07-08,First Class,CUST-1659,Dustin Gonzalez,Consumer,West,New Hampshire,Furniture,Desks,Perez-Miller Desks,-2,1076.79,0.0,2153.58,1224.47,929.11
ORD-13913,2022-02-07,2022-02-14,Second Class,CUST-2533,Dominic Murphy,Corporate,South,Louisiana,Furniture,Bookcases,Riley Inc Bookcases,2,324.85,0.2,519.76,379.84,139.92
ORD-13914,2022-03-23,2022-03-25,Standard Class,CUST-2879,Heather Warren,Corporate,West,Colorado,Furniture,Desks,"Phelps, Tran and Wilkerson Desks",9,950.46,0.0,8554.14,5376.83,3177.31
ORD-13915,2021-06-06,2021-06-11,Standard Class,CUST-2847,Paul Miller,Corporate,North,North Carolina,Furniture,Desks,"Nelson, Wolfe and Roberts Desks",7,1138.74,0.0,7971.18,4928.63,3042.55
ORD-13916,2022-08-14,2022-08-20,Same Day,CUST-2830,Joann Miller,Home Office,South,Alabama,Furniture,Bookcases,Smith and Sons Bookcases,9,295.81,0.0,2662.29,1603.73,1058.56
ORD-13917,2022-03-07,2022-03-13,First Class,CUST-2856,Karen Daniels,Consumer,North,North Carolina,Technology,Monitors,"Cooley, Gomez and Randall Monitors",10,197.62,0.0,1976.2,1147.49,828.71
ORD-13918,2023-11-29,2023-12-01,Same Day,CUST-2823,Adam Pollard,Corporate,East,New York,Technology,Phones,Gray Ltd Phones,3,358.31,0.1,967.44,682.68,284.76
ORD-13919,2023-09-22,2023-09-25,First Class,CUST-1614,Chase Alexander,Consumer,West,Georgia,Technology,Laptops,Watson LLC Laptops,9,1312.54,0.0,11812.86,6317.78,5495.08
ORD-13920,2022-01-24,2022-01-25,Second Class,CUST-1899,Rachel Fernandez,Consumer,North,Mississippi,Furniture,Bookcases,Gilmore Ltd Bookcases,8,301.53,0.1,2171.02,1391.19,779.83
ORD-13921,2022-09-28,2022-09-29,Second Class,CUST-1312,Amy Ford,Corporate,South,Alabama,Technology,Printers,"Snyder, Perez and Hernandez Printers",10,413.44,0.0,4134.4,2108.37,2026.03
ORD-13922,2022-08-24,2022-08-27,Same Day,CUST-1959,David Gibson,Corporate,West,North Dakota,Office Supplies,Paper,Chapman Ltd Paper,7,22.71,0.0,158.97,88.38,70.59
ORD-13923,2023-05-05,2023-05-07,Same Day,CUST-1348,Rebecca Pearson,Home Office,West,Delaware,Furniture,Shelving,"Willis, Carter and Walker Shelving",2,198.86,0.1,357.95,234.95,123.0
ORD-13924,2023-12-16,2023-12-22,First Class,CUST-2213,Christopher Robbins,Home Office,South,Kansas,Office Supplies,Envelopes,Collins and Sons Envelopes,2,17.74,0.0,35.48,22.37,13.11
ORD-13925,2021-09-01,2021-09-04,Second Class,CUST-2702,Julie Ferrell,Home Office,North,Texas,Technology,Laptops,Bell PLC Laptops,2,1141.67,0.0,2283.34,1213.03,1070.31
ORD-13926,2021-03-30,2021-04-04,First Class,CUST-2516,Danielle Andrade,Corporate,North,Massachusetts,Technology,Printers,Aguilar LLC Printers,7,396.62,0.3,1943.44,1266.05,677.39
ORD-13927,2023-12-09,2023-12-16,First Class,CUST-1903,Rebecca Richardson,Corporate,South,Idaho,Office Supplies,Envelopes,Mccormick-Brown Envelopes,5,27.75,0.0,138.75,91.56,47.19
ORD-13928,2021-04-22,2021-04-29,Second Class,CUST-1122,Sarah Whitaker,Consumer,West,Ohio,Office Supplies,Binders,"Malone, Green and Parker Binders",9,8.96,0.2,64.51,40.16,24.35
ORD-13929,2021-02-18,2021-02-22,Second Class,CUST-1169,Angela Adams,Home Office,East,Massachusetts,Furniture,Tables,"Lopez, Soto and Arnold Tables",3,140.8,0.0,422.4,275.05,147.35
ORD-13930,2023-02-19,2023-02-20,Same Day,CUST-1572,Jason Collins,Consumer,East,Minnesota,Office Supplies,Paper,"King, Johnson and Quinn Paper",9,54.16,0.0,487.44,251.5,235.94
ORD-13931,2022-08-10,2022-08-16,First Class,CUST-1476,Nicole Grant,Consumer,South,Vermont,Furniture,Chairs,Willis-Taylor Chairs,9,666.45,0.05,5698.15,3377.82,2320.33
ORD-13932,2021-08-31,2021-09-03,First Class,CUST-1483,Kathleen Thompson,Corporate,North,California,Technology,Printers,"Paul, Ruiz and Stein Printers",4,504.66,0.2,1614.91,949.43,665.48
ORD-13933,2022-07-20,2022-07-25,Standard Class,CUST-2745,Deborah Marquez,Corporate,South,Vermont,Office Supplies,Binders,Sanchez-White Binders,6,25.29,0.3,106.22,90.91,15.31
ORD-13934,2022-12-24,2022-12-27,Second Class,CUST-2776,Sarah Smith,Home Office,North,Delaware,Office Supplies,Binders,"Garcia, Moore and Logan Binders",2,11.81,0.0,23.62,12.88,10.74
ORD-13935,2021-11-10,2021-11-14,First Class,CUST-2758,Melissa Scott,Consumer,East,Pennsylvania,Technology,Monitors,"Jimenez, Morrow and Smith Monitors",9,157.32,0.0,1415.88,974.7,441.18
ORD-13936,2021-12-09,2021-12-10,Standard Class,CUST-2492,Kyle Snow,Corporate,South,Georgia,Office Supplies,Pens & Pencils,Boyd and Sons Pens & Pencils,4,3.75,0.1,13.5,7.17,6.33
ORD-13937,2021-03-05,2021-03-10,Same Day,CUST-2588,Alice Price,Consumer,West,Arizona,Office Supplies,Paper,"Oliver, Casey and Daniels Paper",8,5.3,0.15,36.04,20.14,15.9
ORD-13938,2022-05-09,2022-05-16,First Class,CUST-2897,Brittany Sanchez,Corporate,South,New Mexico,Technology,Printers,Marshall and Sons Printers,10,512.83,0.0,5128.3,3141.75,1986.55
ORD-13939,2021-11-21,2021-11-24,Same Day,CUST-2312,Matthew Johnson,Home Office,North,Utah,Technology,Phones,"Mayo, Chase and Yang Phones",3,1182.06,0.15,3014.25,1759.73,1254.52
ORD-13940,2021-04-03,2021-04-05,Standard Class,CUST-2528,Wayne Mitchell,Corporate,North,Georgia,Technology,Monitors,Owens Inc Monitors,4,384.59,0.0,1538.36,824.43,713.93
ORD-13941,2022-12-11,2022-12-12,First Class,CUST-1077,Richard Hopkins,Home Office,South,New Hampshire,Furniture,Shelving,Williams-Mccann Shelving,6,193.74,0.5,581.22,789.09,-207.87
ORD-13942,2022-07-25,2022-07-28,First Class,CUST-2904,Stacey Li,Consumer,West,Arizona,Office Supplies,Pens & Pencils,Burch-Garcia Pens & Pencils,5,6.17,0.05,29.31,19.45,9.86
ORD-1377,2023-01-22,2023-01-28,Second Class,CUST-1514,Miguel Riley,Corporate,South,Oregon,Furniture,Shelving,Caldwell-Boyd Shelving,4,148.18,0.05,,389.52,173.56
ORD-13944,2023-11-14,2023-11-21,Standard Class,CUST-1963,Susan Lee,Corporate,East,Pennsylvania,Furniture,Desks,Wang-Neal Desks,4,112.22,0.0,448.88,265.64,183.24
ORD-13945,2021-02-11,2021-02-12,Standard Class,CUST-2630,Elizabeth Mccarty,Consumer,South,Utah,Technology,Monitors,Snyder-Jenkins Monitors,4,654.77,0.0,2619.08,1192.4,1426.68
ORD-13946,2021-05-28,2021-06-04,Same Day,CUST-2036,Juan Torres,Corporate,East,Arizona,Furniture,Chairs,Carter-Maynard Chairs,5,137.59,0.0,687.95,384.73,303.22
ORD-13947,2021-02-13,2021-02-20,Same Day,CUST-2135,Mr. Joseph Martin II,Consumer,North,Montana,Technology,Laptops,"Hunter, Simon and Hernandez Laptops",5,1067.02,0.2,4268.08,3591.17,676.91
ORD-13948,2021-03-01,2021-03-05,First Class,CUST-1293,Dakota Day,Corporate,North,Louisiana,Office Supplies,Paper,Nelson-Valenzuela Paper,8,17.81,0.1,128.23,83.19,45.04
ORD-13949,2022-03-16,2022-03-23,Same Day,CUST-2588,Sarah Simpson,Home Office,West,Missouri,Office Supplies,Storage,Clark-Robinson Storage,6,25.63,0.0,153.78,100.6,53.18
ORD-13950,2022-10-02,2022-10-07,Second Class,CUST-1287,Tracy Ramirez,Corporate,East,Iowa,Technology,Laptops,Waters Inc Laptops,3,892.99,0.0,2678.97,1527.99,1150.98
ORD-13951,2021-12-05,2021-12-07,First Class,CUST-1059,Donna Waller,Home Office,North,Missouri,Technology,Monitors,"Bentley, Carlson and Miller Monitors",6,434.82,0.05,2478.47,1778.59,699.88
ORD-13952,2023-12-05,2023-12-11,Standard Class,CUST-2302,Anthony David,Corporate,North,California,Furniture,Bookcases,Valenzuela-Christensen Bookcases,9,344.99,0.1,2794.42,1909.05,885.37
ORD-13953,2021-10-23,2021-10-26,Standard Class,CUST-2809,Mario Lang,Consumer,East,West Virginia,Furniture,Shelving,Mullins Ltd Shelving,5,107.39,0.0,536.95,352.61,184.34
ORD-13954,2022-10-21,2022-10-24,Second Class,CUST-2412,Matthew Mann,Corporate,South,New Jersey,Office Supplies,Paper,Hammond-Cohen Paper,6,17.78,0.0,106.68,52.51,54.17
ORD-13955,2021-08-15,2021-08-20,First Class,CUST-1515,William Silva,Home Office,South,Massachusetts,Office Supplies,Envelopes,Parks PLC Envelopes,5,17.83,0.0,89.15,50.25,38.9
ORD-13956,2021-08-04,2021-08-10,First Class,CUST-2049,Dakota Foster,Consumer,West,Pennsylvania,Technology,Accessories,Green-Garcia Accessories,4,100.38,0.05,381.44,244.35,137.09
ORD-13957,2023-05-30,2023-06-06,Second Class,CUST-2703,Eric Mccormick,Home Office,South,Iowa,Office Supplies,Pens & Pencils,Rhodes-Nguyen Pens & Pencils,5,17.13,0.0,85.65,38.92,46.73
ORD-13958,2023-03-19,2023-03-21,Same Day,CUST-2769,Madeline Lang MD,Consumer,East,Florida,Office Supplies,Pens & Pencils,"Wilson, Boyd and Ballard Pens & Pencils",4,21.48,0.0,85.92,40.77,45.15
ORD-13959,2021-04-12,2021-04-14,Same Day,CUST-2930,Matthew Smith,Corporate,East,Louisiana,Furniture,Desks,Williams-Phillips Desks,5,986.34,0.0,4931.7,2514.83,2416.87
ORD-13960,2023-03-31,2023-04-01,Second Class,CUST-1341,Thomas Long,Home Office,West,Kansas,Office Supplies,Pens & Pencils,Owens Group Pens & Pencils,10,17.71,0.0,177.1,86.06,91.04
ORD-13961,2022-02-07,2022-02-10,Same Day,CUST-2775,Richard Ford,Corporate,West,Florida,Office Supplies,Paper,"Mccarthy, Mcdowell and Wilson Paper",10,38.97,0.0,389.7,253.8,135.9
ORD-13962,2021-06-16,2021-06-21,Second Class,CUST-2826,Crystal Chase,Consumer,West,Minnesota,Technology,Laptops,"Henderson, King and Mack Laptops",5,1638.61,0.0,8193.05,4617.93,3575.12
ORD-13963,2021-10-19,2021-10-20,Same Day,CUST-2329,Tara Merritt,Corporate,East,New Mexico,Furniture,Tables,"Cardenas, Randolph and Costa Tables",4,204.89,0.0,819.56,413.63,405.93
ORD-13964,2022-04-07,2022-04-09,Second Class,CUST-2609,Mary Williams,Corporate,West,Louisiana,Furniture,Bookcases,Sanchez LLC Bookcases,5,416.99,0.0,2084.95,1084.21,1000.74
ORD-13965,2021-04-13,2021-04-20,First Class,CUST-1953,Elizabeth Moreno,Home Office,South,Indiana,Furniture,Chairs,"Harris, Lopez and Dunn Chairs",3,650.7,0.0,1952.1,1078.24,873.86
ORD-13966,2023-01-18,2023-01-25,Same Day,CUST-1152,Jacob Bell,Consumer,West,Ohio,Technology,Accessories,Parker-Berry Accessories,9,40.26,0.05,344.22,223.23,120.99
ORD-13967,2021-08-28,2021-08-29,Same Day,CUST-2663,Robert Burns,Home Office,West,Florida,Furniture,Chairs,"Pitts, Jefferson and Davis Chairs",3,688.28,0.0,2064.84,1098.68,966.16
ORD-13968,2022-06-19,2022-06-23,Standard Class,CUST-2213,Cory Bell,Consumer,South,North Dakota,Technology,Printers,Rivera-Rodriguez Printers,7,236.05,0.05,1569.73,865.07,704.66
ORD-13969,2021-03-25,2021-03-30,Second Class,CUST-1271,Timothy Ford,Home Office,West,Virginia,Furniture,Tables,"Friedman, Thompson and Miller Tables",2,1190.4,0.0,2380.8,1489.36,891.44
ORD-13970,2022-04-17,2022-04-24,Same Day,CUST-1825,Crystal Ruiz,Consumer,North,Louisiana,Furniture,Tables,Keith PLC Tables,7,440.61,0.1,2775.84,1677.2,1098.64
ORD-13971,2022-04-19,2022-04-26,Standard Class,CUST-1135,Jeremy Peters,Corporate,East,Maine,Office Supplies,Pens & Pencils,Patrick-Foster Pens & Pencils,5,10.46,0.0,52.3,36.0,16.3
ORD-13972,2023-09-17,2023-09-24,Same Day,CUST-2029,Robert Juarez,Home Office,West,Oregon,Technology,Tablets,"Bowman, Hall and Powell Tablets",1,569.69,0.15,484.24,396.69,87.55
ORD-13973,2021-01-08,2021-01-10,First Class,CUST-1296,Matthew Martinez,Consumer,South,Utah,Technology,Tablets,"Newton, Anderson and Hernandez Tablets",7,263.21,0.1,1658.22,907.92,750.3
ORD-13974,2023-01-07,2023-01-12,Same Day,CUST-1375,Dustin Johnson,Corporate,East,Utah,Furniture,Bookcases,Mills-Quinn Bookcases,7,189.44,0.0,1326.08,753.54,572.54
ORD-13975,2023-12-06,2023-12-09,Second Class,CUST-1242,Angela Dunn,Consumer,West,North Carolina,Office Supplies,Paper,Castro-Wolf Paper,4,21.43,0.05,81.43,42.34,39.09
ORD-13976,2023-06-29,2023-07-01,Same Day,CUST-2955,Ashley Gilbert,Corporate,North,Indiana,Furniture,Chairs,Ferguson-Walsh Chairs,5,453.25,0.05,2152.94,1187.79,965.15
ORD-13977,2023-03-07,2023-03-13,Second Class,CUST-2946,Jonathan Jackson,Corporate,West,Tennessee,Furniture,Tables,Dyer-George Tables,6,155.65,0.0,933.9,618.26,315.64
ORD-13978,2021-03-31,2021-04-04,Standard Class,CUST-2487,Ashley Johnson,Consumer,North,Utah,Furniture,Shelving,Gilbert-Phillips Shelving,8,253.84,0.0,2030.72,1121.87,908.85
ORD-13979,2021-02-20,2021-02-26,Standard Class,CUST-1880,James Estrada,Corporate,South,Rhode Island,Technology,Phones,Walker Group Phones,8,769.08,0.0,6152.64,3015.03,3137.61
ORD-13980,2022-06-17,2022-06-20,Standard Class,CUST-2297,Derek Mathis,Home Office,North,Alabama,Technology,Tablets,Ali Group Tablets,4,258.39,0.0,1033.56,491.31,542.25
ORD-13981,2022-01-23,2022-01-28,Standard Class,CUST-1712,Christine Jackson,Consumer,East,Missouri,Technology,Accessories,Smith-Morris Accessories,1,133.54,0.0,133.54,63.63,69.91
ORD-13982,2022-10-25,2022-10-26,Second Class,CUST-1361,Brian Walker,Corporate,South,Kentucky,Furniture,Bookcases,Ward Inc Bookcases,7,102.92,0.0,720.44,476.95,243.49
ORD-13983,2022-01-28,2022-02-03,Standard Class,CUST-1402,James Carter,Consumer,West,Louisiana,Furniture,Shelving,"Ruiz, Johnson and Allen Shelving",6,250.32,0.1,1351.73,925.03,426.7
ORD-13984,2021-02-13,2021-02-17,First Class,CUST-2120,Mr. Dwayne Jackson Jr.,Consumer,South,Iowa,Technology,Printers,Jones-Cisneros Printers,3,202.89,0.05,578.24,365.16,213.08
ORD-13985,2023-05-15,2023-05-18,Standard Class,CUST-1110,Amber Wilson MD,Corporate,West,Arkansas,Technology,Phones,Houston-Johnson Phones,5,271.46,0.0,1357.3,686.65,670.65
ORD-13986,2021-03-18,2021-03-21,Same Day,CUST-2521,Patrick Rosario,Corporate,East,Louisiana,Furniture,Bookcases,Schmitt-Sanchez Bookcases,1,297.12,0.0,297.12,169.65,127.47
ORD-13987,2023-07-14,2023-07-20,First Class,CUST-2523,Amy Weeks,Corporate,West,Oklahoma,Technology,Accessories,"Johnson, Armstrong and Johnson Accessories",10,106.97,0.0,1069.7,746.08,323.62
ORD-13988,2022-02-01,2022-02-03,Standard Class,CUST-2420,Daniel Vance,Corporate,East,Iowa,Technology,Monitors,"Warren, Hernandez and Lloyd Monitors",1,857.26,0.15,728.67,590.23,138.44
ORD-13989,2021-03-10,2021-03-16,Second Class,CUST-1792,Thomas Davis,Corporate,West,Georgia,Furniture,Bookcases,Anderson Ltd Bookcases,1,114.19,0.15,97.06,77.99,19.07
ORD-13990,2022-09-04,2022-09-11,Same Day,CUST-2841,Lori Stewart,Corporate,West,Alaska,Technology,Accessories,Perkins LLC Accessories,4,137.12,0.2,438.78,331.21,107.57
ORD-13991,2022-05-28,2022-05-29,Second Class,CUST-1934,Denise Brown,Consumer,North,Connecticut,Furniture,Bookcases,"Quinn, Evans and Cole Bookcases",6,234.58,0.15,1196.36,663.13,533.23
ORD-13992,2023-03-28,2023-03-29,Second Class,CUST-1670,Victoria Cardenas,Home Office,South,Washington,Technology,Printers,"Smith, Perez and Webb Printers",2,197.59,0.1,355.66,224.63,131.03
ORD-13993,2023-09-30,2023-10-02,First Class,CUST-2713,Paul Santana,Corporate,East,Rhode Island,Furniture,Chairs,Bentley-Castro Chairs,6,112.05,0.2,537.84,377.99,159.85
ORD-13994,2021-07-30,2021-08-06,Standard Class,CUST-1112,David Clark,Home Office,South,Maryland,Office Supplies,Paper,Flores-Price Paper,3,17.49,0.0,52.47,34.88,17.59
ORD-13995,2022-06-03,2022-06-09,Second Class,CUST-1443,Ashley Rosales,Home Office,West,Hawaii,Technology,Tablets,"Liu, Turner and Miller Tablets",1,477.85,0.05,453.96,270.54,183.42
ORD-13996,2021-09-10,2021-09-12,Same Day,CUST-2259,Jacob Reyes,Corporate,South,Arizona,Technology,Phones,"Herring, Khan and Sanchez Phones",5,364.37,0.0,1821.85,944.81,877.04
ORD-13997,2021-11-13,2021-11-17,Standard Class,CUST-2494,Christopher Miller,Home Office,East,Iowa,Furniture,Bookcases,"Ross, Brown and Meyer Bookcases",7,206.59,0.0,1446.13,967.07,479.06
ORD-13998,2023-04-17,2023-04-22,Standard Class,CUST-1651,Robert Jacobs,Consumer,North,Maine,Furniture,Tables,Porter-Hampton Tables,6,1244.95,0.1,6722.73,4930.52,1792.21
ORD-13999,2023-03-12,2023-03-16,Same Day,CUST-2256,Thomas Miller,Corporate,North,South Carolina,Technology,Laptops,Barron Group Laptops,10,1575.24,0.1,14177.16,8404.64,5772.52
ORD-1172,2022-10-27,2022-11-02,Standard Class,CUST-1819,Gregory Compton,Corporate,East,Ohio,Technology,Printers,"Griffin, Dyer and Sanders Printers",3,117.78,0.05,335.67,234.19,101.48
ORD-14001,2021-03-31,2021-04-04,First Class,CUST-2186,Gabrielle Strong,Home Office,West,Massachusetts,Office Supplies,Pens & Pencils,"Pitts, Mora and Davis Pens & Pencils",9,2.99,0.0,26.91,17.87,9.04
ORD-14002,2023-03-22,2023-03-23,First Class,CUST-2548,Mary Hansen,Consumer,East,Arkansas,Furniture,Shelving,"Smith, Perez and Lowe Shelving",10,180.37,0.05,1713.51,1192.63,520.88
ORD-14003,2023-10-15,2023-10-19,Standard Class,CUST-2957,Richard Rowe,Home Office,North,Kentucky,Furniture,Bookcases,"Holmes, Vasquez and Costa Bookcases",3,81.33,0.0,243.99,109.85,134.14
ORD-14004,2021-05-05,2021-05-08,Same Day,CUST-1279,Steven Cannon,Corporate,South,Tennessee,Office Supplies,Binders,"Stokes, Small and Moyer Binders",10,3.74,0.0,37.4,21.18,16.22
ORD-14005,2022-03-28,2022-03-30,Standard Class,CUST-2550,Kevin Mullins,Home Office,East,New Mexico,Furniture,Bookcases,Richards-Shepard Bookcases,3,104.5,0.2,250.8,152.32,98.48
ORD-14006,2021-08-18,2021-08-19,Second Class,CUST-2884,William Lawson,Corporate,East,Louisiana,Furniture,Chairs,Stuart-Wise Chairs,2,329.14,0.0,658.28,317.4,340.88
ORD-14007,2021-05-30,2021-05-31,,CUST-2703,Dylan Smith,Home Office,North,Iowa,Furniture,Bookcases,Padilla PLC Bookcases,9,196.42,0.1,1591.0,1129.82,461.18
ORD-14008,2022-11-17,2022-11-18,Same Day,CUST-2615,Alex Vega,Corporate,North,Maine,Technology,Phones,Martinez LLC Phones,8,302.29,0.0,2418.32,1656.78,761.54
ORD-14009,2021-01-19,2021-01-22,Second Class,CUST-1324,Mary Mahoney,Consumer,West,Wyoming,Office Supplies,Binders,Gibson LLC Binders,3,35.01,0.0,105.03,67.97,37.06
ORD-14010,2023-01-17,2023-01-24,Second Class,CUST-1032,Ms. Robyn Jones PhD,Corporate,South,Hawaii,Furniture,Bookcases,"Carroll, Wolfe and Hamilton Bookcases",4,480.06,0.2,1536.19,995.59,540.6
ORD-14011,2023-03-29,2023-04-03,Same Day,CUST-2580,Travis Burke,Home Office,South,New Hampshire,Technology,Monitors,"Russell, Rodriguez and Hensley Monitors",7,546.67,0.05,3635.36,2088.81,1546.55
ORD-14012,2022-01-26,2022-01-27,Standard Class,CUST-2351,Rick Rogers,Home Office,North,Florida,Office Supplies,Binders,Bush PLC Binders,3,10.63,0.0,31.89,21.04,10.85
ORD-14013,2021-04-27,2021-05-04,Standard Class,CUST-2428,Nancy King,Consumer,South,Kentucky,Furniture,Shelving,Bradley and Sons Shelving,1,162.75,0.0,162.75,92.35,70.4
ORD-14014,2021-03-01,2021-03-06,Same Day,CUST-1486,Gloria Sanchez,Consumer,East,Florida,Office Supplies,Storage,"Mendoza, Maldonado and Carr Storage",4,42.31,0.0,169.24,90.28,78.96
ORD-14015,2023-10-02,2023-10-04,First Class,CUST-1321,Joshua Parker,Corporate,South,Maryland,Furniture,Desks,Martin-Smith Desks,10,786.65,0.0,7866.5,4860.35,3006.15
ORD-14016,2023-04-06,2023-04-12,Standard Class,CUST-1041,Timothy Gray,Corporate,West,Missouri,Furniture,Desks,Dougherty Ltd Desks,4,814.19,0.0,3256.76,1524.1,1732.66
ORD-14017,2023-01-05,2023-01-11,,CUST-2856,Michelle Adams,Corporate,North,Ohio,Furniture,Desks,"Lewis, West and George Desks",5,1102.6,0.2,4410.4,3448.83,961.57
ORD-14018,2022-10-18,2022-10-25,First Class,CUST-1906,Emily Walters,Corporate,West,Florida,Technology,Printers,"Walsh, Bowers and Poole Printers",9,582.69,0.1,4719.79,2421.57,2298.22
ORD-14019,2023-05-03,2023-05-06,Standard Class,CUST-2783,Keith Larson,Corporate,North,Oregon,Office Supplies,Paper,Hall-Wheeler Paper,5,21.49,0.0,107.45,66.97,40.48
ORD-14020,2023-03-17,2023-03-21,,CUST-2878,John Jennings,Corporate,South,North Carolina,Office Supplies,Storage,Martinez Group Storage,1,30.78,0.2,24.62,17.41,7.21
ORD-14021,2022-04-05,2022-04-09,First Class,CUST-2614,Kristine Jones,Consumer,East,Mississippi,Technology,Monitors,Anderson Ltd Monitors,8,612.55,0.1,4410.36,2670.52,1739.84
ORD-14022,2023-10-04,2023-10-10,Standard Class,CUST-2607,Jennifer Harris,Consumer,South,Nevada,Furniture,Desks,"Rivas, Hanson and Stevens Desks",3,1084.02,0.0,3252.06,1901.49,1350.57
ORD-14023,2022-08-10,2022-08-16,Same Day,CUST-1150,Robert Foster,Home Office,East,Georgia,Furniture,Shelving,"Coleman, Sanders and Barker Shelving",2,77.6,0.0,155.2,91.85,63.35
ORD-14024,2021-01-22,2021-01-25,First Class,CUST-1967,Crystal Johnson,Consumer,South,Texas,Furniture,Chairs,Johnson PLC Chairs,9,413.78,0.0,3724.02,1759.84,1964.18
ORD-14025,2023-08-01,2023-08-02,Standard Class,CUST-2875,John Barber,Corporate,South,South Carolina,Office Supplies,Labels,"Powell, Davidson and Hale Labels",9,18.86,0.3,118.82,83.16,35.66
ORD-14026,2021-09-21,2021-09-26,First Class,CUST-1862,Jennifer Fields,Corporate,West,Michigan,Furniture,Shelving,Clark-Thomas Shelving,6,232.18,0.0,1393.08,750.46,642.62
ORD-14027,2022-05-06,2022-05-08,Standard Class,CUST-1062,Jeffery Jackson,Corporate,East,Pennsylvania,Office Supplies,Paper,"Bennett, Jordan and Gonzalez Paper",10,11.25,0.0,112.5,54.87,57.63
ORD-14028,2022-02-18,2022-02-21,First Class,CUST-2330,Jeffrey Foster,Consumer,South,Alabama,Technology,Accessories,"Lewis, Johnson and Duffy Accessories",4,88.37,0.15,300.46,220.0,80.46
ORD-14029,2023-01-16,2023-01-18,Second Class,CUST-1695,Steven Richmond,Consumer,North,Pennsylvania,Furniture,Chairs,"Robinson, Thomas and King Chairs",9,335.36,0.15,2565.5,1625.34,940.16
ORD-1569,2022-10-09,2022-10-14,Same Day,CUST-2186,Lauren Nichols,Home Office,North,Nevada,Office Supplies,Pens & Pencils,Hays PLC Pens & Pencils,1,20.15,0.1,18.13,11.65,6.48
ORD-14031,2023-04-24,2023-04-29,Same Day,CUST-2360,James Morris,Consumer,South,Utah,Office Supplies,Labels,Parrish Ltd Labels,4,13.27,0.0,53.08,25.36,27.72
ORD-14032,2022-12-18,2022-12-22,First Class,CUST-2746,Hannah Scott,Consumer,West,Maine,Furniture,Shelving,"Wilson, King and Gonzales Shelving",3,213.46,0.05,608.36,385.18,223.18
ORD-14033,2021-05-22,2021-05-25,Second Class,CUST-2942,Bradley Atkinson,Corporate,West,Kansas,Furniture,Chairs,"Roberts, Brown and Williams Chairs",6,862.83,0.5,2588.49,3369.13,-780.64
ORD-14034,2021-10-18,2021-10-22,Second Class,CUST-2530,Michael Reed,Corporate,East,Vermont,Furniture,Bookcases,"Dougherty, Cook and Foster Bookcases",4,185.36,0.0,741.44,388.23,353.21
ORD-14035,2023-04-18,2023-04-19,First Class,CUST-2375,Mandy Frazier,Consumer,East,Minnesota,Office Supplies,Storage,Klein-Mcgee Storage,2,61.23,0.0,122.46,74.86,47.6
ORD-14036,2023-02-20,2023-02-27,Standard Class,CUST-2533,Theresa Lopez,Home Office,West,Montana,Office Supplies,Labels,Smith-Martinez Labels,7,10.88,0.0,76.16,44.65,31.51
ORD-14037,2023-10-14,2023-10-16,Same Day,CUST-2838,Ronald Rogers,Home Office,West,Oklahoma,Technology,Laptops,Carlson-Mora Laptops,-9,1233.46,0.1,9991.03,6937.84,3053.19
ORD-14038,2023-03-13,2023-03-16,Standard Class,CUST-2118,Madison Lloyd,Home Office,East,Hawaii,Furniture,Shelving,"Butler, Johnson and Johnson Shelving",6,119.24,0.15,608.12,478.41,129.71
ORD-14039,2022-07-15,2022-07-16,Standard Class,CUST-2824,Alex Hensley,Home Office,East,New Mexico,Technology,Tablets,"Wilson, Turner and Ward Tablets",5,425.41,0.15,1807.99,1426.59,381.4
ORD-14040,2023-08-19,2023-08-25,First Class,CUST-2904,Charles Mccoy,Corporate,North,Florida,Office Supplies,Envelopes,Day-Sandoval Envelopes,8,24.93,0.0,199.44,125.5,73.94
ORD-14041,2023-03-19,2023-03-25,Same Day,CUST-2594,Mark Green,Home Office,West,Indiana,Technology,Accessories,"Barron, Powers and Martinez Accessories",4,12.99,0.15,44.17,35.01,9.16
ORD-14042,2023-10-21,2023-10-22,First Class,CUST-2380,Alexander Carter,Corporate,East,Alaska,Technology,Tablets,"Herman, Boyer and Lopez Tablets",9,443.04,0.0,3987.36,2201.55,1785.81
ORD-14043,2021-08-21,2021-08-22,Same Day,CUST-2946,Marvin Jackson,Consumer,East,Rhode Island,Technology,Printers,Brown Ltd Printers,7,100.26,0.0,701.82,462.88,238.94
ORD-14044,2023-06-07,2023-06-12,Same Day,CUST-2891,Adam Cain,Corporate,South,Tennessee,Office Supplies,Paper,Wilson-Rodriguez Paper,3,27.68,0.0,83.04,55.35,27.69
ORD-14045,2023-10-05,2023-10-07,Second Class,CUST-2058,Daniel Santiago,Consumer,East,Utah,Office Supplies,Labels,Blevins-Brown Labels,4,14.54,0.0,58.16,29.2,28.96
ORD-14046,2023-07-09,2023-07-11,Standard Class,CUST-1758,Zachary Graves,Corporate,North,Pennsylvania,Technology,Phones,"Williams, Holmes and Stone Phones",2,781.58,0.1,1406.84,920.83,486.01
ORD-14047,2022-03-09,2022-03-15,,CUST-1523,Dawn Hammond,Home Office,East,Maryland,Furniture,Bookcases,Gilmore Ltd Bookcases,8,378.72,0.15,2575.3,1989.5,585.8
ORD-14048,2021-01-03,2021-01-07,,CUST-1711,Gina Walker,Consumer,East,Hawaii,Office Supplies,Paper,Jones PLC Paper,7,53.32,0.0,373.24,200.73,172.51
ORD-14049,2022-01-09,2022-01-11,Same Day,CUST-2513,Jeffrey Owens,Consumer,North,Maine,Technology,Laptops,"Rivera, Cortez and Smith Laptops",6,644.18,0.0,3865.08,2512.71,1352.37
ORD-14050,2021-10-05,2021-10-11,First Class,CUST-2926,Lindsey Davidson,Consumer,South,Alabama,Office Supplies,Pens & Pencils,"Diaz, Mendoza and Murphy Pens & Pencils",10,18.58,0.2,148.64,97.4,51.24
ORD-14051,2023-10-21,2023-10-22,Same Day,CUST-1855,William Massey,Home Office,West,Pennsylvania,Office Supplies,Binders,Mcconnell PLC Binders,7,3.05,0.5,10.67,10.53,0.14
ORD-14052,2023-06-08,2023-06-12,Same Day,CUST-1543,Timothy Wright,Corporate,East,Ohio,Furniture,Chairs,Jones-Page Chairs,9,866.5,0.0,7798.5,3666.41,4132.09
ORD-14053,2021-07-16,2021-07-20,Standard Class,CUST-2671,Gloria Dougherty,Home Office,North,New Jersey,Furniture,Desks,Sparks-Mcdowell Desks,7,1177.8,0.15,7007.91,5100.01,1907.9
ORD-14054,2021-02-26,2021-02-28,Standard Class,CUST-2452,Nicholas Strong,Home Office,East,Connecticut,Technology,Phones,Brewer and Sons Phones,3,998.52,0.0,2995.56,1994.78,1000.78
ORD-14055,2021-05-28,2021-06-03,Second Class,CUST-2376,David Long,Home Office,South,New Mexico,Technology,Tablets,Edwards-Caldwell Tablets,4,752.31,0.05,,1752.63,1106.15
ORD-14056,2022-08-07,2022-08-14,First Class,CUST-2684,Brenda Davis,Corporate,West,Kansas,Office Supplies,Envelopes,"Garcia, Mcgee and Rodriguez Envelopes",1,14.99,0.5,7.5,7.91,-0.41
ORD-14057,2022-01-05,2022-01-10,Second Class,CUST-2383,George Marsh,Home Office,West,Rhode Island,Office Supplies,Storage,"Cannon, Ortiz and Waters Storage",10,16.25,0.0,162.5,82.71,79.79
ORD-14058,2021-01-10,2021-01-15,First Class,CUST-1974,Eugene Johnson,Home Office,North,South Carolina,Office Supplies,Paper,Jenkins LLC Paper,4,7.19,0.0,28.76,16.55,12.21
ORD-14059,2021-02-07,2021-02-10,Second Class,CUST-1808,Thomas Hays,Home Office,West,Alabama,Furniture,Bookcases,Meyers Group Bookcases,2,349.86,0.05,664.73,325.69,339.04
ORD-14060,2021-06-29,2021-07-04,,CUST-1716,Carolyn Davidson,Consumer,West,New Mexico,Technology,Tablets,Molina Ltd Tablets,10,708.93,0.3,4962.51,4936.19,26.32
ORD-14061,2022-07-17,2022-07-18,Same Day,CUST-1686,Michael Thomas,Home Office,North,Georgia,Technology,Laptops,"Lutz, Kim and Hood Laptops",9,709.49,0.0,6385.41,3169.85,3215.56
ORD-14062,2022-01-18,2022-01-20,First Class,CUST-2414,Christopher Stein,Corporate,East,Washington,Furniture,Desks,Baker Ltd Desks,9,1156.76,0.0,10410.84,6197.01,4213.83
ORD-14063,2021-12-29,2022-01-04,Standard Class,CUST-2210,Robert Mooney,Corporate,West,Hawaii,Office Supplies,Paper,Wagner-Howe Paper,7,44.44,0.0,311.08,184.6,126.48
ORD-14064,2021-09-01,2021-09-04,Second Class,CUST-2628,James Jones,Consumer,West,Alabama,Furniture,Bookcases,"Walker, Clayton and Richard Bookcases",7,420.44,0.0,2943.08,1972.12,970.96
ORD-14065,2023-04-28,2023-04-29,Second Class,CUST-2051,Stephen Mckenzie,Consumer,West,Ohio,Technology,Printers,"Norman, Johnson and Gibson Printers",1,262.03,0.15,222.73,159.74,62.99
ORD-14066,2021-05-02,2021-05-08,Second Class,CUST-2529,Jesse Copeland,Consumer,West,Wyoming,Technology,Monitors,Alvarez-Livingston Monitors,9,405.1,0.1,3281.31,1882.32,1398.99
ORD-14067,2023-09-09,2023-09-16,Same Day,CUST-2231,Nancy Sharp,Consumer,East,Wyoming,Office Supplies,Labels,Thomas and Sons Labels,10,15.8,0.0,158.0,102.28,55.72
ORD-14068,2021-05-23,2021-05-29,Standard Class,CUST-2330,Amy Mack,Consumer,West,Vermont,Furniture,Tables,"Maxwell, Russell and Brown Tables",10,1149.33,0.05,10918.63,7725.19,3193.44
ORD-14069,2021-11-06,2021-11-08,Same Day,CUST-2609,James Peck,Consumer,West,California,Technology,Monitors,Hansen Inc Monitors,2,676.72,0.0,1353.44,777.4,576.04
ORD-1803,2021-06-27,2021-06-30,Second Class,CUST-2714,Michael Green,Home Office,South,North Dakota,Technology,Laptops,"Hernandez, Barnes and Williams Laptops",4,623.18,0.0,2492.72,1722.62,770.1
ORD-14071,2023-11-24,2023-11-29,Standard Class,CUST-2683,Paul Becker,Consumer,North,New Hampshire,Furniture,Bookcases,Larsen-Sullivan Bookcases,6,431.03,0.15,2198.25,1620.76,577.49
ORD-14072,2021-05-30,2021-06-01,Second Class,CUST-1083,Steven King,Corporate,South,Minnesota,Technology,Tablets,Jones and Sons Tablets,10,450.72,0.05,4281.84,3075.94,1205.9
ORD-14073,2023-09-19,2023-09-26,,CUST-1874,Sue Snyder,Corporate,South,South Dakota,Technology,Tablets,Hernandez Group Tablets,7,454.87,0.05,3024.89,1444.02,1580.87
ORD-14074,2021-05-15,2021-05-17,First Class,CUST-1631,Martha Walter,Consumer,South,Ohio,Furniture,Tables,Nunez LLC Tables,1,1329.18,0.05,1262.72,679.83,582.89
ORD-14075,2023-01-05,2023-01-08,First Class,CUST-1456,Robert Garcia,Consumer,East,Ohio,Technology,Accessories,Horton PLC Accessories,5,74.48,0.0,372.4,178.89,193.51
ORD-14076,2023-12-12,2023-12-17,First Class,CUST-1908,Mary Lloyd,Consumer,North,New Mexico,Office Supplies,Paper,Williams Inc Paper,9,14.64,0.1,118.58,59.6,58.98
ORD-14077,2021-01-23,2021-01-28,Same Day,CUST-2688,Kelly Leon,Corporate,East,Nebraska,Furniture,Tables,Burnett-Baxter Tables,6,497.35,0.0,2984.1,1957.52,1026.58
ORD-14078,2022-04-06,2022-04-09,Standard Class,CUST-2073,Meghan Young,Consumer,North,Nevada,Office Supplies,Storage,Lee Group Storage,6,78.13,0.0,468.78,303.99,164.79
ORD-14079,2023-05-14,2023-05-19,Same Day,CUST-1858,Brianna Case,Home Office,North,Mississippi,Technology,Accessories,Holland-Andrade Accessories,7,141.02,0.0,987.14,690.57,296.57
ORD-14080,2022-07-24,2022-07-27,Standard Class,CUST-1591,Richard King,Home Office,South,Idaho,Furniture,Bookcases,Harrison-Morris Bookcases,2,358.27,0.0,716.54,435.71,280.83
ORD-14081,2023-11-27,2023-12-04,Standard Class,CUST-1655,Eric Castro,Consumer,East,Iowa,Technology,Accessories,Solomon LLC Accessories,7,13.5,0.0,94.5,57.96,36.54
ORD-14082,2022-02-12,2022-02-18,First Class,CUST-1981,Kerry Morgan,Corporate,South,Washington,Office Supplies,Storage,Anderson-Ortiz Storage,4,18.35,0.0,73.4,41.98,31.42
ORD-14083,2023-01-10,2023-01-11,Second Class,CUST-2849,Ronald Schneider,Home Office,West,Nebraska,Office Supplies,Labels,Figueroa-Conley Labels,9,13.77,0.0,123.93,74.43,49.5
ORD-14084,2022-12-31,2023-01-01,First Class,CUST-2057,David Rodgers,Consumer,West,Montana,Furniture,Shelving,Ramirez Group Shelving,5,136.9,0.0,684.5,345.57,338.93
ORD-14085,2022-07-14,2022-07-16,Same Day,CUST-1769,Linda Haynes,Home Office,West,Montana,Office Supplies,Storage,"Gray, Barnes and Graham Storage",1,65.77,0.0,65.77,37.85,27.92
ORD-14086,2022-02-21,2022-02-24,Second Class,CUST-1822,Donald Ruiz,Corporate,East,South Carolina,Office Supplies,Storage,Miller PLC Storage,6,29.73,0.0,178.38,81.1,97.28
ORD-14087,2023-11-22,2023-11-24,First Class,CUST-2778,Sean Morris,Home Office,North,Kentucky,Furniture,Bookcases,Campbell-Cantu Bookcases,5,469.3,0.0,2346.5,1183.09,1163.41
ORD-14088,2021-02-04,2021-02-06,Second Class,CUST-1724,Laura Ward,Corporate,East,Ohio,Technology,Laptops,House Inc Laptops,9,1506.7,0.0,13560.3,8566.47,4993.83
ORD-14089,2021-05-24,2021-05-29,Standard Class,CUST-2930,Justin Castaneda,Home Office,West,Indiana,Office Supplies,Binders,Bates Group Binders,9,27.63,0.0,248.67,162.97,85.7
ORD-14090,2021-06-04,2021-06-09,Standard Class,CUST-2319,Douglas Rodriguez,Corporate,West,Pennsylvania,Furniture,Bookcases,Dunn Ltd Bookcases,7,489.46,0.05,3254.91,1851.23,1403.68
ORD-14091,2022-04-04,2022-04-06,Same Day,CUST-1726,Megan Sanchez,Corporate,South,Florida,Technology,Printers,"Martinez, Bowen and Calderon Printers",2,98.63,0.05,187.4,91.92,95.48
ORD-14092,2021-07-09,2021-07-13,Second Class,CUST-2822,Brittany May,Consumer,North,West Virginia,Technology,Phones,Hall-Arnold Phones,1,607.63,0.3,425.34,405.82,19.52
ORD-14093,2021-11-14,2021-11-18,,CUST-2843,Jesse Moreno,Home Office,North,Oregon,Furniture,Desks,Rodriguez PLC Desks,10,1153.63,0.0,11536.3,5405.32,6130.98
ORD-14094,2022-03-21,2022-03-22,First Class,CUST-2517,Briana Hudson MD,Home Office,West,California,Office Supplies,Storage,Nicholson-Perry Storage,10,79.88,0.0,798.8,408.03,390.77
ORD-14095,2022-10-28,2022-11-02,Same Day,CUST-1825,Jeffrey Mcguire,Consumer,West,Wyoming,Office Supplies,Labels,"Morton, Taylor and West Labels",5,11.48,0.0,57.4,37.72,19.68
ORD-14096,2023-04-10,2023-04-17,First Class,CUST-2335,Brittany Griffith,Consumer,East,Oregon,Technology,Monitors,Valdez and Sons Monitors,1,314.71,0.0,314.71,171.61,143.1
ORD-14097,2021-01-08,2021-01-09,Standard Class,CUST-1274,Amy Thompson,Consumer,West,Delaware,Technology,Accessories,Schmidt PLC Accessories,1,100.37,0.5,50.19,45.47,4.72
ORD-14098,2023-05-06,2023-05-12,First Class,CUST-1076,Rodney Lambert,Home Office,East,Ohio,Furniture,Shelving,Melendez Inc Shelving,8,66.55,0.1,479.16,294.96,184.2
ORD-14099,2022-05-06,2022-05-13,First Class,CUST-1876,Megan Scott,Home Office,South,North Dakota,Furniture,Desks,"Melendez, Franklin and Page Desks",8,804.27,0.0,6434.16,3275.0,3159.16
ORD-14100,2022-09-21,2022-09-28,Same Day,CUST-1002,April Mccarthy,Home Office,North,South Dakota,Technology,Monitors,Peterson Ltd Monitors,5,660.78,0.0,3303.9,1991.69,1312.21
ORD-14101,2023-01-30,2023-02-04,First Class,CUST-1118,Amy Schmitt,Corporate,West,Kansas,Furniture,Desks,Black-Castillo Desks,10,518.66,0.0,5186.6,2459.2,2727.4
ORD-14102,2023-02-13,2023-02-19,First Class,CUST-1956,Jose Garcia,Corporate,East,Virginia,Office Supplies,Storage,Aguilar Group Storage,5,10.55,0.0,52.75,27.88,24.87
ORD-14103,2022-11-03,2022-11-05,Standard Class,CUST-1601,Kevin Diaz,Consumer,North,Florida,Office Supplies,Storage,Bryant Group Storage,2,73.98,0.0,147.96,94.5,53.46
ORD-14104,2021-08-12,2021-08-16,Second Class,CUST-2212,Martha Frazier,Corporate,South,Pennsylvania,Office Supplies,Paper,Snyder and Sons Paper,3,31.55,0.05,89.92,46.09,43.83
ORD-14105,2023-01-07,2023-01-11,Standard Class,CUST-1432,Theresa Bradley,Corporate,North,Alabama,Office Supplies,Binders,"James, Powell and Hopkins Binders",9,9.93,0.2,71.5,52.45,19.05
ORD-14106,2022-03-11,2022-03-15,Same Day,CUST-1955,William Sanford,Corporate,West,Iowa,Furniture,Desks,Kline-Johnson Desks,3,1156.23,0.0,3468.69,1988.45,1480.24
ORD-14107,2022-10-25,2022-10-31,First Class,CUST-1245,Roy Butler,Corporate,East,Illinois,Furniture,Shelving,"Crosby, Goodwin and Herring Shelving",6,133.56,0.2,641.09,522.62,118.47
ORD-14108,2023-11-16,2023-11-19,Second Class,CUST-1066,Nicholas Gordon,Corporate,East,Virginia,Technology,Printers,Martinez-Lewis Printers,1,209.04,0.0,209.04,106.36,102.68
ORD-14109,2022-01-29,2022-01-31,Standard Class,CUST-1994,Kristine Bernard DDS,Home Office,North,Arkansas,Furniture,Chairs,"Martinez, Smith and Payne Chairs",5,841.35,0.0,4206.75,2605.39,1601.36
ORD-14110,2023-12-03,2023-12-06,,CUST-2285,Robert Hall,Corporate,South,New Hampshire,Technology,Printers,Fletcher-Allen Printers,1,577.3,0.05,548.43,342.46,205.97
ORD-14111,2021-05-07,2021-05-12,First Class,CUST-1811,Jeremy Cummings,Home Office,South,New Mexico,Furniture,Tables,"Reyes, Rodriguez and Roberts Tables",8,594.7,0.0,4757.6,3003.81,1753.79
ORD-14112,2022-06-21,2022-06-27,Standard Class,CUST-2867,David Moore,Corporate,South,North Dakota,Office Supplies,Paper,Bauer-Williams Paper,9,24.55,0.0,220.95,119.45,101.5
ORD-14113,2021-07-30,2021-07-31,Second Class,CUST-2540,Russell Miranda,Home Office,North,Mississippi,Furniture,Bookcases,"Edwards, Macias and Murray Bookcases",4,69.05,0.0,276.2,134.96,141.24
ORD-14114,2023-06-15,2023-06-17,Second Class,CUST-1769,Lauren Lopez,Consumer,East,Mississippi,Furniture,Bookcases,"Rice, Bowman and Morris Bookcases",7,231.14,0.0,1617.98,899.19,718.79
ORD-14115,2022-01-29,2022-02-02,First Class,CUST-1395,Maureen Barber,Consumer,South,Maryland,Furniture,Bookcases,Collins-Barnes Bookcases,4,276.91,0.15,941.49,675.0,266.49
ORD-14116,2022-03-21,2022-03-26,Standard Class,CUST-2488,James Cantu,Home Office,North,South Dakota,Technology,Accessories,Scott LLC Accessories,2,31.77,0.1,57.19,44.45,12.74
ORD-14117,2023-07-17,2023-07-18,Standard Class,CUST-1789,Jason Martin,Corporate,East,Virginia,Technology,Phones,Harris-Martin Phones,9,940.74,0.05,8043.33,5273.27,2770.06
ORD-14118,2022-01-04,2022-01-08,Second Class,CUST-2528,Donald Benson,Consumer,North,Florida,Technology,Monitors,Maddox-Wolf Monitors,7,853.6,0.0,5975.2,3484.16,2491.04
ORD-14119,2023-12-04,2023-12-07,Same Day,CUST-2793,Christine Ross,Corporate,South,Washington,Office Supplies,Paper,"Blankenship, Bell and Gutierrez Paper",4,24.8,0.5,49.6,57.45,-7.85
ORD-14120,2022-04-21,2022-04-27,Standard Class,CUST-2169,Stephen Torres,Corporate,South,Vermont,Furniture,Bookcases,"Martin, Morton and Goodman Bookcases",8,418.96,0.0,3351.68,2273.98,1077.7
ORD-14121,2023-02-17,2023-02-23,,CUST-1816,Carrie Hampton,Consumer,North,New Mexico,Technology,Laptops,Juarez and Sons Laptops,4,886.26,0.0,3545.04,2134.4,1410.64
ORD-14122,2021-07-08,2021-07-15,Standard Class,CUST-2737,Lauren Price,Home Office,West,New Jersey,Office Supplies,Binders,Crawford PLC Binders,6,21.78,0.1,117.61,79.26,38.35
ORD-14123,2021-01-07,2021-01-14,Same Day,CUST-1183,Justin Perez,Consumer,North,Alaska,Technology,Printers,Odonnell-Huffman Printers,7,162.79,0.0,1139.53,729.92,409.61
ORD-14124,2022-10-21,2022-10-27,First Class,CUST-2952,Patricia Lawson,Home Office,East,Alabama,Furniture,Chairs,"Miller, West and Chang Chairs",3,123.75,0.05,352.69,185.89,166.8
ORD-14125,2021-05-24,2021-05-25,Standard Class,CUST-1358,Patricia Mcguire,Corporate,West,Alabama,Office Supplies,Pens & Pencils,Weiss Ltd Pens & Pencils,3,5.21,0.0,15.63,9.98,5.65
ORD-14126,2021-06-01,2021-06-06,Second Class,CUST-2673,Samuel Carson,Consumer,North,Washington,Office Supplies,Storage,Wade Ltd Storage,4,25.68,0.0,102.72,60.26,42.46
ORD-14127,2023-03-26,2023-03-28,Same Day,CUST-2999,Jennifer Martin,Corporate,West,Ohio,Technology,Printers,"Bell, Randolph and Schultz Printers",2,172.02,0.15,292.43,188.29,104.14
ORD-14128,2021-12-26,2022-01-02,First Class,CUST-2292,Kimberly Washington,Consumer,North,Colorado,Office Supplies,Pens & Pencils,Phillips-Collins Pens & Pencils,3,4.56,0.1,12.31,7.81,4.5
ORD-14129,2023-06-14,2023-06-15,Standard Class,CUST-1603,Jennifer Liu,Home Office,North,Arizona,Furniture,Shelving,Harris LLC Shelving,5,106.61,0.5,266.52,303.82,-37.3
ORD-14130,2021-06-27,2021-06-30,Second Class,CUST-1704,Darren Sullivan,Consumer,West,Wisconsin,Furniture,Desks,"Clark, Watkins and Wheeler Desks",4,522.22,0.1,1879.99,1250.42,629.57
ORD-14131,2021-11-27,2021-12-03,Standard Class,CUST-2213,Paula Walker,Home Office,East,California,Technology,Monitors,Mendez-Cardenas Monitors,1,296.78,0.05,281.94,201.89,80.05
ORD-14132,2023-03-10,2023-03-12,Second Class,CUST-1534,Regina Romero,Corporate,East,Illinois,Furniture,Desks,Ruiz-Henry Desks,5,645.84,0.05,3067.74,2187.44,880.3
ORD-14133,2021-09-18,2021-09-25,Standard Class,CUST-2769,Rebecca Medina,Home Office,North,Oregon,Furniture,Tables,"Brown, Bailey and Duarte Tables",10,1294.84,0.0,12948.4,8344.42,4603.98
ORD-14134,2023-12-15,2023-12-19,Same Day,CUST-2131,Timothy Goodwin,Consumer,South,Missouri,Office Supplies,Labels,"Williams, Roth and Lane Labels",9,8.4,0.05,71.82,47.78,24.04
ORD-14135,2022-06-26,2022-07-01,First Class,CUST-1920,James Bishop,Consumer,South,North Carolina,Technology,Monitors,Booth-Ayers Monitors,2,854.06,0.0,1708.12,842.38,865.74
ORD-14136,2021-11-21,2021-11-24,Standard Class,CUST-1385,Erin Rocha,Consumer,North,Delaware,Technology,Phones,Johnson-Welch Phones,2,602.13,0.0,1204.26,738.7,465.56
ORD-14137,2023-02-06,2023-02-13,First Class,CUST-1904,Katie Lawrence,Consumer,South,South Carolina,Office Supplies,Paper,Price Ltd Paper,4,20.26,0.0,81.04,50.26,30.78
ORD-14138,2023-01-31,2023-02-06,First Class,CUST-2908,Kristen Hanson,Corporate,East,Hawaii,Technology,Laptops,"Smith, Duarte and Lopez Laptops",5,1169.07,0.15,4968.55,2762.47,2206.08
ORD-14139,2021-04-19,2021-04-20,Second Class,CUST-2921,Matthew Moss,Corporate,South,Wyoming,Furniture,Chairs,Garcia-Garcia Chairs,3,728.36,0.15,1857.32,1101.65,755.67
ORD-14140,2023-02-27,2023-03-02,Same Day,CUST-1201,Kimberly Smith,Home Office,North,Iowa,Technology,Accessories,Underwood-Cook Accessories,5,27.57,0.0,137.85,72.97,64.88
ORD-14141,2021-11-23,2021-11-24,Standard Class,CUST-2558,Mary Cunningham,Home Office,West,Georgia,Office Supplies,Pens & Pencils,Mason Inc Pens & Pencils,1,21.68,0.05,20.6,13.04,7.56
ORD-14142,2023-05-23,2023-05-26,Same Day,CUST-1463,Sharon Cole,Consumer,North,Virginia,Furniture,Chairs,"Sanders, Peterson and Davenport Chairs",10,650.77,0.0,6507.7,4219.59,2288.11
ORD-14143,2021-09-04,2021-09-08,First Class,CUST-2804,Pamela Christensen,Corporate,West,Florida,Furniture,Tables,Weber-Hernandez Tables,9,150.41,0.0,1353.69,697.46,656.23
ORD-14144,2021-12-31,2022-01-01,First Class,CUST-2907,Thomas Maldonado,Corporate,South,Hawaii,Office Supplies,Paper,Parsons-Nunez Paper,9,42.15,0.2,303.48,211.06,92.42
ORD-14145,2021-06-20,2021-06-26,First Class,CUST-2053,Daniel Simpson,Home Office,East,Maryland,Furniture,Shelving,Long-Rice Shelving,10,135.14,0.0,1351.4,705.58,645.82
ORD-14146,2022-02-13,2022-02-16,Same Day,CUST-2586,Brooke Mcpherson,Corporate,North,West Virginia,Technology,Laptops,Cook-Smith Laptops,2,1360.5,0.0,2721.0,1588.44,1132.56
ORD-14147,2023-02-19,2023-02-24,Same Day,CUST-1393,Alicia Strong MD,Consumer,South,Michigan,Furniture,Bookcases,Gordon-Ballard Bookcases,7,330.52,0.15,1966.59,1443.61,522.98
ORD-14148,2021-07-14,2021-07-16,Same Day,CUST-2252,Carl Becker,Corporate,West,Missouri,Furniture,Bookcases,Hensley LLC Bookcases,7,484.24,0.05,3220.2,1816.94,1403.26
ORD-14149,2021-05-08,2021-05-10,Second Class,CUST-2655,Elizabeth Lee,Home Office,South,Idaho,Technology,Laptops,"Berg, Booth and Smith Laptops",9,748.85,0.3,4717.76,3489.3,1228.46
ORD-14150,2022-01-12,2022-01-18,Standard Class,CUST-2153,Jared Watson DDS,Consumer,South,Illinois,Technology,Monitors,"Dillon, White and Stafford Monitors",5,552.94,0.1,2488.23,1640.71,847.52
ORD-14151,2023-01-07,2023-01-09,Standard Class,CUST-1899,Luis Carr,Consumer,North,West Virginia,Office Supplies,Labels,Gilbert Group Labels,6,16.11,0.0,96.66,61.0,35.66
ORD-14152,2021-02-03,2021-02-05,First Class,CUST-1967,Robin Kelley,Corporate,East,Florida,Office Supplies,Storage,Turner-Gregory Storage,5,42.41,0.2,169.64,121.81,47.83
ORD-14153,2023-06-25,2023-06-26,Second Class,CUST-1859,Erin Brown,Corporate,South,Utah,Furniture,Chairs,"Perez, Sullivan and Gregory Chairs",9,857.51,0.0,7717.59,4469.09,3248.5
ORD-14154,2022-03-11,2022-03-15,Standard Class,CUST-2923,Roy Brooks,Consumer,North,Maryland,Furniture,Bookcases,Williams Inc Bookcases,10,119.68,0.1,1077.12,822.01,255.11
ORD-14155,2023-09-27,2023-09-28,Second Class,CUST-1901,Angela Massey,Corporate,North,Washington,Office Supplies,Storage,Williams Inc Storage,3,20.23,0.1,54.62,36.08,18.54
ORD-14156,2021-09-16,2021-09-21,First Class,CUST-1193,Christopher Ramirez,Consumer,South,Mississippi,Technology,Printers,Snyder-Solis Printers,5,427.13,0.1,1922.09,984.76,937.33
ORD-14157,2022-06-24,2022-06-26,Second Class,CUST-2054,Beth Knight,Consumer,North,Wisconsin,Office Supplies,Storage,Campbell-Mendoza Storage,5,55.72,0.15,236.81,149.1,87.71
ORD-14158,2022-09-11,2022-09-18,Second Class,CUST-1444,Elizabeth Fuller PhD,Consumer,East,Colorado,Furniture,Shelving,Hansen-Warren Shelving,9,262.04,0.0,2358.36,1330.66,1027.7
ORD-14159,2023-03-24,2023-03-29,First Class,CUST-2218,Jamie Palmer,Corporate,East,Utah,Furniture,Bookcases,"Alvarado, Santos and Hernandez Bookcases",9,211.92,0.0,1907.28,1143.92,763.36
ORD-14160,2023-03-28,2023-03-31,Second Class,CUST-1620,Tamara Haas,Corporate,East,Kansas,Furniture,Shelving,"Sharp, Ortiz and Brown Shelving",5,216.75,0.0,1083.75,534.01,549.74
ORD-14161,2023-04-15,2023-04-19,First Class,CUST-1552,Steven Gonzalez,Corporate,North,New Mexico,Office Supplies,Paper,"Kim, Burton and Elliott Paper",8,56.24,0.0,449.92,311.31,138.61
ORD-14162,2021-08-04,2021-08-05,First Class,CUST-1813,Mark Jackson,Consumer,North,South Dakota,Technology,Laptops,Roberson-Martin Laptops,1,1206.15,0.15,1025.23,841.71,183.52
ORD-14163,2023-02-11,2023-02-16,Second Class,CUST-1038,Sandra Stokes,Consumer,North,Kansas,Technology,Tablets,Ortega Inc Tablets,7,759.55,0.05,5051.01,2633.37,2417.64
ORD-14164,2023-01-02,2023-01-08,Second Class,CUST-2360,Jason Fischer,Corporate,West,Nevada,Office Supplies,Binders,Doyle-Rogers Binders,5,5.57,0.0,27.85,14.02,13.83
ORD-14165,2023-07-27,2023-08-03,Same Day,CUST-1427,Kathy Jones,Consumer,West,Kentucky,Furniture,Tables,Parker Inc Tables,10,513.84,0.15,4367.64,2668.21,1699.43
ORD-14166,2022-12-26,2022-12-30,Second Class,CUST-2366,Terry Wood,Corporate,West,West Virginia,Technology,Phones,"Cole, Cook and Klein Phones",5,1114.45,0.0,5572.25,3804.59,1767.66
ORD-14167,2021-06-08,2021-06-15,Standard Class,CUST-1779,Mary Reid,Corporate,South,Michigan,Technology,Printers,White PLC Printers,2,443.13,0.0,886.26,501.52,384.74
ORD-14168,2022-03-27,2022-04-02,First Class,CUST-1116,Andrew Ruiz,Corporate,East,New Jersey,Furniture,Chairs,Burton Ltd Chairs,4,485.58,0.05,1845.2,929.66,915.54
ORD-14169,2021-04-12,2021-04-19,Standard Class,CUST-2854,Jerry Lin,Home Office,East,Delaware,Furniture,Shelving,Wilson-Brooks Shelving,3,74.76,0.0,224.28,150.47,73.81
ORD-14170,2023-03-20,2023-03-22,First Class,CUST-2025,Diana Nelson,Consumer,North,New Mexico,Technology,Printers,Ballard-Brown Printers,4,140.94,0.05,535.57,311.23,224.34
ORD-14171,2023-09-05,2023-09-10,Same Day,CUST-2832,Miss Darlene Watson,Corporate,West,Pennsylvania,Technology,Accessories,Tran PLC Accessories,7,138.85,0.0,971.95,577.89,394.06
ORD-14172,2021-07-10,2021-07-12,Same Day,CUST-1804,Andrew Freeman,Home Office,East,Tennessee,Office Supplies,Storage,Williams-Padilla Storage,7,29.62,0.0,207.34,143.28,64.06
ORD-14173,2021-10-06,2021-10-13,First Class,CUST-1587,Brian Wise,Home Office,South,Minnesota,Technology,Monitors,Smith Group Monitors,3,274.52,0.0,823.56,411.7,411.86
ORD-14174,2021-04-19,2021-04-22,Second Class,CUST-2265,Erica Rivas,Home Office,South,Wyoming,Technology,Printers,"Higgins, May and Perez Printers",1,287.54,0.0,287.54,174.03,113.51
ORD-14175,2023-04-26,2023-04-29,Standard Class,CUST-2539,Shawn Wu,Consumer,North,Arkansas,Office Supplies,Pens & Pencils,Thomas and Sons Pens & Pencils,5,3.74,0.0,18.7,9.48,9.22
ORD-14176,2022-11-11,2022-11-12,Standard Class,CUST-1662,Spencer Nelson,Corporate,East,Minnesota,Office Supplies,Storage,Sparks-Stuart Storage,4,79.33,0.1,285.59,145.64,139.95
ORD-14177,2021-03-31,2021-04-06,First Class,CUST-1658,Patrick Mitchell,Consumer,South,Colorado,Technology,Monitors,"Floyd, Bryant and Norris Monitors",5,833.07,0.0,4165.35,2632.56,1532.79
ORD-14178,2023-01-25,2023-01-30,First Class,CUST-1143,Katrina Villanueva,Home Office,West,Tennessee,Technology,Monitors,Taylor-Duarte Monitors,2,744.06,0.0,1488.12,984.06,504.06
ORD-14179,2023-08-22,2023-08-29,Standard Class,CUST-1090,Terri Fowler,Home Office,South,Arkansas,Technology,Phones,Rodriguez Inc Phones,-6,591.42,0.2,2838.82,1673.36,1165.46
ORD-14180,2021-09-06,2021-09-10,First Class,CUST-2340,Robert Ashley,Corporate,East,South Carolina,Technology,Accessories,"Garcia, Mcdaniel and Miles Accessories",9,59.72,0.0,537.48,352.92,184.56
ORD-14181,2023-10-19,2023-10-21,First Class,CUST-1480,Mrs. Barbara Robinson MD,Corporate,North,Georgia,Technology,Printers,Leon-Guzman Printers,9,513.87,0.0,4624.83,2553.39,2071.44
ORD-14182,2022-10-30,2022-11-05,First Class,CUST-1944,Richard Burns,Consumer,North,Missouri,Technology,Laptops,Thompson-Hernandez Laptops,9,1124.85,0.15,8605.1,5072.21,3532.89
ORD-14183,2022-01-14,2022-01-17,Standard Class,CUST-1780,Laura Anderson,Corporate,West,Michigan,Technology,Accessories,Quinn-Thomas Accessories,2,25.02,0.0,50.04,33.75,16.29
ORD-14184,2022-07-20,2022-07-27,Second Class,CUST-1004,Jeffery Johnson,Consumer,East,Oklahoma,Technology,Tablets,Roberts Inc Tablets,4,222.32,0.2,711.42,450.64,260.78
ORD-14185,2023-07-15,2023-07-18,First Class,CUST-2858,Willie Wiggins,Consumer,North,Wisconsin,Office Supplies,Envelopes,"Zamora, Hughes and Huerta Envelopes",3,6.05,0.0,18.15,9.44,8.71
ORD-14186,2023-05-28,2023-06-02,Second Class,CUST-1717,Jeffrey Parks,Consumer,North,Virginia,Office Supplies,Pens & Pencils,"Petersen, Vega and Edwards Pens & Pencils",4,13.86,0.15,47.12,34.57,12.55
ORD-14187,2022-05-04,2022-05-09,First Class,CUST-2861,Emily Bell,Corporate,North,Alabama,Furniture,Chairs,"Juarez, Mcguire and Reeves Chairs",6,447.65,0.0,2685.9,1383.85,1302.05
ORD-14188,2022-02-26,2022-02-27,Standard Class,CUST-1985,Bobby Martinez,Consumer,East,Georgia,Technology,Monitors,Jones-Gibson Monitors,6,818.87,0.1,4421.9,2216.52,2205.38
ORD-14189,2023-04-09,2023-04-15,Second Class,CUST-1505,Tanya Williams,Consumer,West,Kentucky,Furniture,Shelving,Martin-Sellers Shelving,4,121.58,0.0,486.32,331.01,155.31
ORD-14190,2022-01-26,2022-01-31,First Class,CUST-2840,Renee Wheeler MD,Corporate,South,Pennsylvania,Office Supplies,Pens & Pencils,White Group Pens & Pencils,2,13.26,0.1,23.87,16.65,7.22
ORD-14191,2023-02-22,2023-02-23,First Class,CUST-2347,James Martin,Corporate,East,Massachusetts,Furniture,Desks,Collins Ltd Desks,9,1101.89,0.2,7933.61,5374.9,2558.71
ORD-14192,2021-11-21,2021-11-26,Second Class,CUST-1549,Brian Brady,Home Office,East,Wisconsin,Office Supplies,Storage,Smith-Obrien Storage,1,42.54,0.0,42.54,24.46,18.08
ORD-14193,2022-04-02,2022-04-08,Second Class,CUST-2273,Lori Taylor,Corporate,North,Rhode Island,Technology,Monitors,"Burns, Vazquez and Wilson Monitors",1,817.76,0.0,817.76,418.65,399.11
ORD-14194,2022-08-29,2022-09-02,Second Class,CUST-2407,Robin Maddox,Home Office,West,Maine,Office Supplies,Envelopes,"Hunter, Meyer and Ward Envelopes",7,6.91,0.0,48.37,29.02,19.35
ORD-14195,2023-04-23,2023-04-28,Standard Class,CUST-2192,Lisa Roberts,Consumer,West,Vermont,Office Supplies,Pens & Pencils,Ho-Moore Pens & Pencils,6,20.18,0.0,121.08,74.58,46.5
ORD-14196,2022-08-06,2022-08-11,Same Day,CUST-1943,Lisa Wheeler,Corporate,North,Kentucky,Furniture,Shelving,Wilcox-Simon Shelving,9,268.03,0.0,2412.27,1671.13,741.14
ORD-14197,2022-09-02,2022-09-05,Standard Class,CUST-2184,Susan Golden,Consumer,North,North Carolina,Furniture,Bookcases,Peck Ltd Bookcases,2,325.88,0.05,619.17,330.33,288.84
ORD-14198,2021-12-29,2021-12-31,First Class,CUST-1772,Rose Chang,Consumer,West,Nebraska,Furniture,Shelving,"White, Hull and Barrett Shelving",5,299.32,0.0,1496.6,934.22,562.38
ORD-14199,2021-12-16,2021-12-20,First Class,CUST-2038,Todd Baker,Consumer,East,Pennsylvania,Furniture,Desks,"Miller, Lee and Wilson Desks",9,488.17,0.0,4393.53,2982.26,1411.27
ORD-14200,2023-09-05,2023-09-08,First Class,CUST-1631,Lisa Stewart,Corporate,East,Idaho,Office Supplies,Pens & Pencils,Jackson and Sons Pens & Pencils,2,16.07,0.3,22.5,15.34,7.16
ORD-14201,2022-09-13,2022-09-17,Second Class,CUST-2768,Robert Schultz,Corporate,North,New Jersey,Office Supplies,Envelopes,Velasquez-Brown Envelopes,7,23.08,0.0,161.56,91.66,69.9
ORD-1951,2023-01-24,2023-01-29,Second Class,CUST-2578,Jennifer Vaughn,Home Office,West,Virginia,Furniture,Desks,Gross-Delgado Desks,7,499.05,0.15,2969.35,1763.26,1206.09
ORD-14203,2023-01-12,2023-01-17,First Class,CUST-2680,Veronica Page,Corporate,North,Massachusetts,Furniture,Bookcases,"Tran, Gibson and Miller Bookcases",7,96.5,0.05,641.73,309.26,332.47
ORD-14204,2021-11-16,2021-11-21,First Class,CUST-1372,Carol Martin,Corporate,East,Massachusetts,Furniture,Shelving,"Arnold, Rogers and Harvey Shelving",9,173.34,0.3,1092.04,768.13,323.91
ORD-14205,2023-10-26,2023-11-01,Standard Class,CUST-2720,Krystal Hoffman,Home Office,North,Vermont,Office Supplies,Labels,Davis and Sons Labels,6,16.56,0.15,84.46,62.81,21.65
ORD-14206,2023-07-23,2023-07-24,First Class,CUST-1441,George Black,Consumer,South,Idaho,Technology,Tablets,"Miller, Robinson and Burns Tablets",10,477.58,0.0,4775.8,2969.12,1806.68
ORD-14207,2023-09-04,2023-09-11,First Class,CUST-2810,Cesar Livingston,Corporate,North,Nebraska,Technology,Laptops,Torres-Rivera Laptops,8,1476.98,0.0,11815.84,6368.92,5446.92
ORD-14208,2023-02-10,2023-02-12,Same Day,CUST-1104,Sharon Rodriguez,Consumer,North,Nevada,Office Supplies,Storage,Fisher Group Storage,6,18.84,0.1,101.74,66.62,35.12
ORD-14209,2021-08-27,2021-09-02,Second Class,CUST-1528,Nicholas Jones,Consumer,East,Maryland,Technology,Phones,Rogers Ltd Phones,9,593.17,0.0,5338.53,3084.82,2253.71
ORD-14210,2023-08-19,2023-08-23,Second Class,CUST-1946,John Zimmerman,Corporate,West,Colorado,Technology,Laptops,Torres PLC Laptops,9,1344.0,0.0,12096.0,6998.26,5097.74
ORD-14211,2022-04-28,2022-05-01,Second Class,CUST-2204,William Vaughan,Corporate,West,Pennsylvania,Technology,Laptops,Henderson Inc Laptops,5,944.27,0.0,4721.35,2656.9,2064.45
ORD-14212,2021-04-14,2021-04-21,First Class,CUST-1147,Angela Brown,Home Office,South,Florida,Office Supplies,Pens & Pencils,Hunter and Sons Pens & Pencils,1,2.35,0.05,2.23,1.64,0.59
ORD-14213,2022-11-16,2022-11-18,First Class,CUST-1061,Matthew Robinson,Consumer,West,Maine,Furniture,Bookcases,Baker Group Bookcases,5,160.65,0.3,562.27,427.45,134.82
ORD-14214,2022-04-13,2022-04-18,Standard Class,CUST-2573,Tammy Carter,Corporate,East,Oklahoma,Furniture,Desks,"Jennings, Moore and Harris Desks",6,159.22,0.05,907.55,662.6,244.95
ORD-14215,2021-04-23,2021-04-30,Second Class,CUST-1059,Ronald Baker,Home Office,West,Louisiana,Furniture,Chairs,Waters-Malone Chairs,3,368.94,0.0,1106.82,717.26,389.56
ORD-14216,2021-05-07,2021-05-11,Same Day,CUST-2903,Michael Bass,Corporate,North,Georgia,Technology,Accessories,Ruiz-Walker Accessories,8,130.27,0.15,885.84,472.13,413.71
ORD-14217,2021-07-19,2021-07-25,Second Class,CUST-1930,Robert Guerrero,Home Office,North,Washington,Furniture,Tables,"Jarvis, Wilkins and Larson Tables",6,519.88,0.0,3119.28,1618.51,1500.77
ORD-14218,2021-10-27,2021-11-03,First Class,CUST-2847,Amy Perry,Home Office,East,Rhode Island,Office Supplies,Binders,"May, Smith and Mitchell Binders",10,36.75,0.2,294.0,207.13,86.87
ORD-14219,2021-08-01,2021-08-03,Standard Class,CUST-1272,Jesus Koch,Corporate,East,Vermont,Technology,Monitors,Leonard and Sons Monitors,2,367.73,0.0,735.46,432.49,302.97
ORD-14220,2023-04-16,2023-04-17,Same Day,CUST-2857,Jacob Marshall,Home Office,East,Michigan,Furniture,Desks,"Romero, Butler and Miles Desks",3,460.74,0.0,1382.22,810.73,571.49
ORD-14221,2023-10-04,2023-10-09,Second Class,CUST-2157,Matthew Huang,Consumer,South,Idaho,Office Supplies,Storage,Walker-Harding Storage,5,45.75,0.0,228.75,138.37,90.38
ORD-14222,2022-09-25,2022-09-28,First Class,CUST-1537,Keith Johnson,Corporate,North,Wyoming,Furniture,Desks,Campbell-Lopez Desks,5,753.82,0.2,3015.28,1700.76,1314.52
ORD-14223,2022-09-27,2022-10-03,Same Day,CUST-2407,Sarah Griffin,Consumer,South,Arkansas,Furniture,Desks,Brown Inc Desks,4,989.98,0.0,3959.92,2768.12,1191.8
ORD-14224,2021-05-18,2021-05-19,Same Day,CUST-2833,Jennifer Case,Home Office,North,New Mexico,Furniture,Tables,Barnes Group Tables,2,138.07,0.5,138.07,166.8,-28.73
ORD-1670,2022-07-22,2022-07-28,Same Day,CUST-2755,Courtney Martinez,Consumer,South,Michigan,Furniture,Desks,Cantrell-Wheeler Desks,1,620.05,0.0,620.05,378.76,241.29
ORD-14226,2021-06-05,2021-06-06,Standard Class,CUST-2487,Christopher Rodriguez,Home Office,South,Indiana,Office Supplies,Storage,Schultz-Bell Storage,-2,42.89,0.3,60.05,55.45,4.6
ORD-14227,2023-06-08,2023-06-10,Same Day,CUST-2740,Elizabeth Wright,Consumer,North,Arizona,Office Supplies,Pens & Pencils,"Horton, Schultz and Taylor Pens & Pencils",9,22.66,0.05,193.74,96.29,97.45
ORD-14228,2022-09-24,2022-09-26,Same Day,CUST-1327,Angela Smith,Consumer,East,North Carolina,Furniture,Shelving,"Nguyen, Petersen and Palmer Shelving",9,180.96,0.1,1465.78,1053.42,412.36
ORD-14229,2021-05-28,2021-06-03,Second Class,CUST-1411,Morgan Stewart,Consumer,West,West Virginia,Office Supplies,Storage,"Owen, Adams and Schmidt Storage",4,65.23,0.0,260.92,152.4,108.52
ORD-14230,2023-07-14,2023-07-16,Standard Class,CUST-1348,Rhonda Owens,Corporate,South,Louisiana,Office Supplies,Envelopes,"Crawford, Blake and Graves Envelopes",10,25.98,0.1,,179.1,54.72
ORD-14231,2021-05-20,2021-05-26,First Class,CUST-2360,Christina Maldonado,Consumer,West,Kentucky,Office Supplies,Envelopes,"Tran, Baxter and Mcneil Envelopes",10,11.6,0.0,116.0,80.99,35.01
ORD-14232,2021-10-23,2021-10-24,Standard Class,CUST-1096,Joseph Roach,Corporate,West,Minnesota,Office Supplies,Storage,Sheppard-Thompson Storage,8,70.97,0.0,567.76,392.95,174.81
ORD-14233,2021-10-23,2021-10-26,Same Day,CUST-1959,Stephanie Baker,Corporate,West,Tennessee,Furniture,Chairs,Washington-Sosa Chairs,10,345.81,0.2,2766.48,1595.12,1171.36
ORD-14234,2023-09-23,2023-09-30,Same Day,CUST-1961,Allison Parsons,Consumer,West,Oklahoma,Office Supplies,Envelopes,Johnson-Hill Envelopes,-6,9.74,0.2,46.75,38.26,8.49
ORD-14235,2023-06-12,2023-06-14,Standard Class,CUST-1790,Megan Conley,Home Office,South,Arizona,Technology,Monitors,"Pugh, Bartlett and Bell Monitors",6,562.38,0.0,3374.28,2228.44,1145.84
ORD-14236,2022-08-20,2022-08-23,First Class,CUST-2340,Timothy Benitez,Home Office,West,Pennsylvania,Office Supplies,Binders,Santos-Burgess Binders,9,12.81,0.05,,67.51,42.02
ORD-14237,2021-06-07,2021-06-13,Second Class,CUST-1386,Robert Rice,Home Office,North,Indiana,Furniture,Shelving,Miller-Hendricks Shelving,9,189.33,0.3,1192.78,796.74,396.04
ORD-14238,2022-12-11,2022-12-15,First Class,CUST-1028,Steve Jackson,Corporate,East,Pennsylvania,Office Supplies,Pens & Pencils,Porter Ltd Pens & Pencils,8,4.91,0.05,37.32,22.9,14.42
ORD-14239,2022-03-18,2022-03-19,First Class,CUST-2474,Tiffany Harris,Corporate,East,Alaska,Office Supplies,Binders,Gordon Ltd Binders,5,12.55,0.1,56.48,29.75,26.73
ORD-14240,2023-06-22,2023-06-25,Standard Class,CUST-2533,Jonathan Roberts,Consumer,West,New Jersey,Technology,Phones,Kline Ltd Phones,1,254.97,0.0,254.97,168.03,86.94
ORD-14241,2021-09-27,2021-10-03,First Class,CUST-2284,Steven Peters,Corporate,North,Wyoming,Furniture,Tables,Fields-Rodriguez Tables,9,149.64,0.0,1346.76,917.45,429.31
ORD-14242,2023-06-30,2023-07-07,Standard Class,CUST-2709,Donald Wilson,Home Office,West,Florida,Furniture,Shelving,Barrett and Sons Shelving,8,170.54,0.15,1159.67,694.09,465.58
ORD-14243,2022-10-28,2022-11-03,Same Day,CUST-2615,Dana Murphy,Home Office,East,Wyoming,Office Supplies,Storage,Greer Inc Storage,10,25.8,0.0,258.0,121.86,136.14
ORD-14244,2021-12-12,2021-12-13,Same Day,CUST-2234,Michael Stevens,Corporate,South,Arkansas,Office Supplies,Labels,Kim-King Labels,5,3.21,0.1,14.45,10.38,4.07
ORD-14245,2023-08-30,2023-09-01,Same Day,CUST-2580,Michael Pearson,Corporate,East,Alaska,Office Supplies,Paper,Martinez and Sons Paper,9,31.57,0.0,284.13,188.81,95.32
ORD-14246,2023-04-16,2023-04-18,First Class,CUST-1467,Taylor Norris,Consumer,North,Tennessee,Furniture,Bookcases,Morgan Ltd Bookcases,8,473.98,0.0,3791.84,2370.81,1421.03
ORD-14247,2021-08-24,2021-08-30,First Class,CUST-2317,Karen Black,Home Office,South,Nevada,Office Supplies,Envelopes,Huffman and Sons Envelopes,4,29.15,0.2,93.28,63.87,29.41
ORD-14248,2022-07-29,2022-08-02,Same Day,CUST-1130,Abigail Romero,Consumer,West,Maine,Technology,Printers,"Joyce, Barton and Hendrix Printers",2,369.44,0.2,591.1,384.61,206.49
ORD-14249,2021-11-01,2021-11-06,Standard Class,CUST-1395,Kelly Campbell,Corporate,West,West Virginia,Furniture,Chairs,Alvarez and Sons Chairs,9,549.6,0.15,4204.44,2476.54,1727.9
ORD-14250,2023-08-09,2023-08-12,First Class,CUST-2323,Edward Gentry,Consumer,South,Kentucky,Technology,Printers,Peterson-Gonzalez Printers,2,265.45,0.05,504.35,366.41,137.94
ORD-14251,2021-11-24,2021-11-25,Standard Class,CUST-2618,Jordan Anderson,Home Office,South,Oklahoma,Office Supplies,Paper,Webster-Smith Paper,7,20.67,0.2,115.75,67.4,48.35
ORD-14252,2023-11-02,2023-11-07,Second Class,CUST-2421,Kenneth Brown,Corporate,West,Georgia,Technology,Tablets,"Marquez, Haynes and Williams Tablets",1,445.53,0.0,445.53,291.46,154.07
ORD-14253,2022-09-23,2022-09-26,First Class,CUST-2983,Emily Collins,Corporate,East,Utah,Technology,Phones,Johnson PLC Phones,8,942.62,0.0,7540.96,3434.22,4106.74
ORD-14254,2021-02-17,2021-02-22,Standard Class,CUST-1521,Jason Butler,Home Office,East,Wisconsin,Furniture,Chairs,Pratt-Mccoy Chairs,7,238.29,0.0,1668.03,849.29,818.74
ORD-14255,2022-11-30,2022-12-07,First Class,CUST-2828,Randy Sullivan,Consumer,West,Texas,Office Supplies,Binders,Wright-James Binders,3,29.42,0.15,75.02,43.45,31.57
ORD-14256,2022-03-14,2022-03-15,Standard Class,CUST-2835,Cynthia Haynes,Home Office,South,Florida,Furniture,Desks,"Clark, Carlson and Walsh Desks",6,262.69,0.05,1497.33,998.69,498.64
ORD-14257,2021-04-21,2021-04-26,Same Day,CUST-2935,Dawn Harvey,Consumer,East,Vermont,Technology,Laptops,Davis Ltd Laptops,4,773.38,0.0,3093.52,1924.31,1169.21
ORD-14258,2022-03-19,2022-03-25,Standard Class,CUST-2197,David Soto,Home Office,South,North Dakota,Furniture,Desks,Steele Inc Desks,3,914.05,0.0,2742.15,1254.51,1487.64
ORD-14259,2023-05-16,2023-05-23,Standard Class,CUST-2758,Mark Hansen,Home Office,South,Arkansas,Technology,Monitors,"Duran, Andrews and Copeland Monitors",2,185.03,0.0,370.06,222.72,147.34
ORD-14260,2023-11-30,2023-12-04,First Class,CUST-2808,Mark Mercado,Corporate,North,Illinois,Furniture,Shelving,Martin and Sons Shelving,9,145.82,0.05,1246.76,841.38,405.38
ORD-14261,2023-10-11,2023-10-16,Same Day,CUST-1857,Eric Smith,Corporate,East,Texas,Office Supplies,Labels,"Mclean, Vazquez and Herman Labels",8,11.44,0.0,91.52,51.65,39.87
ORD-14262,2022-01-16,2022-01-22,Same Day,CUST-1297,Jason Bates,Home Office,North,California,Technology,Monitors,Martinez Ltd Monitors,10,642.06,0.05,6099.57,3328.03,2771.54
ORD-14263,2021-07-05,2021-07-08,First Class,CUST-2126,Angela Wright,Consumer,West,Oklahoma,Office Supplies,Pens & Pencils,"Nelson, Allen and Holmes Pens & Pencils",3,7.88,0.15,20.09,13.9,6.19
ORD-14264,2023-12-11,2023-12-17,First Class,CUST-2597,Dawn White,Consumer,East,Maryland,Technology,Accessories,"Moore, Turner and Foster Accessories",2,104.24,0.0,208.48,113.37,95.11
ORD-14265,2023-05-04,2023-05-06,Second Class,CUST-1911,Scott Cooley,Consumer,North,Arkansas,Furniture,Bookcases,"Mckinney, Smith and Li Bookcases",5,450.52,0.0,2252.6,1110.73,1141.87
ORD-14266,2023-02-04,2023-02-09,First Class,CUST-1120,Stephanie Atkinson,Home Office,East,Maryland,Technology,Phones,"Arnold, Jacobs and Hernandez Phones",10,559.36,0.0,5593.6,3109.93,2483.67
ORD-14267,2022-03-15,2022-03-22,Standard Class,CUST-2874,David Garrett,Home Office,West,Mississippi,Office Supplies,Paper,"Fox, Brandt and Sharp Paper",1,7.7,0.0,7.7,3.79,3.91
ORD-14268,2023-01-12,2023-01-13,Second Class,CUST-1439,Catherine Brown,Corporate,North,Oregon,Technology,Phones,Boyd-Morris Phones,9,1121.69,0.0,10095.21,6024.98,4070.23
ORD-14269,2021-08-12,2021-08-16,Same Day,CUST-1647,Kent Henry,Corporate,West,Utah,Furniture,Bookcases,Brown-Edwards Bookcases,5,295.0,0.05,1401.25,688.21,713.04
ORD-14270,2023-09-03,2023-09-05,Standard Class,CUST-1868,Nicholas Dunn,Corporate,North,California,Furniture,Desks,Smith Group Desks,4,575.5,0.15,1956.7,1560.36,396.34
ORD-14271,2023-07-24,2023-07-25,Second Class,CUST-1060,Ashley Douglas,Consumer,South,Ohio,Office Supplies,Storage,"Miller, Smith and Pineda Storage",8,29.25,0.15,198.9,105.68,93.22
ORD-14272,2021-10-02,2021-10-08,Standard Class,CUST-2928,Bryan Guzman,Corporate,South,Washington,Technology,Monitors,"Hodges, Ford and Mcdaniel Monitors",5,761.59,0.15,3236.76,2160.94,1075.82
ORD-14273,2021-04-10,2021-04-11,Second Class,CUST-1655,Jessica Smith,Consumer,West,Oklahoma,Technology,Tablets,"Manning, Patterson and Hill Tablets",6,786.67,0.0,4720.02,2270.59,2449.43
ORD-14274,2022-07-31,2022-08-04,First Class,CUST-2718,Barbara Davis,Corporate,South,Alaska,Technology,Monitors,Morgan and Sons Monitors,2,306.02,0.0,612.04,354.12,257.92
ORD-14275,2022-09-14,2022-09-15,Second Class,CUST-1188,Rachel Freeman,Corporate,West,Montana,Technology,Accessories,Mclean-Freeman Accessories,2,107.58,0.05,204.4,118.3,86.1
ORD-14276,2021-07-31,2021-08-07,Second Class,CUST-1554,William Wilson,Home Office,South,Iowa,Furniture,Tables,"Allen, Oneill and Contreras Tables",2,1117.67,0.05,2123.57,1367.32,756.25
ORD-14277,2023-06-05,2023-06-07,First Class,CUST-2089,Amy Riley,Home Office,West,Missouri,Furniture,Shelving,"Turner, Brown and Pierce Shelving",3,185.69,0.0,557.07,333.71,223.36
ORD-14278,2023-08-02,2023-08-03,Second Class,CUST-2622,Diana Frazier,Corporate,South,Texas,Furniture,Shelving,Freeman-Gonzalez Shelving,6,237.35,0.5,712.05,742.51,-30.46
ORD-14279,2022-01-25,2022-01-29,Standard Class,CUST-1296,Patricia Mcclure,Home Office,North,Kentucky,Office Supplies,Pens & Pencils,"Martinez, Gonzales and Riddle Pens & Pencils",8,23.62,0.05,179.51,91.08,88.43
ORD-14280,2021-02-11,2021-02-14,Same Day,CUST-2435,Jennifer Rice,Corporate,West,Nevada,Office Supplies,Pens & Pencils,Williams-Roth Pens & Pencils,3,8.22,0.15,20.96,15.42,5.54
ORD-14281,2023-11-02,2023-11-06,Standard Class,CUST-2930,Martha Hammond,Corporate,East,Louisiana,Technology,Monitors,Armstrong-Scott Monitors,4,446.1,0.0,1784.4,859.9,924.5
ORD-14282,2022-11-15,2022-11-19,Same Day,CUST-2390,Bill Whitney,Home Office,West,Michigan,Technology,Laptops,Jackson-Armstrong Laptops,2,995.84,0.15,,1155.08,537.85
ORD-14283,2022-02-03,2022-02-07,Second Class,CUST-2593,Renee Garza,Home Office,West,Missouri,Furniture,Tables,Johnson Ltd Tables,7,1381.09,0.1,8700.87,5649.48,3051.39
ORD-14284,2023-11-14,2023-11-16,Second Class,CUST-2065,Gregory King,Consumer,North,Nebraska,Furniture,Shelving,"Howell, Gonzalez and Miller Shelving",10,195.3,0.0,1953.0,1122.91,830.09
ORD-14285,2021-11-03,2021-11-09,Second Class,CUST-2587,Frederick Sullivan,Corporate,West,Wisconsin,Technology,Monitors,Cooke LLC Monitors,3,452.86,0.0,1358.58,724.9,633.68
ORD-14286,2022-11-05,2022-11-06,Second Class,CUST-1954,Amy Young,Home Office,East,Arizona,Office Supplies,Pens & Pencils,Ryan-Adams Pens & Pencils,7,23.3,0.1,146.79,99.67,47.12
ORD-14287,2021-01-16,2021-01-17,First Class,CUST-2506,Erin Wyatt,Consumer,South,Rhode Island,Furniture,Shelving,"Parsons, Stokes and Reese Shelving",1,259.04,0.1,233.14,135.14,98.0
ORD-14288,2023-11-19,2023-11-20,First Class,CUST-2475,Stacey Dalton,Corporate,South,Mississippi,Office Supplies,Binders,Jackson-Cardenas Binders,2,27.49,0.3,38.49,31.66,6.83
ORD-14289,2023-04-06,2023-04-11,Standard Class,CUST-1456,Adrian White,Home Office,East,Kansas,Furniture,Bookcases,Crawford-Olsen Bookcases,9,327.32,0.05,2798.59,1910.47,888.12
ORD-14290,2022-10-13,2022-10-20,Same Day,CUST-2906,Eric Nicholson,Consumer,East,Massachusetts,Technology,Accessories,Barrett PLC Accessories,2,75.16,0.0,150.32,98.62,51.7
ORD-14291,2021-06-22,2021-06-24,Standard Class,CUST-1390,Scott Cooper,Corporate,North,Texas,Office Supplies,Paper,"Bailey, Miller and Chapman Paper",3,14.75,0.0,44.25,27.0,17.25
ORD-14292,2023-01-12,2023-01-15,Second Class,CUST-2201,Scott Bailey,Consumer,South,Arizona,Technology,Phones,"Sanders, Gray and Franklin Phones",1,737.43,0.05,700.56,374.39,326.17
ORD-14293,2021-09-06,2021-09-08,First Class,CUST-1206,Tanya Willis,Consumer,East,Maryland,Technology,Laptops,"Dean, Gallagher and Lee Laptops",9,1564.35,0.0,14079.15,9103.29,4975.86
ORD-14294,2023-02-22,2023-02-25,Same Day,CUST-1223,David Bailey,Consumer,South,North Dakota,Office Supplies,Envelopes,"Black, Rogers and Harper Envelopes",1,24.85,0.0,24.85,16.21,8.64
ORD-14295,2022-05-17,2022-05-19,First Class,CUST-2477,Brian Ward,Consumer,South,New Hampshire,Technology,Monitors,"Garcia, Cameron and Morgan Monitors",4,365.61,0.1,1316.2,667.42,648.78
ORD-14296,2022-04-24,2022-04-27,Standard Class,CUST-2460,Victoria Baldwin,Corporate,North,Mississippi,Furniture,Shelving,"Colon, Campbell and Williamson Shelving",3,205.76,0.2,493.82,306.58,187.24
ORD-14297,2021-07-08,2021-07-09,First Class,CUST-2313,Tammie Levy,Corporate,South,Oklahoma,Office Supplies,Paper,"Lewis, Huynh and Miller Paper",2,7.88,0.05,14.97,7.65,7.32
ORD-14298,2022-09-16,2022-09-22,First Class,CUST-2169,Bryan Johnson,Corporate,North,Texas,Furniture,Shelving,"Carpenter, Zamora and Navarro Shelving",5,63.09,0.2,252.36,198.08,54.28
ORD-14299,2022-03-05,2022-03-11,Standard Class,CUST-1913,Nicholas Allen,Consumer,North,Louisiana,Office Supplies,Storage,Anderson and Sons Storage,2,26.91,0.05,51.13,27.94,23.19
ORD-14300,2022-12-14,2022-12-18,Second Class,CUST-1060,Matthew Miller,Home Office,North,Maine,Furniture,Bookcases,Hart Group Bookcases,1,108.26,0.2,86.61,59.72,26.89
ORD-14301,2022-02-23,2022-02-28,First Class,CUST-2306,Richard Walker,Home Office,South,Maryland,Furniture,Shelving,Ramos and Sons Shelving,3,88.99,0.1,240.27,166.16,74.11
ORD-14302,2023-05-22,2023-05-26,Same Day,CUST-1291,Tanya Smith,Corporate,East,Idaho,Technology,Accessories,Clark Ltd Accessories,6,149.82,0.0,898.92,425.77,473.15
ORD-14303,2022-05-24,2022-05-30,Same Day,CUST-2290,Jason Estrada,Home Office,West,California,Office Supplies,Envelopes,"Holland, West and Walsh Envelopes",4,3.51,0.0,14.04,9.12,4.92
ORD-14304,2021-08-26,2021-08-31,Same Day,CUST-1124,Thomas Lopez,Home Office,South,Montana,Technology,Phones,"Browning, Huff and Johnson Phones",1,867.65,0.0,867.65,572.62,295.03
ORD-14305,2023-03-11,2023-03-18,Second Class,CUST-1654,Christopher Hansen,Home Office,North,Georgia,Furniture,Desks,"Aguilar, Singleton and Duran Desks",6,697.43,0.0,4184.58,1979.65,2204.93
ORD-14306,2021-02-06,2021-02-10,First Class,CUST-2320,Jenny Owen,Home Office,South,Maine,Technology,Printers,Lowe-Mcdonald Printers,-3,494.27,0.0,1482.81,898.18,584.63
ORD-14307,2023-08-03,2023-08-09,First Class,CUST-2191,Linda Martin,Consumer,South,Colorado,Furniture,Tables,Price-Chavez Tables,5,878.02,0.2,3512.08,2452.43,1059.65
ORD-14308,2022-03-03,2022-03-04,First Class,CUST-2231,Anthony Murphy,Corporate,South,Nebraska,Office Supplies,Labels,Pope Ltd Labels,6,11.24,0.15,57.32,39.53,17.79
ORD-14309,2023-01-14,2023-01-18,First Class,CUST-1019,Kayla Lee,Consumer,East,California,Technology,Laptops,Hughes Ltd Laptops,3,670.54,0.2,1609.3,927.0,682.3
ORD-14310,2022-06-11,2022-06-17,First Class,CUST-1707,Elizabeth Figueroa,Consumer,East,Illinois,Office Supplies,Paper,"Davis, Woods and Church Paper",6,23.74,0.0,142.44,93.13,49.31
ORD-14311,2023-02-01,2023-02-04,Second Class,CUST-2234,James Jenkins,Consumer,South,Wyoming,Office Supplies,Envelopes,Mitchell and Sons Envelopes,5,29.91,0.15,127.12,67.95,59.17
ORD-14312,2022-07-07,2022-07-09,First Class,CUST-1288,Cynthia Johnson,Home Office,East,Kansas,Furniture,Desks,"Adams, Walls and Coffey Desks",2,179.59,0.15,305.3,214.04,91.26
ORD-14313,2022-07-24,2022-07-29,Same Day,CUST-1698,Alexis Ho,Consumer,East,Texas,Furniture,Shelving,"Carter, Stevens and Robinson Shelving",5,271.44,0.0,1357.2,611.93,745.27
ORD-14314,2021-12-12,2021-12-17,Same Day,CUST-2476,Christopher Flores,Corporate,South,Kentucky,Office Supplies,Labels,Dougherty Ltd Labels,7,13.74,0.1,86.56,56.58,29.98
ORD-14315,2021-08-04,2021-08-05,First Class,CUST-1756,Susan Richardson MD,Corporate,West,South Dakota,Office Supplies,Paper,"Juarez, Diaz and Whitaker Paper",2,14.03,0.2,22.45,14.34,8.11
ORD-14316,2022-02-19,2022-02-22,First Class,CUST-1161,Joseph Black,Corporate,West,California,Technology,Accessories,Villa LLC Accessories,4,69.64,0.0,278.56,181.94,96.62
ORD-14317,2022-06-26,2022-06-30,Same Day,CUST-1431,Linda Bernard,Corporate,South,Alabama,Office Supplies,Paper,"Weaver, Webb and Jackson Paper",6,30.21,0.15,154.07,120.05,34.02
ORD-14318,2021-07-27,2021-08-02,Same Day,CUST-2816,Steven Ford,Corporate,East,Kansas,Furniture,Shelving,Sparks-Walker Shelving,10,90.74,0.0,907.4,467.78,439.62
ORD-14319,2023-01-03,2023-01-06,Standard Class,CUST-1237,Martin Hinton,Consumer,North,New York,Office Supplies,Envelopes,"Downs, Mccall and Williamson Envelopes",6,13.62,0.2,65.38,41.75,23.63
ORD-14320,2023-04-13,2023-04-15,Second Class,CUST-1866,Ian Snow,Home Office,South,Arizona,Office Supplies,Labels,Stewart PLC Labels,8,16.82,0.05,127.83,80.22,47.61
ORD-14321,2023-07-06,2023-07-12,Same Day,CUST-1441,Cynthia Rodriguez,Consumer,South,South Dakota,Furniture,Bookcases,Cooper Group Bookcases,7,96.74,0.0,677.18,352.88,324.3
ORD-14322,2021-04-03,2021-04-06,Same Day,CUST-1685,Raymond Armstrong,Consumer,South,North Carolina,Office Supplies,Envelopes,"Taylor, Rivera and Cameron Envelopes",2,28.4,0.0,56.8,36.53,20.27
ORD-14323,2021-04-24,2021-04-30,First Class,CUST-2732,Kevin Perez,Corporate,West,California,Office Supplies,Labels,Ruiz Ltd Labels,2,17.11,0.0,34.22,20.63,13.59
ORD-14324,2022-09-19,2022-09-23,First Class,CUST-2744,Kelly Williams,Corporate,South,California,Office Supplies,Labels,White and Sons Labels,8,16.19,0.0,129.52,87.48,42.04
ORD-14325,2021-10-18,2021-10-19,Second Class,CUST-2531,Cynthia Hall,Corporate,West,Maine,Furniture,Desks,Doyle-Choi Desks,3,1069.55,0.05,3048.22,1522.9,1525.32
ORD-14326,2023-10-17,2023-10-23,Standard Class,CUST-2613,Casey Hunter,Home Office,South,Illinois,Office Supplies,Storage,Bennett-Greene Storage,10,26.22,0.0,262.2,177.2,85.0
ORD-14327,2023-08-20,2023-08-26,Same Day,CUST-2838,Christopher Young,Consumer,South,South Dakota,Office Supplies,Pens & Pencils,"Holmes, Russell and Robbins Pens & Pencils",7,18.39,0.0,128.73,80.23,48.5
ORD-14328,2023-07-08,2023-07-10,First Class,CUST-1178,Joshua Lopez,Corporate,West,New Mexico,Office Supplies,Paper,Washington LLC Paper,3,57.07,0.15,145.53,91.57,53.96
ORD-14329,2022-11-28,2022-12-04,Standard Class,CUST-2973,Marie Fisher,Home Office,South,Georgia,Office Supplies,Labels,Savage-Rice Labels,3,14.92,0.0,44.76,26.81,17.95
ORD-14330,2022-12-20,2022-12-24,,CUST-1019,Angela Lopez,Corporate,South,Oklahoma,Technology,Tablets,Evans Ltd Tablets,1,564.57,0.0,564.57,359.73,204.84
ORD-14331,2023-03-25,2023-03-30,Second Class,CUST-2265,Stacey Glenn,Home Office,East,Arkansas,Technology,Accessories,Velez LLC Accessories,1,147.45,0.05,140.08,80.56,59.52
ORD-14332,2022-03-13,2022-03-18,Same Day,CUST-2911,Lee Adams,Corporate,North,South Dakota,Office Supplies,Envelopes,Moore-Goodman Envelopes,2,18.44,0.0,36.88,21.46,15.42
ORD-14333,2022-02-16,2022-02-19,Standard Class,CUST-2174,Brendan Mcbride,Corporate,North,New Mexico,Office Supplies,Pens & Pencils,Cohen Group Pens & Pencils,7,4.25,0.0,29.75,13.41,16.34
ORD-14334,2022-06-21,2022-06-28,Standard Class,CUST-2457,Sherri Beck,Corporate,East,Arkansas,Furniture,Chairs,Anderson-Michael Chairs,9,318.41,0.15,2435.84,1757.02,678.82
ORD-14335,2022-03-18,2022-03-23,Second Class,CUST-1938,Joshua Phillips,Home Office,South,Minnesota,Furniture,Bookcases,Anderson-Phillips Bookcases,1,404.09,0.0,404.09,188.57,215.52
ORD-14336,2022-02-19,2022-02-25,Standard Class,CUST-2529,Tracy Mayo,Home Office,East,New Hampshire,Office Supplies,Envelopes,"Chambers, Barber and Jones Envelopes",5,10.59,0.1,47.66,33.55,14.11
ORD-14337,2022-08-28,2022-08-31,Same Day,CUST-1467,John Vargas,Corporate,South,Massachusetts,Technology,Phones,Woods Inc Phones,5,274.94,0.1,1237.23,677.19,560.04
ORD-14338,2021-07-02,2021-07-06,Same Day,CUST-1406,Keith Blankenship,Home Office,East,New Jersey,Technology,Printers,Price-Riley Printers,9,137.47,0.2,989.78,691.44,298.34
ORD-14339,2021-05-03,2021-05-10,Same Day,CUST-2723,Robert Morris,Home Office,South,Washington,Office Supplies,Labels,"Martinez, Baker and Warner Labels",7,13.33,0.05,88.64,58.99,29.65
ORD-14340,2022-05-04,2022-05-07,First Class,CUST-2963,Gregory Garrison,Corporate,North,Hawaii,Office Supplies,Binders,"Santana, Parker and Adams Binders",7,7.42,0.0,51.94,24.98,26.96
ORD-14341,2021-01-06,2021-01-10,Standard Class,CUST-1923,Martin Hodges,Consumer,West,California,Technology,Laptops,Sherman-Mendoza Laptops,6,1845.34,0.0,11072.04,6462.76,4609.28
ORD-14342,2021-09-02,2021-09-08,First Class,CUST-2309,Shannon Torres,Home Office,North,Arkansas,Technology,Monitors,"Campbell, Santos and Mccarty Monitors",6,887.26,0.0,5323.56,2706.06,2617.5
ORD-14343,2022-10-24,2022-10-31,Same Day,CUST-1745,Robert King,Home Office,West,Arkansas,Office Supplies,Paper,Barrett-Myers Paper,10,5.83,0.0,58.3,30.08,28.22
ORD-14344,2023-04-16,2023-04-22,Same Day,CUST-2426,John White,Home Office,North,Louisiana,Technology,Phones,"Lester, Miller and Newton Phones",2,901.02,0.3,1261.43,986.31,275.12
ORD-14345,2023-05-26,2023-05-31,,CUST-1080,Jacob Martin,Home Office,North,Maine,Technology,Accessories,Mendez LLC Accessories,2,32.91,0.0,65.82,37.8,28.02
ORD-14346,2021-10-26,2021-10-31,First Class,CUST-2079,Dawn Turner,Home Office,North,Louisiana,Office Supplies,Labels,"Ellis, Johnson and Gray Labels",4,19.62,0.0,78.48,36.18,42.3
ORD-14347,2023-12-13,2023-12-19,Standard Class,CUST-1327,Cynthia Mcdonald,Consumer,North,Maine,Office Supplies,Binders,Edwards Group Binders,9,13.8,0.0,124.2,76.36,47.84
ORD-14348,2022-06-26,2022-06-30,Second Class,CUST-1988,Rebecca Lopez DVM,Corporate,West,Illinois,Office Supplies,Binders,Kelly-Briggs Binders,8,26.43,0.05,200.87,137.57,63.3
ORD-14349,2023-11-01,2023-11-05,Second Class,CUST-1885,Matthew Watson,Corporate,South,Illinois,Furniture,Desks,"Lam, Moyer and Miller Desks",1,777.32,0.5,388.66,396.45,-7.79
ORD-14350,2022-11-22,2022-11-29,Same Day,CUST-1503,Eddie Maynard,Corporate,West,Hawaii,Furniture,Bookcases,"Dawson, Sheppard and Thompson Bookcases",9,67.42,0.15,515.76,313.35,202.41
ORD-14351,2023-07-22,2023-07-29,Standard Class,CUST-1540,Julie Gonzalez,Home Office,South,Connecticut,Furniture,Bookcases,Thomas Inc Bookcases,1,135.66,0.05,128.88,70.59,58.29
ORD-14352,2022-03-27,2022-04-01,Standard Class,CUST-2208,Michael Crawford,Home Office,East,Rhode Island,Technology,Laptops,Thompson and Sons Laptops,7,1329.45,0.15,7910.23,5278.3,2631.93
ORD-14353,2023-11-21,2023-11-23,First Class,CUST-2999,Heather Garcia,Corporate,East,Massachusetts,Office Supplies,Storage,"Thompson, Patton and Torres Storage",7,63.38,0.15,377.11,204.06,173.05
ORD-14354,2023-11-19,2023-11-25,Second Class,CUST-1751,Susan Simpson,Consumer,West,Idaho,Furniture,Shelving,Schmidt-Wolf Shelving,10,268.15,0.2,2145.2,1351.62,793.58
ORD-14355,2023-06-29,2023-07-05,Same Day,CUST-1126,Dawn Williams,Corporate,East,Tennessee,Technology,Printers,"White, Wilkinson and Sampson Printers",2,310.73,0.2,497.17,319.69,177.48
ORD-14356,2021-01-14,2021-01-19,First Class,CUST-1354,Angela Sullivan,Consumer,South,Florida,Office Supplies,Pens & Pencils,Acevedo-Scott Pens & Pencils,10,20.11,0.0,201.1,104.92,96.18
ORD-14357,2023-02-18,2023-02-19,Same Day,CUST-1169,Earl Brown,Corporate,East,South Carolina,Technology,Accessories,Miller and Sons Accessories,9,15.56,0.2,112.03,88.55,23.48
ORD-14358,2021-08-31,2021-09-01,Same Day,CUST-2801,Melvin Barker,Consumer,West,Georgia,Furniture,Tables,Bennett LLC Tables,2,206.3,0.1,371.34,285.19,86.15
ORD-14359,2022-04-22,2022-04-25,Same Day,CUST-1800,Angela Baker,Corporate,South,Arkansas,Technology,Printers,Patterson-Turner Printers,1,299.89,0.0,299.89,166.03,133.86
ORD-14360,2021-06-18,2021-06-21,Second Class,CUST-2183,Joshua Gonzalez,Home Office,East,Kansas,Office Supplies,Paper,Ramirez-Mendoza Paper,3,17.04,0.15,43.45,30.18,13.27
ORD-14361,2023-09-12,2023-09-18,Same Day,CUST-2697,Cory Bradford,Home Office,North,Oregon,Office Supplies,Envelopes,"Clark, Watkins and Jones Envelopes",9,22.18,0.1,179.66,124.29,55.37
ORD-1168,2023-11-10,2023-11-11,Same Day,CUST-1502,Mary Wilkinson,Consumer,West,Oklahoma,Furniture,Desks,Trevino PLC Desks,8,1107.53,0.0,8860.24,4424.21,4436.03
ORD-14363,2023-03-11,2023-03-17,Standard Class,CUST-1913,Robin Pena,Consumer,East,Alabama,Technology,Monitors,Morgan-Grant Monitors,8,354.5,0.2,2268.8,1371.19,897.61
ORD-14364,2022-02-11,2022-02-16,Same Day,CUST-1291,Katherine White,Home Office,West,Kentucky,Technology,Laptops,Mitchell Inc Laptops,8,975.77,0.0,7806.16,4855.2,2950.96
ORD-14365,2022-07-29,2022-08-05,Standard Class,CUST-1549,Jeremy Conley,Consumer,South,Hawaii,Furniture,Tables,"Edwards, Meyers and Wright Tables",2,1335.07,0.0,2670.14,1574.41,1095.73
ORD-14366,2023-08-10,2023-08-13,Second Class,CUST-2322,Tanya Norman,Corporate,North,Massachusetts,Office Supplies,Envelopes,"Perry, Hart and Sanchez Envelopes",1,22.26,0.1,20.03,13.11,6.92
ORD-14367,2022-05-30,2022-06-04,First Class,CUST-2896,Stephanie Henderson,Corporate,East,Oregon,Furniture,Bookcases,"Calderon, Webster and Mccarthy Bookcases",9,400.98,0.0,3608.82,1950.93,1657.89
ORD-14368,2022-03-12,2022-03-19,Standard Class,CUST-1628,Maureen Perez,Consumer,South,Florida,Office Supplies,Storage,Nguyen Inc Storage,9,32.11,0.0,288.99,154.79,134.2
ORD-14369,2022-09-05,2022-09-08,First Class,CUST-1123,Robin Bennett,Consumer,North,Missouri,Furniture,Desks,Salazar Ltd Desks,4,637.27,0.15,2166.72,1478.75,687.97
ORD-14370,2022-10-09,2022-10-13,Standard Class,CUST-2673,Marvin Figueroa,Corporate,East,North Dakota,Furniture,Bookcases,"Harrison, Flores and Carrillo Bookcases",8,121.81,0.0,974.48,469.65,504.83
ORD-1984,2023-11-12,2023-11-16,Second Class,CUST-1097,Philip Franklin,Corporate,South,Illinois,Furniture,Shelving,Powell Group Shelving,3,255.02,0.05,726.81,404.17,322.64
ORD-14372,2021-11-11,2021-11-14,Second Class,CUST-2638,David Diaz,Consumer,South,Florida,Office Supplies,Storage,Salazar PLC Storage,6,79.84,0.0,479.04,257.81,221.23
ORD-14373,2022-01-24,2022-01-28,Same Day,CUST-1137,Olivia Thompson,Consumer,East,Georgia,Furniture,Chairs,Oconnell and Sons Chairs,6,427.55,0.0,2565.3,1188.94,1376.36
ORD-14374,2023-07-17,2023-07-22,Second Class,CUST-1190,Angela Reid,Consumer,West,South Dakota,Furniture,Bookcases,Friedman-Martin Bookcases,6,272.77,0.0,1636.62,1053.67,582.95
ORD-14375,2023-08-26,2023-09-02,Same Day,CUST-2147,Adam Rodriguez,Corporate,East,Connecticut,Furniture,Chairs,Pratt-Bean Chairs,9,770.95,0.0,6938.55,4315.99,2622.56
ORD-14376,2023-08-14,2023-08-19,Same Day,CUST-1948,Andrea King,Consumer,East,Utah,Furniture,Chairs,Myers-Bauer Chairs,10,374.73,0.15,3185.2,2250.28,934.92
ORD-1050,2022-06-14,2022-06-18,Standard Class,CUST-2169,David Sanders,Corporate,North,Washington,Office Supplies,Paper,Martinez-Morgan Paper,7,23.96,0.5,83.86,110.21,-26.35
ORD-14378,2023-06-29,2023-06-30,Standard Class,CUST-2920,Michelle Smith,Consumer,East,Kentucky,Office Supplies,Envelopes,Stevenson LLC Envelopes,7,11.87,0.05,78.94,41.41,37.53
ORD-14379,2023-11-03,2023-11-05,First Class,CUST-1282,Krista Lucas,Consumer,North,New Mexico,Office Supplies,Binders,"Murray, Thomas and Pittman Binders",1,24.8,0.0,24.8,14.08,10.72
ORD-14380,2021-11-18,2021-11-23,Standard Class,CUST-1332,Mark Raymond,Consumer,West,Michigan,Furniture,Bookcases,Herrera PLC Bookcases,2,267.55,0.3,374.57,358.94,15.63
ORD-14381,2023-06-15,2023-06-17,First Class,CUST-2025,Dana Mitchell,Corporate,South,Nebraska,Technology,Laptops,Smith PLC Laptops,4,1979.56,0.0,7918.24,5184.86,2733.38
ORD-14382,2022-01-28,2022-02-03,First Class,CUST-2379,Dawn Noble,Corporate,South,Alabama,Furniture,Chairs,"Singh, Carter and Rodriguez Chairs",1,146.47,0.0,146.47,87.51,58.96
ORD-14383,2021-09-13,2021-09-18,Second Class,CUST-2482,Angela Miller,Consumer,South,Maryland,Office Supplies,Envelopes,"Bennett, Bowman and Marsh Envelopes",9,10.61,0.2,76.39,59.34,17.05
ORD-14384,2022-01-10,2022-01-16,Second Class,CUST-1627,Benjamin Chavez,Consumer,South,Florida,Furniture,Chairs,Nelson-Smith Chairs,3,726.25,0.0,2178.75,1103.02,1075.73
ORD-14385,2022-12-22,2022-12-24,First Class,CUST-2886,Phillip Wheeler,Consumer,West,South Dakota,Furniture,Tables,Eaton-Cole Tables,6,188.38,0.0,1130.28,646.04,484.24
ORD-14386,2022-07-23,2022-07-29,First Class,CUST-2771,Mark Molina,Consumer,West,Mississippi,Furniture,Chairs,Ford LLC Chairs,1,746.21,0.15,634.28,512.85,121.43
ORD-14387,2021-01-02,2021-01-05,Second Class,CUST-2537,Hayden Wilkerson,Corporate,East,Nebraska,Furniture,Tables,Miller-Massey Tables,7,829.61,0.0,5807.27,3942.0,1865.27
ORD-14388,2023-03-24,2023-03-31,Second Class,CUST-1707,Lauren Brown,Consumer,West,Massachusetts,Office Supplies,Labels,Wong PLC Labels,8,7.08,0.15,48.14,27.84,20.3
ORD-14389,2022-10-07,2022-10-08,Standard Class,CUST-2836,Nathan Porter,Consumer,West,Alabama,Technology,Printers,Weaver Group Printers,10,242.41,0.3,1696.87,1187.21,509.66
ORD-14390,2023-11-13,2023-11-16,Second Class,CUST-2914,Collin Smith,Consumer,South,Washington,Furniture,Desks,Nguyen-Gutierrez Desks,1,1116.98,0.0,1116.98,703.27,413.71
ORD-14391,2022-06-17,2022-06-18,Same Day,CUST-2011,Jennifer Harris,Corporate,West,Indiana,Furniture,Tables,"Wells, Jones and Dillon Tables",9,1377.47,0.2,9917.78,6927.83,2989.95
ORD-14392,2021-05-22,2021-05-23,Same Day,CUST-2290,Raymond Williams,Home Office,South,New Jersey,Office Supplies,Labels,Gray-Ortiz Labels,7,16.59,0.15,98.71,59.89,38.82
ORD-14393,2022-11-03,2022-11-10,First Class,CUST-2239,Anthony Johnson,Consumer,West,Kansas,Technology,Tablets,"Murray, Wagner and Elliott Tablets",5,740.11,0.1,3330.5,1968.32,1362.18
ORD-14394,2021-06-04,2021-06-05,Same Day,CUST-2578,Tony Torres,Home Office,North,Nevada,Technology,Monitors,Smith-Miller Monitors,7,850.69,0.05,5657.09,4006.13,1650.96
ORD-14395,2023-09-17,2023-09-23,Second Class,CUST-2142,Jorge Simpson,Home Office,East,Arkansas,Office Supplies,Paper,"Murphy, Thompson and Aguirre Paper",10,58.53,0.05,556.03,277.44,278.59
ORD-14396,2022-10-23,2022-10-29,Standard Class,CUST-2526,Sarah Robertson,Consumer,South,Tennessee,Office Supplies,Labels,Bell Group Labels,4,9.95,0.0,39.8,26.45,13.35
ORD-14397,2023-05-01,2023-05-06,Same Day,CUST-2407,Ashley Cannon,Home Office,West,Wyoming,Furniture,Shelving,"Young, Warner and Johnson Shelving",8,101.07,0.3,565.99,385.09,180.9
ORD-14398,2022-02-01,2022-02-02,Same Day,CUST-2893,Jeffrey May,Corporate,West,Montana,Furniture,Bookcases,"Small, Mcmahon and Miller Bookcases",2,275.4,0.05,523.26,335.15,188.11
ORD-14399,2021-01-14,2021-01-15,First Class,CUST-2908,Aaron Barnes,Consumer,South,Hawaii,Furniture,Tables,Moore-Valencia Tables,2,1260.73,0.0,2521.46,1638.86,882.6
ORD-14400,2022-05-08,2022-05-12,Same Day,CUST-1625,Dennis Ward,Home Office,North,Colorado,Technology,Phones,Mcdaniel Inc Phones,3,492.3,0.0,1476.9,1023.74,453.16
ORD-14401,2023-11-13,2023-11-19,Second Class,CUST-2551,Cynthia Hobbs,Home Office,South,New Jersey,Furniture,Chairs,Bennett Inc Chairs,-9,228.89,0.1,1854.01,1030.65,823.36
ORD-14402,2023-12-14,2023-12-15,Second Class,CUST-1357,Amanda Hughes,Home Office,South,Alabama,Furniture,Chairs,Bryant Group Chairs,6,269.35,0.0,1616.1,854.68,761.42
ORD-14403,2022-03-27,2022-03-29,Standard Class,CUST-1099,Paul Jones,Consumer,North,New Hampshire,Office Supplies,Storage,Griffin-Goodwin Storage,7,47.19,0.0,330.33,150.08,180.25
ORD-14404,2023-12-12,2023-12-17,Second Class,CUST-2346,Christopher Brown,Consumer,North,Florida,Furniture,Chairs,Williams-Chavez Chairs,2,522.34,0.2,835.74,595.51,240.23
ORD-14405,2021-07-14,2021-07-15,Same Day,CUST-2308,Natasha Cruz,Corporate,East,Vermont,Furniture,Desks,Davis and Sons Desks,3,283.1,0.0,849.3,409.29,440.01
ORD-14406,2023-08-04,2023-08-05,Standard Class,CUST-2645,Darlene Duncan,Corporate,North,Iowa,Technology,Laptops,"Savage, Henry and Taylor Laptops",1,1615.58,0.0,1615.58,980.91,634.67
ORD-14407,2022-12-05,2022-12-06,Standard Class,CUST-1341,Rebecca Mills,Home Office,West,Washington,Technology,Accessories,Fletcher-Jackson Accessories,6,18.85,0.0,113.1,55.46,57.64
ORD-14408,2022-05-20,2022-05-25,Second Class,CUST-1193,Matthew Hoffman,Corporate,South,Oregon,Office Supplies,Paper,Bridges-Newton Paper,-3,59.37,0.0,178.11,106.38,71.73
ORD-14409,2023-10-25,2023-11-01,Standard Class,CUST-1651,Jay Hawkins,Corporate,North,New Jersey,Office Supplies,Paper,"Williams, Frank and Navarro Paper",1,38.02,0.0,38.02,23.8,14.22
ORD-14410,2021-11-23,2021-11-27,Second Class,CUST-1854,Bradley Beck,Home Office,South,Tennessee,Technology,Tablets,Alvarez LLC Tablets,4,377.07,0.15,1282.04,903.52,378.52
ORD-14411,2022-09-23,2022-09-27,Second Class,CUST-2553,Michael Porter,Home Office,North,Colorado,Office Supplies,Storage,"Watson, Ellison and Davis Storage",10,52.99,0.1,476.91,363.15,113.76
ORD-14412,2023-01-26,2023-01-31,First Class,CUST-1149,Christopher Cooper,Consumer,East,Ohio,Office Supplies,Labels,Dixon-Brown Labels,7,5.48,0.0,38.36,26.71,11.65
ORD-14413,2023-06-07,2023-06-09,Same Day,CUST-1119,Amanda Green,Home Office,West,Arizona,Office Supplies,Storage,"Macias, Wood and Thompson Storage",8,43.26,0.5,173.04,192.61,-19.57
ORD-14414,2021-10-22,2021-10-29,First Class,CUST-2698,Michael Hill,Corporate,North,Pennsylvania,Technology,Laptops,Meyers PLC Laptops,1,999.08,0.0,999.08,547.13,451.95
ORD-14415,2023-12-03,2023-12-06,Same Day,CUST-1670,Joseph Ward,Corporate,North,Tennessee,Technology,Accessories,"Hughes, Smith and Stevenson Accessories",9,75.37,0.0,678.33,315.78,362.55
ORD-14416,2022-07-29,2022-08-02,First Class,CUST-1816,Richard Norris,Consumer,West,Texas,Furniture,Tables,Patel-Crosby Tables,9,530.62,0.0,4775.58,2854.28,1921.3
ORD-14417,2022-04-23,2022-04-25,Standard Class,CUST-2260,Catherine Smith,Home Office,East,South Carolina,Technology,Tablets,Peterson PLC Tablets,2,730.99,0.05,1388.88,741.31,647.57
ORD-14418,2023-07-19,2023-07-20,Second Class,CUST-2238,Laura Li,Home Office,West,California,Technology,Printers,Franklin-Williams Printers,3,556.32,0.05,1585.51,947.55,637.96
ORD-14419,2023-08-24,2023-08-30,Same Day,CUST-2450,Christopher Schultz,Home Office,South,Nebraska,Technology,Phones,Hahn-Jones Phones,2,223.33,0.0,446.66,208.53,238.13
ORD-14420,2022-09-04,2022-09-05,Same Day,CUST-2313,Erin Daugherty,Consumer,West,Vermont,Furniture,Desks,Chavez Inc Desks,1,164.28,0.2,131.42,87.05,44.37
ORD-14421,2021-01-04,2021-01-08,Same Day,CUST-2646,Sally Johnson,Consumer,East,Montana,Technology,Accessories,Mccullough-Hopkins Accessories,10,56.36,0.5,281.8,254.15,27.65
ORD-14422,2022-06-24,2022-06-25,Same Day,CUST-2809,Lance Hernandez,Consumer,North,Florida,Furniture,Bookcases,Grant-Walker Bookcases,9,383.02,0.05,3274.82,2101.23,1173.59
ORD-14423,2022-01-26,2022-01-30,Standard Class,CUST-1469,Lisa King,Consumer,North,Wyoming,Technology,Printers,"Reyes, Brown and Boyer Printers",7,507.5,0.3,2486.75,2485.64,1.11
ORD-14424,2023-12-16,2023-12-20,Second Class,CUST-2081,Heather Nichols,Corporate,East,Virginia,Office Supplies,Binders,Rojas-Wyatt Binders,4,32.97,0.1,118.69,87.3,31.39
ORD-14425,2021-09-04,2021-09-11,First Class,CUST-1106,Corey Johnson,Consumer,West,Florida,Technology,Monitors,Lawrence-Lamb Monitors,4,303.12,0.15,1030.61,799.88,230.73
ORD-14426,2021-10-24,2021-10-31,Second Class,CUST-1295,Chad Burnett,Home Office,North,North Dakota,Technology,Printers,Malone-Zuniga Printers,1,582.41,0.0,582.41,283.77,298.64
ORD-14427,2023-10-06,2023-10-09,Same Day,CUST-2549,Mallory Thompson,Home Office,West,Oregon,Office Supplies,Binders,Smith-Porter Binders,3,17.97,0.0,53.91,31.98,21.93
ORD-14428,2023-11-21,2023-11-25,Same Day,CUST-2193,Kristen Wilson,Corporate,South,Ohio,Furniture,Tables,"Gibson, Morris and Simpson Tables",1,314.15,0.15,267.03,168.28,98.75
ORD-14429,2021-06-10,2021-06-17,,CUST-1467,Jennifer Valentine,Corporate,West,Nevada,Furniture,Desks,Mcgee PLC Desks,6,231.39,0.0,1388.34,844.39,543.95
ORD-14430,2023-11-05,2023-11-10,Standard Class,CUST-2815,Richard Mercado,Consumer,West,South Dakota,Technology,Tablets,"Hayden, Anderson and Fischer Tablets",4,188.21,0.1,677.56,415.85,261.71
ORD-14431,2022-12-06,2022-12-11,First Class,CUST-1238,Jennifer Logan,Home Office,West,Maine,Office Supplies,Paper,"Spencer, Taylor and Best Paper",8,28.15,0.0,225.2,151.56,73.64
ORD-14432,2022-09-21,2022-09-23,Second Class,CUST-2059,Casey Holmes,Home Office,East,Georgia,Furniture,Desks,Pearson PLC Desks,7,1019.6,0.0,7137.2,4391.98,2745.22
ORD-14433,2023-02-13,2023-02-19,Standard Class,CUST-2191,Megan Olsen,Consumer,South,Arkansas,Furniture,Bookcases,"Williams, Hawkins and Herrera Bookcases",2,321.18,0.0,642.36,422.24,220.12
ORD-1984,2023-03-16,2023-03-19,Standard Class,CUST-1006,Marcus Mcdonald,Consumer,North,Hawaii,Furniture,Shelving,Mendoza PLC Shelving,7,57.82,0.1,364.27,256.05,108.22
ORD-14435,2023-07-01,2023-07-05,Second Class,CUST-2390,Albert Larsen,Consumer,East,New York,Technology,Phones,Reed-Webster Phones,10,1012.44,0.0,10124.4,6004.01,4120.39
ORD-14436,2023-05-27,2023-05-29,Standard Class,CUST-2880,Allison Cabrera,Consumer,East,Kansas,Furniture,Tables,Alvarado and Sons Tables,7,774.47,0.0,5421.29,3162.29,2259.0
ORD-14437,2021-01-20,2021-01-24,Second Class,CUST-2723,Casey Trujillo,Corporate,East,Vermont,Office Supplies,Paper,Mann LLC Paper,3,34.97,0.15,89.17,50.28,38.89
ORD-14438,2023-06-26,2023-06-29,Standard Class,CUST-1868,Elizabeth Malone,Corporate,East,South Carolina,Office Supplies,Pens & Pencils,Ward PLC Pens & Pencils,1,14.46,0.0,14.46,7.28,7.18
ORD-14439,2023-07-02,2023-07-06,First Class,CUST-1658,Tanya Stone,Corporate,West,Washington,Office Supplies,Storage,Lee-Davenport Storage,3,78.32,0.15,199.72,148.54,51.18
ORD-14440,2023-12-13,2023-12-15,Standard Class,CUST-2815,Susan Lopez,Consumer,South,Colorado,Furniture,Desks,Beltran PLC Desks,4,233.33,0.3,653.32,649.15,4.17
ORD-14441,2021-06-07,2021-06-09,Standard Class,CUST-2314,Ariel Williams,Home Office,South,Hawaii,Furniture,Desks,Fields-Schmidt Desks,7,734.43,0.0,5141.01,3538.6,1602.41
ORD-14442,2023-09-02,2023-09-06,Second Class,CUST-1346,Christina Martinez,Corporate,East,Colorado,Technology,Phones,"Hall, Gray and Barber Phones",10,612.71,0.0,6127.1,3072.09,3055.01
ORD-14443,2023-06-11,2023-06-16,First Class,CUST-1935,Lauren Silva,Home Office,West,Missouri,Office Supplies,Paper,Herman-Melendez Paper,10,57.29,0.2,458.32,366.7,91.62
ORD-14444,2022-08-11,2022-08-14,Same Day,CUST-2148,Tabitha Sanchez,Consumer,West,New York,Technology,Printers,Taylor LLC Printers,3,115.9,0.2,278.16,164.3,113.86
ORD-14445,2022-07-10,2022-07-14,First Class,CUST-1074,Rebecca Figueroa,Corporate,South,Arkansas,Technology,Monitors,Nguyen Group Monitors,1,354.07,0.2,283.26,242.5,40.76
ORD-14446,2023-08-29,2023-09-04,Second Class,CUST-2981,Jamie Graham,Corporate,South,Maine,Technology,Phones,"Ponce, Mcpherson and Peterson Phones",9,755.58,0.0,6800.22,3477.02,3323.2
ORD-14447,2021-04-15,2021-04-18,Same Day,CUST-1239,Michael Ayala,Home Office,East,Tennessee,Technology,Tablets,"Owen, Hill and Bryant Tablets",9,519.12,0.0,4672.08,2500.21,2171.87
ORD-14448,2021-01-09,2021-01-16,Standard Class,CUST-1925,Brenda Kelley,Consumer,North,Oregon,Furniture,Desks,Velez PLC Desks,5,403.23,0.1,1814.54,1173.9,640.64
ORD-14449,2023-03-23,2023-03-25,Same Day,CUST-2402,Sean Martin,Corporate,South,Utah,Office Supplies,Paper,Jensen and Sons Paper,10,46.31,0.0,,216.84,246.26
ORD-14450,2022-08-01,2022-08-05,Same Day,CUST-1669,Austin Tucker,Home Office,North,Missouri,Technology,Tablets,Sullivan Inc Tablets,9,391.87,0.0,3526.83,1627.65,1899.18
ORD-14451,2021-02-20,2021-02-23,Standard Class,CUST-1921,Ashley Dillon,Home Office,North,Connecticut,Technology,Phones,"Martinez, Wilson and Gonzalez Phones",3,547.22,0.15,1395.41,889.0,506.41
ORD-14452,2022-05-06,2022-05-08,,CUST-2223,Michael Lam,Consumer,South,Montana,Office Supplies,Paper,Lee-Leach Paper,8,13.32,0.3,74.59,67.46,7.13
ORD-14453,2023-10-02,2023-10-05,Standard Class,CUST-1113,Lori Jenkins,Corporate,East,Montana,Furniture,Desks,Miller-Gamble Desks,3,753.62,0.15,1921.73,1062.79,858.94
ORD-14454,2023-09-24,2023-09-28,Second Class,CUST-2741,Brittany Soto,Consumer,East,Oregon,Technology,Monitors,"Perez, Young and Rogers Monitors",9,440.0,0.2,3168.0,2003.45,1164.55
ORD-14455,2021-10-11,2021-10-13,First Class,CUST-1980,Zachary Jones,Consumer,South,Illinois,Office Supplies,Storage,Roberts-Nelson Storage,10,77.63,0.0,776.3,382.76,393.54
ORD-14456,2023-07-02,2023-07-05,Second Class,CUST-2821,Sean Blake,Corporate,South,Kentucky,Furniture,Desks,Ramsey-Larson Desks,4,341.22,0.0,1364.88,665.36,699.52
ORD-14457,2021-06-20,2021-06-26,Standard Class,CUST-2919,Melanie Knight,Consumer,East,New Hampshire,Office Supplies,Envelopes,Martin-Murillo Envelopes,2,10.35,0.15,17.59,11.98,5.61
ORD-14458,2021-11-26,2021-11-28,First Class,CUST-1305,Eric Patton,Consumer,South,Texas,Furniture,Desks,Clark LLC Desks,3,407.97,0.05,1162.71,701.39,461.32
ORD-14459,2023-06-18,2023-06-23,Second Class,CUST-2923,Russell Buchanan,Corporate,East,New Jersey,Furniture,Tables,Flores-Mckinney Tables,10,1180.3,0.05,11212.85,6513.8,4699.05
ORD-14460,2023-05-28,2023-06-02,Same Day,CUST-1418,Amber Garrett,Corporate,South,Idaho,Office Supplies,Envelopes,"Wright, Johnson and Dawson Envelopes",5,19.04,0.0,95.2,54.48,40.72
ORD-14461,2022-04-20,2022-04-25,Second Class,CUST-1219,Richard Davis,Corporate,East,Washington,Technology,Phones,Hunt Group Phones,6,873.42,0.5,2620.26,2804.04,-183.78
ORD-14462,2023-06-27,2023-06-28,Same Day,CUST-2776,David Deleon,Corporate,North,Tennessee,Technology,Laptops,"Moore, Cooper and Cowan Laptops",7,803.12,0.0,5621.84,3024.54,2597.3
ORD-14463,2023-02-01,2023-02-04,Second Class,CUST-2561,Robert Yoder,Home Office,East,Utah,Office Supplies,Labels,White-White Labels,9,13.62,0.0,122.58,67.28,55.3
ORD-14464,2021-10-12,2021-10-13,Second Class,CUST-1262,Morgan Brown,Consumer,North,Nevada,Technology,Laptops,Smith-Alvarez Laptops,4,1589.8,0.1,5723.28,4168.11,1555.17
ORD-14465,2023-03-24,2023-03-29,Same Day,CUST-2139,Tyler Buck,Home Office,West,Minnesota,Technology,Phones,Patterson-Barton Phones,9,428.51,0.5,1928.3,1773.37,154.93
ORD-14466,2023-04-15,2023-04-22,Same Day,CUST-2250,Derrick Calderon,Home Office,West,Alaska,Office Supplies,Binders,Smith-Thornton Binders,8,3.03,0.0,24.24,14.2,10.04
ORD-14467,2021-06-26,2021-06-27,First Class,CUST-1625,Jennifer Montes,Home Office,South,Missouri,Office Supplies,Storage,"Foley, Zavala and Thompson Storage",2,49.25,0.05,93.57,68.0,25.57
ORD-14468,2023-03-07,2023-03-12,First Class,CUST-1811,John Robertson,Consumer,South,Texas,Furniture,Desks,Morton LLC Desks,10,451.81,0.0,4518.1,2730.84,1787.26
ORD-14469,2022-02-17,2022-02-19,Same Day,CUST-1802,Justin Pena,Home Office,North,West Virginia,Technology,Accessories,"Garner, Wells and Davis Accessories",4,139.63,0.1,502.67,360.3,142.37
ORD-14470,2023-03-01,2023-03-04,Standard Class,CUST-2683,Steven Monroe,Corporate,West,Missouri,Technology,Accessories,"Casey, Perez and Grimes Accessories",7,88.13,0.0,616.91,329.89,287.02
ORD-14471,2021-02-08,2021-02-09,Same Day,CUST-1932,Christopher May,Consumer,South,Oregon,Office Supplies,Labels,Bentley and Sons Labels,4,17.75,0.05,,39.63,27.82
ORD-14472,2021-06-15,2021-06-17,First Class,CUST-1941,Justin Martinez,Consumer,North,Vermont,Technology,Monitors,"Phillips, Mills and Fitzgerald Monitors",1,462.15,0.15,392.83,284.23,108.6
ORD-14473,2021-01-17,2021-01-20,Second Class,CUST-1330,Ashley Greene,Home Office,South,Alabama,Technology,Printers,"Rubio, Mcpherson and Young Printers",9,190.59,0.05,1629.54,840.92,788.62
ORD-14474,2022-02-28,2022-03-06,Same Day,CUST-2733,Michael Romero,Home Office,North,Iowa,Technology,Accessories,Booker-Smith Accessories,7,68.93,0.0,482.51,336.33,146.18
ORD-14475,2023-11-21,2023-11-24,Standard Class,CUST-1576,Jeffery Martin,Home Office,South,Mississippi,Technology,Laptops,"Horton, Hale and Luna Laptops",2,1953.6,0.0,3907.2,2343.84,1563.36
ORD-14476,2021-03-09,2021-03-10,Same Day,CUST-1411,Robert Pena,Consumer,East,Indiana,Furniture,Chairs,"Morales, Salas and Bennett Chairs",8,556.93,0.15,3787.12,2273.47,1513.65
ORD-14477,2023-09-14,2023-09-21,Second Class,CUST-1708,Lauren Jordan,Consumer,West,Florida,Technology,Monitors,Howard Ltd Monitors,7,836.1,0.0,5852.7,3012.01,2840.69
ORD-14478,2022-09-25,2022-10-02,First Class,CUST-1454,Ryan Mendoza,Consumer,West,New Mexico,Office Supplies,Binders,"Williams, Rogers and Gaines Binders",3,10.25,0.3,21.52,18.93,2.59
ORD-14479,2023-06-13,2023-06-19,,CUST-2604,Mrs. Jacqueline Reynolds,Home Office,West,Maine,Furniture,Bookcases,Russo-Hood Bookcases,4,388.69,0.5,777.38,854.43,-77.05
ORD-14480,2023-12-23,2023-12-25,First Class,CUST-1909,Paul Gilbert,Consumer,North,Alabama,Technology,Accessories,"Jackson, Moody and Sloan Accessories",8,14.33,0.0,114.64,67.21,47.43
ORD-14481,2021-09-17,2021-09-19,First Class,CUST-1475,Colin Harris,Home Office,East,Michigan,Technology,Tablets,White PLC Tablets,9,549.5,0.0,4945.5,2911.89,2033.61
ORD-14482,2021-09-26,2021-09-28,Second Class,CUST-1249,Richard Swanson,Corporate,East,Florida,Furniture,Tables,Phillips-Jones Tables,5,308.07,0.5,770.17,805.49,-35.32
ORD-14483,2021-01-26,2021-02-01,First Class,CUST-2306,James Arnold,Consumer,East,Georgia,Technology,Monitors,Parker-Johnson Monitors,6,820.55,0.0,4923.3,2771.81,2151.49
ORD-14484,2023-11-15,2023-11-20,,CUST-2161,Rachel Anderson,Consumer,South,Oklahoma,Technology,Phones,Brown-Ruiz Phones,5,458.08,0.0,2290.4,1600.36,690.04
ORD-14485,2023-03-15,2023-03-21,Standard Class,CUST-1597,Christopher Bowers,Home Office,East,Alabama,Furniture,Chairs,Stein and Sons Chairs,7,436.92,0.0,3058.44,1491.0,1567.44
ORD-14486,2023-02-09,2023-02-15,Same Day,CUST-2414,Robert Mcclure,Home Office,West,Florida,Technology,Accessories,"Mccormick, Freeman and Ford Accessories",8,97.72,0.15,664.5,406.58,257.92
ORD-14487,2021-03-24,2021-03-26,First Class,CUST-2723,Kevin Foley,Corporate,East,West Virginia,Office Supplies,Storage,Bradley and Sons Storage,7,31.15,0.05,207.15,146.72,60.43
ORD-14488,2023-08-17,2023-08-21,First Class,CUST-1926,Eugene Howard,Home Office,South,Florida,Office Supplies,Labels,Sanders-Ferguson Labels,5,19.55,0.5,48.88,63.62,-14.74
ORD-14489,2023-12-06,2023-12-07,First Class,CUST-1540,Kyle Castillo,Consumer,North,Nevada,Technology,Laptops,Morgan-Hess Laptops,8,752.72,0.1,5419.58,4009.61,1409.97
ORD-14490,2022-11-23,2022-11-30,Standard Class,CUST-1774,Eric Henry,Corporate,West,Mississippi,Office Supplies,Storage,"Clark, Lee and Torres Storage",4,62.34,0.3,174.55,151.87,22.68
ORD-14491,2022-02-16,2022-02-17,Standard Class,CUST-2156,Jimmy Aguilar,Consumer,North,Virginia,Furniture,Shelving,"Bell, Butler and Reid Shelving",1,90.15,0.15,76.63,46.62,30.01
ORD-14492,2021-05-08,2021-05-15,Second Class,CUST-1693,Michael Brown,Consumer,West,Texas,Furniture,Chairs,Phillips PLC Chairs,2,186.74,0.15,317.46,218.79,98.67
ORD-14493,2021-04-21,2021-04-25,First Class,CUST-1781,Hayley Lucero,Corporate,West,Alabama,Technology,Phones,Williams-Bauer Phones,2,322.74,0.0,645.48,410.82,234.66
ORD-14494,2021-06-24,2021-06-26,Same Day,CUST-2778,Gregory Pope,Corporate,West,Oklahoma,Technology,Accessories,"Walker, Kelly and Simpson Accessories",1,95.69,0.1,86.12,52.61,33.51
ORD-14495,2023-07-11,2023-07-15,First Class,CUST-2009,Darlene Vazquez,Consumer,North,Delaware,Technology,Phones,Mccarthy Inc Phones,3,237.22,0.15,604.91,345.95,258.96
ORD-14496,2023-03-28,2023-03-30,Second Class,CUST-2341,Joshua Howard,Consumer,South,Delaware,Technology,Tablets,Briggs Group Tablets,5,494.32,0.2,1977.28,1498.71,478.57
ORD-14497,2021-01-12,2021-01-14,Same Day,CUST-1265,Gregory Burke,Home Office,North,Maryland,Technology,Printers,"Hansen, Roberts and Snow Printers",4,512.3,0.3,1434.44,1123.38,311.06
ORD-14498,2021-07-05,2021-07-09,Same Day,CUST-1891,Gilbert Grant,Consumer,West,Idaho,Furniture,Tables,Wood LLC Tables,4,164.24,0.0,656.96,302.75,354.21
ORD-14499,2022-04-30,2022-05-06,,CUST-2174,Diana Holland,Consumer,East,Massachusetts,Furniture,Shelving,Long-Robinson Shelving,7,43.67,0.05,290.41,182.78,107.63
ORD-14500,2023-06-18,2023-06-23,First Class,CUST-1853,Benjamin Rodriguez DVM,Home Office,South,Arkansas,Office Supplies,Labels,"Nichols, Ferguson and Flores Labels",2,14.77,0.1,26.59,14.67,11.92
ORD-14501,2022-12-08,2022-12-14,Standard Class,CUST-2297,Gail Cunningham,Home Office,North,Wisconsin,Technology,Printers,Davis-Smith Printers,6,254.89,0.0,1529.34,787.95,741.39
ORD-14502,2023-02-19,2023-02-20,,CUST-1252,Jordan Jenkins,Consumer,South,Wisconsin,Office Supplies,Storage,Burgess-White Storage,7,11.75,0.0,82.25,51.6,30.65
ORD-14503,2021-12-31,2022-01-06,Standard Class,CUST-1546,Thomas Collins,Corporate,North,Vermont,Technology,Phones,"Butler, Roach and Baker Phones",6,400.73,0.15,2043.72,1213.95,829.77
ORD-14504,2023-04-20,2023-04-25,First Class,CUST-2253,Katherine Bailey,Consumer,East,West Virginia,Office Supplies,Pens & Pencils,"Fischer, Jarvis and Harvey Pens & Pencils",5,15.46,0.0,77.3,47.07,30.23
ORD-14505,2021-03-01,2021-03-05,First Class,CUST-2111,Anthony Boone,Consumer,South,Tennessee,Office Supplies,Storage,"Jackson, Vazquez and Diaz Storage",1,31.12,0.05,29.56,17.42,12.14
ORD-14506,2023-06-16,2023-06-17,Second Class,CUST-1839,Olivia Webb,Corporate,East,Nevada,Office Supplies,Storage,"Salinas, Gomez and Perez Storage",7,69.9,0.0,489.3,252.67,236.63
ORD-14507,2023-07-13,2023-07-18,Standard Class,CUST-2421,Michael Smith,Corporate,East,Nebraska,Furniture,Tables,Bradshaw-Riddle Tables,1,1245.85,0.3,872.09,595.88,276.21
ORD-14508,2021-05-23,2021-05-25,Standard Class,CUST-1680,Ian Pham,Corporate,East,Louisiana,Furniture,Tables,Jordan-Christian Tables,5,129.66,0.1,583.47,347.05,236.42
ORD-14509,2021-12-25,2021-12-29,Second Class,CUST-2669,Lynn Davis,Corporate,South,Delaware,Technology,Monitors,Mccormick Ltd Monitors,2,784.49,0.0,1568.98,953.02,615.96
ORD-14510,2022-03-08,2022-03-12,Same Day,CUST-1561,Suzanne Larson,Home Office,North,Vermont,Technology,Tablets,Rogers-Johnson Tablets,5,748.79,0.0,3743.95,2514.16,1229.79
ORD-14511,2021-10-02,2021-10-09,Standard Class,CUST-2250,Javier Harrison,Consumer,West,South Carolina,Furniture,Bookcases,Dunn PLC Bookcases,7,177.29,0.0,1241.03,789.65,451.38
ORD-14512,2023-10-26,2023-11-01,Standard Class,CUST-1401,Angel Thompson,Corporate,South,Arkansas,Technology,Printers,Cooper-Cruz Printers,3,144.68,0.0,434.04,232.93,201.11
ORD-14513,2023-08-13,2023-08-18,First Class,CUST-2277,Donna Jones,Corporate,South,Hawaii,Office Supplies,Envelopes,Sullivan LLC Envelopes,4,26.09,0.0,104.36,58.02,46.34
ORD-14514,2021-05-15,2021-05-18,Second Class,CUST-1162,Rebecca Smith,Consumer,East,Arizona,Technology,Tablets,"Flowers, Beasley and Owens Tablets",9,580.42,0.3,3656.65,2635.71,1020.94
ORD-14515,2023-12-29,2024-01-04,Standard Class,CUST-1466,James Flores,Consumer,South,Mississippi,Office Supplies,Storage,"Scott, Vasquez and Gibson Storage",10,67.24,0.1,605.16,407.45,197.71
ORD-14516,2023-11-20,2023-11-23,First Class,CUST-2903,Amber Hoffman,Consumer,South,Wisconsin,Technology,Phones,Martin-Reed Phones,6,861.04,0.15,4391.3,3240.13,1151.17
ORD-14517,2022-06-23,2022-06-28,Same Day,CUST-1365,Mitchell Bird,Corporate,South,Missouri,Furniture,Tables,"Campos, Wilkins and Bean Tables",9,1080.8,0.0,9727.2,6560.94,3166.26
ORD-14518,2022-02-08,2022-02-10,Same Day,CUST-1556,Lauren Wright,Consumer,North,Arizona,Technology,Laptops,Martinez Group Laptops,1,1418.94,0.15,1206.1,914.53,291.57
ORD-14519,2023-08-09,2023-08-11,Same Day,CUST-1214,Angel Lamb,Home Office,West,Massachusetts,Technology,Phones,"Perez, Conner and Chapman Phones",9,372.81,0.2,2684.23,1538.77,1145.46
ORD-14520,2022-12-19,2022-12-25,Standard Class,CUST-1740,David Rojas,Corporate,South,Missouri,Office Supplies,Envelopes,Booker-Barnes Envelopes,1,20.43,0.0,20.43,13.82,6.61
ORD-14521,2023-07-26,2023-07-30,Standard Class,CUST-2751,James Vasquez,Home Office,East,Idaho,Office Supplies,Paper,"Edwards, Leon and Haynes Paper",3,7.76,0.0,23.28,13.12,10.16
ORD-14522,2022-07-26,2022-08-02,Same Day,CUST-2779,Richard George,Consumer,East,West Virginia,Office Supplies,Binders,"Turner, Smith and Miller Binders",7,28.13,0.0,196.91,94.07,102.84
ORD-14523,2021-10-24,2021-10-26,,CUST-2632,Judith Edwards,Home Office,West,Georgia,Furniture,Desks,"Baker, Webb and Hawkins Desks",4,723.24,0.0,2892.96,1985.46,907.5
ORD-14524,2021-07-11,2021-07-18,First Class,CUST-1122,Michael Anderson,Corporate,South,Kansas,Office Supplies,Envelopes,Miller PLC Envelopes,7,5.75,0.15,34.21,25.62,8.59
ORD-14525,2022-11-10,2022-11-14,Same Day,CUST-1543,Michael Wilson,Consumer,South,Minnesota,Office Supplies,Labels,Bell Ltd Labels,7,18.45,0.0,129.15,77.76,51.39
ORD-14526,2023-09-21,2023-09-23,Second Class,CUST-2462,Jennifer Yu,Consumer,West,California,Furniture,Tables,"Decker, Parker and Curtis Tables",2,1240.57,0.0,2481.14,1208.71,1272.43
ORD-14527,2021-03-04,2021-03-09,First Class,CUST-1357,Wayne Wright,Home Office,South,South Dakota,Technology,Printers,Cameron-Hurst Printers,4,398.48,0.0,1593.92,1087.56,506.36
ORD-1903,2023-12-01,2023-12-02,Standard Class,CUST-1175,Kimberly Whitehead,Consumer,North,Washington,Furniture,Bookcases,Woods-Vazquez Bookcases,7,290.02,0.0,2030.14,1079.18,950.96
ORD-14529,2023-02-11,2023-02-13,Second Class,CUST-1511,Larry Lee,Corporate,East,Indiana,Technology,Laptops,Villa-Doyle Laptops,5,1912.18,0.1,8604.81,5755.17,2849.64
ORD-14530,2021-04-07,2021-04-08,Second Class,CUST-1800,Robert Rhodes,Consumer,West,Wyoming,Office Supplies,Labels,Wade Group Labels,10,18.71,0.0,187.1,117.99,69.11
ORD-14531,2023-10-11,2023-10-16,Standard Class,CUST-2078,Matthew Solis,Consumer,West,Maine,Furniture,Bookcases,"Blankenship, Bird and Melendez Bookcases",1,270.5,0.05,256.97,175.07,81.9
ORD-14532,2022-03-31,2022-04-01,First Class,CUST-1278,Nicholas Smith,Corporate,West,Massachusetts,Technology,Printers,Carter-Fisher Printers,5,440.23,0.0,2201.15,1237.17,963.98
ORD-14533,2023-12-08,2023-12-13,First Class,CUST-1763,Brandon Mcmahon,Corporate,South,Oregon,Furniture,Shelving,"Allen, Peck and Perry Shelving",5,223.25,0.15,948.81,522.07,426.74
ORD-14534,2022-05-31,2022-06-01,Same Day,CUST-2806,Leonard Davis,Corporate,West,Iowa,Furniture,Chairs,"Garza, Berger and Coleman Chairs",6,637.02,0.0,3822.12,1983.29,1838.83
ORD-14535,2022-11-09,2022-11-16,Same Day,CUST-1387,Diana Potter,Home Office,South,Utah,Office Supplies,Labels,Collins-Kelly Labels,5,17.51,0.2,70.04,47.29,22.75
ORD-14536,2022-08-01,2022-08-03,Standard Class,CUST-2529,Brendan Stevenson,Corporate,North,Pennsylvania,Office Supplies,Paper,Greer-Garza Paper,3,49.73,0.0,149.19,100.0,49.19
ORD-14537,2021-05-07,2021-05-12,Second Class,CUST-2693,Jackie Sanders,Corporate,East,South Carolina,Technology,Laptops,Estes-Freeman Laptops,4,807.96,0.05,3070.25,1930.51,1139.74
ORD-14538,2023-05-24,2023-05-30,First Class,CUST-2398,Kyle Freeman,Consumer,East,New Hampshire,Furniture,Chairs,Ruiz PLC Chairs,9,545.18,0.0,4906.62,2345.14,2561.48
ORD-14539,2023-07-17,2023-07-21,First Class,CUST-1966,Lauren Aguilar,Corporate,West,Michigan,Furniture,Chairs,Bryant Ltd Chairs,7,140.08,0.05,931.53,599.02,332.51
ORD-14540,2023-09-22,2023-09-29,Standard Class,CUST-2199,Juan Taylor,Home Office,South,Missouri,Office Supplies,Labels,Ware-Davis Labels,1,5.76,0.1,5.18,3.65,1.53
ORD-14541,2021-12-30,2022-01-04,First Class,CUST-1749,Linda Williams,Home Office,West,Georgia,Office Supplies,Labels,Nash-Pratt Labels,1,16.14,0.0,16.14,8.85,7.29
ORD-14542,2022-03-17,2022-03-20,Second Class,CUST-1642,James Miller,Home Office,West,New Mexico,Office Supplies,Binders,Johnson-Flores Binders,6,28.01,0.05,159.66,79.22,80.44
ORD-14543,2023-02-05,2023-02-09,Second Class,CUST-1380,David Williams,Consumer,South,New York,Office Supplies,Pens & Pencils,Griffin-Lopez Pens & Pencils,5,9.35,0.0,46.75,27.31,19.44
ORD-14544,2023-03-02,2023-03-08,Standard Class,CUST-1609,Mr. James Smith,Consumer,West,Arkansas,Furniture,Desks,Banks and Sons Desks,1,784.98,0.1,706.48,543.79,162.69
ORD-14545,2023-09-17,2023-09-18,Standard Class,CUST-2238,Jeffrey Johnston,Consumer,East,Virginia,Technology,Printers,Thornton PLC Printers,9,502.89,0.2,3620.81,2742.82,877.99
ORD-14546,2023-10-08,2023-10-11,Standard Class,CUST-2500,Daniel Moore,Consumer,West,New Jersey,Furniture,Chairs,Mendez Group Chairs,3,341.32,0.0,1023.96,693.19,330.77
ORD-14547,2021-12-16,2021-12-18,Same Day,CUST-1195,Gary Evans,Home Office,West,Virginia,Technology,Monitors,"Becker, Cantu and Hill Monitors",5,290.51,0.0,1452.55,934.98,517.57
ORD-14548,2023-05-12,2023-05-16,Second Class,CUST-2227,Stephen Sanchez,Home Office,West,Hawaii,Furniture,Shelving,"Walker, Stephenson and Miller Shelving",2,283.4,0.15,481.78,287.51,194.27
ORD-14549,2023-04-02,2023-04-06,Same Day,CUST-1131,Timothy James,Corporate,South,Oklahoma,Office Supplies,Paper,Cook Inc Paper,10,36.81,0.3,257.67,200.68,56.99
ORD-14550,2021-08-16,2021-08-23,Second Class,CUST-2487,Patricia Williams,Consumer,North,Indiana,Office Supplies,Envelopes,Ward-Baxter Envelopes,10,21.62,0.0,216.2,150.77,65.43
ORD-14551,2021-08-12,2021-08-19,Same Day,CUST-1517,Mary Daniels,Home Office,South,Connecticut,Office Supplies,Paper,Harrison-Lozano Paper,8,47.51,0.2,304.06,214.62,89.44
ORD-14552,2022-10-26,2022-10-29,Same Day,CUST-2331,Jonathan Peterson,Consumer,South,Texas,Furniture,Bookcases,"Montes, Miller and Davenport Bookcases",8,123.59,0.05,939.28,514.07,425.21
ORD-14553,2022-06-30,2022-07-05,Second Class,CUST-2028,James Ford,Corporate,West,Indiana,Technology,Phones,Graham Inc Phones,7,305.87,0.05,2034.04,1020.44,1013.6
ORD-14554,2023-10-06,2023-10-11,Second Class,CUST-1297,Eric Jordan,Home Office,East,Colorado,Technology,Accessories,"Scott, Johnson and Hill Accessories",9,106.67,0.05,912.03,650.48,261.55
ORD-14555,2022-03-15,2022-03-19,Same Day,CUST-1544,Latoya Moran,Consumer,North,Idaho,Furniture,Shelving,Roberts-Young Shelving,10,100.76,0.1,906.84,621.04,285.8
ORD-14556,2021-10-04,2021-10-09,Standard Class,CUST-1645,Jessica Freeman,Corporate,East,Alabama,Office Supplies,Paper,"Whitaker, Stanley and Richardson Paper",3,9.44,0.1,25.49,13.21,12.28
ORD-14557,2022-04-13,2022-04-20,Same Day,CUST-2668,Dennis Brown,Corporate,South,Massachusetts,Technology,Tablets,"Williams, Galvan and Johnson Tablets",9,518.42,0.1,4199.2,2832.18,1367.02
ORD-14558,2022-02-18,2022-02-21,,CUST-2256,Colleen Mills,Home Office,East,Massachusetts,Office Supplies,Envelopes,Bailey Group Envelopes,8,14.21,0.0,113.68,54.93,58.75
ORD-14559,2023-04-01,2023-04-05,Same Day,CUST-2765,Ellen Stein,Home Office,East,Florida,Technology,Printers,"Cline, Rubio and Hansen Printers",8,99.46,0.0,795.68,502.45,293.23
ORD-14560,2023-04-01,2023-04-05,Standard Class,CUST-2483,Benjamin Sanders,Consumer,West,California,Furniture,Tables,"Young, Hoffman and Thompson Tables",6,158.85,0.0,953.1,597.67,355.43
ORD-1606,2022-06-18,2022-06-25,Same Day,CUST-1146,Sherry Davis,Consumer,West,Alabama,Technology,Tablets,"Ritter, Cruz and Harris Tablets",2,347.4,0.0,694.8,321.71,373.09
ORD-14562,2021-10-29,2021-11-02,Same Day,CUST-1660,Derrick Marquez,Consumer,East,Michigan,Furniture,Bookcases,"Giles, Jones and Taylor Bookcases",6,440.81,0.1,2380.37,1641.25,739.12
ORD-14563,2023-03-08,2023-03-14,,CUST-1113,Ricky West,Corporate,South,Montana,Furniture,Bookcases,"Mckenzie, Gomez and Shea Bookcases",3,152.21,0.1,410.97,269.42,141.55
ORD-14564,2021-02-07,2021-02-11,Standard Class,CUST-2535,Daniel Castaneda,Corporate,West,Massachusetts,Office Supplies,Pens & Pencils,Turner LLC Pens & Pencils,5,15.69,0.1,70.61,39.49,31.12
ORD-14565,2022-10-14,2022-10-20,First Class,CUST-2296,Gregory Roberts,Home Office,West,New Mexico,Office Supplies,Paper,Stone-Thomas Paper,7,45.76,0.0,320.32,183.8,136.52
ORD-14566,2022-11-11,2022-11-15,First Class,CUST-2183,Bradley Smith,Corporate,South,California,Furniture,Bookcases,"Russell, Ingram and Moody Bookcases",6,427.99,0.1,2311.15,1166.46,1144.69
ORD-14567,2021-05-07,2021-05-14,First Class,CUST-1749,Brandon Carter,Corporate,East,Kansas,Furniture,Desks,Pierce-Solis Desks,9,205.44,0.15,1571.62,959.37,612.25
ORD-14568,2022-11-09,2022-11-15,Second Class,CUST-2267,Marissa Douglas,Consumer,West,Texas,Technology,Tablets,Mccarthy-Bird Tablets,7,799.42,0.0,5595.94,3471.25,2124.69
ORD-14569,2021-05-14,2021-05-21,Standard Class,CUST-1086,Mr. Nathaniel Merritt,Home Office,West,Hawaii,Office Supplies,Binders,Berry-Williams Binders,5,14.19,0.2,56.76,45.9,10.86
ORD-14570,2021-08-27,2021-09-02,Second Class,CUST-2675,Omar Casey,Home Office,West,Wyoming,Office Supplies,Envelopes,"Bradley, Johnson and Martinez Envelopes",9,20.54,0.0,184.86,127.88,56.98
ORD-14571,2023-09-22,2023-09-23,Second Class,CUST-2898,Shane Brewer,Corporate,North,Arizona,Furniture,Tables,"Lane, Howell and Chase Tables",8,1155.81,0.0,9246.48,5255.28,3991.2
ORD-14572,2023-04-16,2023-04-18,First Class,CUST-2644,Toni Anderson,Home Office,South,California,Furniture,Tables,Ray-Hernandez Tables,2,899.35,0.0,1798.7,832.93,965.77
ORD-14573,2021-06-20,2021-06-26,Standard Class,CUST-1308,Bruce Miller,Corporate,East,Arkansas,Office Supplies,Envelopes,Morris-Jordan Envelopes,8,21.91,0.0,175.28,119.36,55.92
ORD-14574,2021-12-31,2022-01-06,Second Class,CUST-1668,Karen Perez,Corporate,West,Ohio,Technology,Printers,"Lopez, Warren and Jackson Printers",3,191.5,0.1,517.05,318.06,198.99
ORD-14575,2021-09-01,2021-09-07,First Class,CUST-1069,Tanya Dixon,Consumer,West,Kansas,Technology,Tablets,Warren PLC Tablets,3,152.29,0.05,434.03,300.84,133.19
ORD-14576,2022-07-14,2022-07-15,Same Day,CUST-1732,Erica Roman,Consumer,West,Iowa,Technology,Printers,Fisher-Blair Printers,5,272.12,0.1,1224.54,643.27,581.27
ORD-14577,2022-06-01,2022-06-06,,CUST-1056,Andrew Butler,Corporate,North,Georgia,Office Supplies,Pens & Pencils,White LLC Pens & Pencils,9,18.82,0.3,118.57,102.4,16.17
ORD-14578,2021-08-08,2021-08-09,Standard Class,CUST-1620,Tanya Ruiz MD,Corporate,West,Oklahoma,Furniture,Shelving,Williams Ltd Shelving,5,289.24,0.1,1301.58,826.6,474.98
ORD-14579,2023-07-05,2023-07-08,First Class,CUST-2754,Michael Mckee,Corporate,East,Texas,Technology,Phones,"Long, Delgado and Cruz Phones",1,623.25,0.0,623.25,333.97,289.28
ORD-14580,2021-10-27,2021-11-01,First Class,CUST-2841,Joshua Sanchez,Home Office,North,Texas,Office Supplies,Paper,Collins-Sellers Paper,6,50.28,0.0,301.68,208.04,93.64
ORD-14581,2023-06-08,2023-06-09,Second Class,CUST-2623,Tanya Thompson,Consumer,North,Maine,Furniture,Chairs,Chaney-Mcbride Chairs,10,429.4,0.3,3005.8,2282.83,722.97
ORD-14582,2023-11-16,2023-11-23,Second Class,CUST-2467,Hailey James,Corporate,West,New York,Technology,Monitors,Wilson-Lopez Monitors,10,521.76,0.1,4695.84,3156.06,1539.78
ORD-14583,2022-01-21,2022-01-26,First Class,CUST-1632,Jeremy Jones,Corporate,North,Hawaii,Furniture,Bookcases,Walker-Vasquez Bookcases,2,256.79,0.0,513.58,358.82,154.76
ORD-14584,2021-03-01,2021-03-06,Standard Class,CUST-1125,George Roy,Corporate,West,Hawaii,Furniture,Bookcases,"Carter, Martinez and Davis Bookcases",8,427.29,0.05,3247.4,1640.88,1606.52
ORD-14585,2021-07-19,2021-07-20,Second Class,CUST-1508,Keith Gonzales,Consumer,West,Wyoming,Technology,Monitors,Mccoy-Cross Monitors,7,766.07,0.15,4558.12,2869.05,1689.07
ORD-14586,2023-05-11,2023-05-16,Same Day,CUST-1912,Kimberly Shepherd,Home Office,North,Alaska,Technology,Monitors,Ellison-Schneider Monitors,3,320.18,0.0,960.54,582.16,378.38
ORD-1671,2023-06-08,2023-06-12,Standard Class,CUST-2079,Benjamin Lopez,Corporate,East,New York,Office Supplies,Pens & Pencils,Brown-Davidson Pens & Pencils,9,4.06,0.0,36.54,17.87,18.67
ORD-14588,2021-07-09,2021-07-13,Second Class,CUST-1102,Suzanne Perry,Consumer,South,Oklahoma,Technology,Printers,"Cortez, Harding and Hudson Printers",8,518.98,0.0,4151.84,2691.4,1460.44
ORD-14589,2022-09-23,2022-09-30,Second Class,CUST-2281,Emily Crawford,Corporate,East,Oregon,Furniture,Bookcases,Mcdowell Inc Bookcases,1,419.34,0.0,419.34,256.61,162.73
ORD-14590,2022-01-12,2022-01-17,First Class,CUST-2914,Christopher Smith,Home Office,South,Florida,Office Supplies,Pens & Pencils,Perez and Sons Pens & Pencils,4,3.35,0.0,13.4,8.12,5.28
ORD-14591,2023-03-29,2023-04-01,Same Day,CUST-2724,Nicholas Cherry,Corporate,South,Missouri,Office Supplies,Envelopes,Stein-Weeks Envelopes,2,5.16,0.15,8.77,4.91,3.86
ORD-14592,2022-07-20,2022-07-25,Same Day,CUST-2142,Michelle Bennett,Consumer,West,Montana,Furniture,Desks,Dennis-Sullivan Desks,1,1015.18,0.0,1015.18,550.67,464.51
ORD-14593,2021-11-14,2021-11-17,Standard Class,CUST-1971,Sara Watson,Corporate,North,Arkansas,Technology,Printers,Lee LLC Printers,4,291.32,0.2,932.22,709.09,223.13
ORD-14594,2021-05-16,2021-05-17,Same Day,CUST-2422,Kristin Sanders,Home Office,South,Alabama,Office Supplies,Pens & Pencils,Robertson and Sons Pens & Pencils,7,18.18,0.2,101.81,87.36,14.45
ORD-14595,2023-01-30,2023-02-02,Same Day,CUST-2633,Julie Hopkins,Consumer,West,Arizona,Office Supplies,Envelopes,Ortega PLC Envelopes,4,19.24,0.0,76.96,38.29,38.67
ORD-14596,2023-08-26,2023-09-02,Standard Class,CUST-1617,Matthew Duffy,Corporate,South,Montana,Furniture,Shelving,Villa-Martin Shelving,7,283.99,0.0,1987.93,899.32,1088.61
ORD-14597,2023-01-16,2023-01-17,Second Class,CUST-1224,Troy Lewis,Consumer,North,Alaska,Office Supplies,Envelopes,"Murray, Rogers and Willis Envelopes",10,16.22,0.0,162.2,81.44,80.76
ORD-14598,2021-04-27,2021-04-29,Standard Class,CUST-1210,Jenny Rodriguez,Corporate,East,Ohio,Furniture,Chairs,Vaughn PLC Chairs,3,325.92,0.1,879.98,645.56,234.42
ORD-14599,2022-01-11,2022-01-17,Second Class,CUST-1160,Donna Thomas,Home Office,North,California,Office Supplies,Pens & Pencils,Smith-Clay Pens & Pencils,-6,6.21,0.0,37.26,25.16,12.1
ORD-14600,2021-09-26,2021-10-02,Same Day,CUST-1394,Tonya Rivera,Home Office,North,Arizona,Office Supplies,Envelopes,Miller LLC Envelopes,3,16.99,0.05,48.42,25.35,23.07
ORD-14601,2021-02-26,2021-03-04,First Class,CUST-1461,Michael Perez,Home Office,West,Wyoming,Technology,Tablets,Johnson-Terry Tablets,7,630.61,0.0,4414.27,2976.64,1437.63
ORD-14602,2023-08-13,2023-08-20,Standard Class,CUST-1127,Tonya Andrews,Consumer,East,Louisiana,Furniture,Tables,Morton Ltd Tables,8,177.82,0.0,1422.56,734.13,688.43
ORD-14603,2022-09-05,2022-09-10,Second Class,CUST-1905,Rachael Johnson,Consumer,East,South Dakota,Office Supplies,Envelopes,Tucker PLC Envelopes,2,29.46,0.3,41.24,38.68,2.56
ORD-14604,2022-09-16,2022-09-20,Second Class,CUST-2273,Tonya Brown,Home Office,East,Nebraska,Furniture,Bookcases,Bernard and Sons Bookcases,6,402.48,0.2,1931.9,1628.88,303.02
ORD-14605,2022-01-05,2022-01-07,Same Day,CUST-1129,Franklin Ibarra,Corporate,East,Iowa,Technology,Accessories,Jacobson and Sons Accessories,3,135.82,0.15,346.34,213.51,132.83
ORD-14606,2023-03-10,2023-03-11,First Class,CUST-2945,Peter Wright,Corporate,East,Oregon,Furniture,Bookcases,Durham-Mcdonald Bookcases,6,166.17,0.0,997.02,549.5,447.52
ORD-14607,2023-07-30,2023-08-05,Standard Class,CUST-2263,Timothy Moore,Home Office,East,Alabama,Office Supplies,Labels,Brooks LLC Labels,10,11.0,0.05,104.5,56.86,47.64
ORD-14608,2021-05-24,2021-05-26,Standard Class,CUST-2679,Alexander Rios,Consumer,South,South Carolina,Furniture,Bookcases,"Knapp, Rodriguez and Chandler Bookcases",10,153.09,0.1,1377.81,993.88,383.93
ORD-14609,2023-07-16,2023-07-20,Standard Class,CUST-2555,Megan Jackson,Home Office,West,Michigan,Furniture,Chairs,"Bell, Holder and Dunn Chairs",2,817.44,0.15,1389.65,1106.09,283.56
ORD-14610,2023-06-15,2023-06-18,Second Class,CUST-2025,Maria Rodriguez DDS,Consumer,North,Louisiana,Technology,Accessories,"Perez, Schneider and Delgado Accessories",1,23.99,0.0,23.99,11.36,12.63
ORD-14611,2022-06-08,2022-06-13,Same Day,CUST-1503,Sarah Wilson,Home Office,North,Delaware,Technology,Phones,Shaw-Sanchez Phones,10,483.43,0.05,4592.59,2186.99,2405.6
ORD-14612,2022-05-24,2022-05-28,Standard Class,CUST-1494,Oscar Hill,Consumer,South,Hawaii,Technology,Tablets,Barker-Robinson Tablets,7,756.07,0.0,5292.49,2657.95,2634.54
ORD-14613,2021-10-21,2021-10-22,First Class,CUST-2073,Andrew Powell,Corporate,North,Indiana,Office Supplies,Pens & Pencils,Fitzgerald Group Pens & Pencils,10,19.8,0.0,198.0,106.9,91.1
ORD-14614,2021-12-06,2021-12-10,Standard Class,CUST-1430,Keith Delgado,Consumer,North,Iowa,Office Supplies,Binders,Lowery-Morton Binders,8,8.56,0.05,65.06,46.22,18.84
ORD-14615,2021-01-24,2021-01-25,Second Class,CUST-2747,Patricia Keller,Home Office,East,Connecticut,Furniture,Shelving,Davis-Morales Shelving,7,209.23,0.0,1464.61,671.35,793.26
ORD-14616,2022-10-20,2022-10-25,Same Day,CUST-2013,Valerie Hughes,Home Office,East,West Virginia,Technology,Phones,Walton Inc Phones,9,565.34,0.05,4833.66,2686.99,2146.67
ORD-14617,2023-09-09,2023-09-15,First Class,CUST-1024,David Garcia,Home Office,South,Missouri,Furniture,Tables,"Perkins, Harrington and Graves Tables",8,817.06,0.0,6536.48,3588.42,2948.06
ORD-14618,2021-03-22,2021-03-24,Same Day,CUST-2452,Mary Henderson,Home Office,East,New Mexico,Office Supplies,Envelopes,"Ellis, Greene and Spears Envelopes",8,25.08,0.05,190.61,118.15,72.46
ORD-14619,2021-12-24,2021-12-26,First Class,CUST-2835,Greg Santiago,Home Office,West,Louisiana,Furniture,Tables,House-Ingram Tables,1,1143.08,0.0,1143.08,556.01,587.07
ORD-14620,2022-09-25,2022-09-26,First Class,CUST-2627,Tara Jones,Corporate,West,Mississippi,Technology,Tablets,Turner-Romero Tablets,1,293.11,0.0,293.11,160.95,132.16
ORD-14621,2021-01-11,2021-01-16,Second Class,CUST-2073,Paul Frank,Home Office,North,New York,Furniture,Bookcases,"Turner, Gross and Cameron Bookcases",10,209.05,0.0,2090.5,1336.61,753.89
ORD-14622,2022-12-28,2022-12-30,Standard Class,CUST-1471,Kayla Barnes,Home Office,North,South Dakota,Furniture,Desks,King-Lee Desks,8,282.81,0.05,2149.36,1219.11,930.25
ORD-14623,2022-01-30,2022-01-31,Standard Class,CUST-1954,Edward Rodriguez,Consumer,West,Washington,Furniture,Desks,Rogers-Ross Desks,6,940.5,0.0,5643.0,3610.32,2032.68
ORD-14624,2021-08-21,2021-08-28,Second Class,CUST-2025,Natalie Lambert,Consumer,West,Oregon,Office Supplies,Paper,Vasquez-Martinez Paper,8,41.42,0.3,231.95,169.81,62.14
ORD-14625,2023-02-27,2023-02-28,Same Day,CUST-2087,Gabriela Lee,Home Office,South,Wyoming,Technology,Laptops,Mcmillan LLC Laptops,10,875.94,0.0,8759.4,4535.99,4223.41
ORD-14626,2023-06-07,2023-06-14,Same Day,CUST-2462,Laura Callahan,Corporate,North,New York,Technology,Phones,"Weeks, Johnson and Taylor Phones",9,337.44,0.1,2733.26,1607.03,1126.23
ORD-14627,2021-06-22,2021-06-27,First Class,CUST-1334,Robert Rodriguez,Home Office,West,Vermont,Furniture,Shelving,"Jordan, Rocha and Foster Shelving",7,174.44,0.1,1098.97,846.64,252.33
ORD-14628,2023-02-13,2023-02-16,Same Day,CUST-2839,Jamie Smith,Home Office,West,North Carolina,Office Supplies,Binders,Myers-May Binders,8,31.81,0.0,254.48,148.78,105.7
ORD-14629,2022-10-18,2022-10-23,Standard Class,CUST-1267,Brianna Rodriguez,Consumer,North,Delaware,Furniture,Chairs,Sanchez and Sons Chairs,8,220.87,0.15,1501.92,938.88,563.04
ORD-14630,2023-01-14,2023-01-18,Standard Class,CUST-2848,Amy Campbell,Consumer,South,North Carolina,Office Supplies,Envelopes,Le-Patrick Envelopes,1,6.91,0.0,6.91,4.42,2.49
ORD-14631,2023-10-04,2023-10-11,Second Class,CUST-2357,Laura Hopkins,Corporate,North,Maine,Technology,Phones,Franco PLC Phones,10,698.76,0.0,6987.6,4332.24,2655.36
ORD-14632,2021-03-12,2021-03-18,First Class,CUST-2777,Matthew Walker,Consumer,North,North Carolina,Furniture,Shelving,Lee-Lee Shelving,-2,295.55,0.0,591.1,404.63,186.47
ORD-14633,2022-05-11,2022-05-18,Second Class,CUST-1421,Kevin French,Consumer,West,Pennsylvania,Office Supplies,Storage,"Phillips, Williams and Hernandez Storage",1,55.26,0.15,46.97,27.01,19.96
ORD-14634,2023-04-05,2023-04-06,First Class,CUST-2323,Jessica Simpson,Corporate,North,North Dakota,Furniture,Desks,"Brown, Castro and Owens Desks",2,789.21,0.15,1341.66,949.61,392.05
ORD-14635,2022-01-14,2022-01-20,Second Class,CUST-1492,Justin Jones,Home Office,North,Kentucky,Furniture,Desks,Simpson PLC Desks,2,307.7,0.1,553.86,386.62,167.24
ORD-14636,2022-08-03,2022-08-04,Standard Class,CUST-1147,Laura Mitchell,Corporate,West,Oregon,Technology,Printers,"Sandoval, Mullins and Romero Printers",3,550.64,0.1,1486.73,1076.27,410.46
ORD-14637,2021-10-09,2021-10-15,Second Class,CUST-2370,Meredith Giles,Home Office,North,Tennessee,Furniture,Chairs,Hughes LLC Chairs,9,218.35,0.05,1866.89,1067.6,799.29
ORD-14638,2023-09-01,2023-09-05,Standard Class,CUST-1896,Janet Robertson,Consumer,West,North Dakota,Furniture,Tables,"Crane, Clements and Coffey Tables",9,1058.94,0.0,9530.46,6560.11,2970.35
ORD-14639,2022-08-05,2022-08-07,First Class,CUST-2333,Jennifer Wagner,Consumer,North,Michigan,Office Supplies,Binders,Foster-Olson Binders,5,5.5,0.2,22.0,13.33,8.67
ORD-1699,2021-05-12,2021-05-18,Second Class,CUST-1735,Rhonda Allen,Consumer,West,Maine,Office Supplies,Paper,Hart and Sons Paper,7,58.96,0.3,288.9,244.81,44.09
ORD-14641,2023-11-14,2023-11-20,Standard Class,CUST-2683,Susan Casey,Consumer,South,Kentucky,Technology,Tablets,Miles PLC Tablets,7,349.72,0.0,2448.04,1234.91,1213.13
ORD-14642,2023-01-30,2023-02-01,Same Day,CUST-1725,Stephanie Stewart,Home Office,North,Louisiana,Furniture,Desks,Walsh Group Desks,4,286.46,0.1,1031.26,686.8,344.46
ORD-14643,2022-12-19,2022-12-21,Second Class,CUST-1511,Kevin Allen,Consumer,West,Georgia,Office Supplies,Paper,Jackson Group Paper,6,11.7,0.05,66.69,38.16,28.53
ORD-14644,2021-05-21,2021-05-22,Standard Class,CUST-2772,Logan Lane,Consumer,South,Oregon,Technology,Monitors,Payne-Wilson Monitors,2,159.85,0.0,319.7,219.23,100.47
ORD-14645,2023-03-10,2023-03-14,Second Class,CUST-2442,Robert Roman,Home Office,West,Montana,Office Supplies,Paper,"Stevens, Rowe and Burton Paper",1,7.75,0.0,7.75,4.99,2.76
ORD-14646,2022-03-17,2022-03-23,Same Day,CUST-1750,Joseph Williams,Corporate,West,Arkansas,Office Supplies,Labels,Smith Inc Labels,5,2.45,0.05,11.64,7.72,3.92
ORD-14647,2022-10-17,2022-10-20,Same Day,CUST-2414,Sarah Wu,Corporate,East,Alaska,Office Supplies,Labels,Rogers Inc Labels,6,2.53,0.0,15.18,8.51,6.67
ORD-14648,2021-07-26,2021-07-29,Second Class,CUST-1861,Martin Taylor,Consumer,South,Massachusetts,Technology,Monitors,"Welch, Hoffman and Davis Monitors",5,263.3,0.15,1119.02,768.23,350.79
ORD-14649,2023-11-16,2023-11-18,Same Day,CUST-2864,Lindsey Newman,Corporate,South,Ohio,Furniture,Desks,Lee-Dunn Desks,5,526.74,0.0,2633.7,1720.4,913.3
ORD-14650,2022-01-10,2022-01-13,Same Day,CUST-2351,Stephen Lopez,Consumer,East,Alaska,Technology,Phones,Lyons-Mcclain Phones,9,967.14,0.0,8704.26,4364.54,4339.72
ORD-14651,2021-05-04,2021-05-06,Same Day,CUST-1912,Jay Rivera,Consumer,North,Idaho,Furniture,Shelving,Tucker and Sons Shelving,10,200.08,0.1,1800.72,1017.39,783.33
ORD-14652,2022-12-28,2023-01-03,First Class,CUST-1807,Heather Hernandez,Home Office,West,Alaska,Furniture,Shelving,Kelly PLC Shelving,9,136.12,0.0,1225.08,726.37,498.71
ORD-14653,2022-08-11,2022-08-13,Standard Class,CUST-2354,Robert Davenport,Home Office,West,Michigan,Furniture,Tables,Davis-Howard Tables,9,588.8,0.15,4504.32,3332.72,1171.6
ORD-14654,2021-04-07,2021-04-13,Second Class,CUST-2593,Robert Lopez,Home Office,North,Louisiana,Technology,Tablets,Myers-Barton Tablets,6,774.09,0.0,4644.54,3086.16,1558.38
ORD-14655,2021-07-29,2021-08-03,Second Class,CUST-2425,Sarah Sandoval,Consumer,South,Arkansas,Furniture,Shelving,"Hill, Martin and Allen Shelving",4,152.36,0.0,609.44,301.1,308.34
ORD-14656,2021-08-09,2021-08-11,First Class,CUST-2648,Nancy Doyle,Corporate,South,Ohio,Furniture,Bookcases,Castaneda-Sweeney Bookcases,5,466.58,0.1,2099.61,1051.02,1048.59
ORD-14657,2022-07-25,2022-07-29,Second Class,CUST-2190,Amanda Mcclain,Corporate,West,Georgia,Office Supplies,Storage,Stewart and Sons Storage,7,22.5,0.05,149.62,81.05,68.57
ORD-14658,2023-06-10,2023-06-16,Second Class,CUST-1681,James Price,Home Office,West,Florida,Office Supplies,Pens & Pencils,"Smith, Clark and Jefferson Pens & Pencils",2,2.31,0.0,4.62,2.49,2.13
ORD-14659,2022-10-19,2022-10-25,Standard Class,CUST-1099,Martha Franco,Home Office,East,Washington,Office Supplies,Storage,Strong Inc Storage,9,38.54,0.0,346.86,187.11,159.75
ORD-14660,2023-07-10,2023-07-17,Second Class,CUST-1740,Jack Larsen,Home Office,South,New Mexico,Technology,Phones,Orozco-Spears Phones,-5,998.21,0.0,4991.05,2442.95,2548.1
ORD-14661,2021-09-23,2021-09-25,First Class,CUST-1025,Melvin Ramirez,Consumer,West,Vermont,Technology,Printers,"Butler, Ellis and Matthews Printers",3,401.99,0.0,1205.97,814.59,391.38
ORD-14662,2022-05-13,2022-05-18,Standard Class,CUST-2727,Kevin Jackson,Home Office,East,Montana,Technology,Laptops,Haynes-Larsen Laptops,8,1155.14,0.05,8779.06,5364.84,3414.22
ORD-14663,2021-04-24,2021-05-01,Standard Class,CUST-2544,Timothy Blanchard,Consumer,East,Arizona,Office Supplies,Binders,Graham-Rangel Binders,6,13.25,0.3,55.65,46.88,8.77
ORD-14664,2023-08-03,2023-08-05,Standard Class,CUST-1669,John Anderson,Consumer,East,Colorado,Furniture,Shelving,Meyers PLC Shelving,1,160.62,0.0,160.62,104.85,55.77
ORD-14665,2022-05-16,2022-05-23,First Class,CUST-1480,Michael Matthews,Consumer,South,Michigan,Technology,Tablets,"Carter, Brown and Bryant Tablets",3,419.29,0.0,1257.87,680.47,577.4
ORD-14666,2021-11-27,2021-12-02,First Class,CUST-2913,Beverly Reyes,Home Office,East,Virginia,Technology,Phones,Hunt-Brown Phones,8,879.53,0.0,7036.24,3270.09,3766.15
ORD-14667,2023-09-27,2023-09-30,First Class,CUST-2799,Lisa Bell,Consumer,West,Idaho,Furniture,Shelving,Jacobs PLC Shelving,9,57.63,0.05,492.74,277.77,214.97
ORD-14668,2022-08-25,2022-09-01,First Class,CUST-1091,Joseph Dennis,Corporate,North,Alaska,Technology,Laptops,"Flores, Riley and Williams Laptops",4,652.08,0.0,2608.32,1486.0,1122.32
ORD-14669,2022-05-06,2022-05-11,Same Day,CUST-1918,Marcus Gomez,Consumer,North,Massachusetts,Furniture,Desks,"Barker, Garcia and Navarro Desks",5,782.59,0.0,3912.95,2350.14,1562.81
ORD-14670,2021-07-20,2021-07-26,,CUST-1043,Jessica Ford,Corporate,West,Pennsylvania,Technology,Laptops,"Gibson, Wilson and Owen Laptops",8,878.9,0.0,7031.2,3354.7,3676.5
ORD-14671,2023-05-15,2023-05-17,Same Day,CUST-1650,Diana Arnold,Corporate,West,Hawaii,Furniture,Tables,Whitney Inc Tables,1,418.75,0.05,397.81,290.82,106.99
ORD-14672,2023-11-05,2023-11-10,Second Class,CUST-2527,Angela Jones,Consumer,West,Maine,Furniture,Bookcases,"Contreras, Myers and Woods Bookcases",10,91.61,0.0,916.1,462.73,453.37
ORD-14673,2022-06-02,2022-06-03,First Class,CUST-2519,Scott Lloyd,Home Office,East,Florida,Office Supplies,Paper,"Jackson, Mata and Contreras Paper",1,53.44,0.05,50.77,30.67,20.1
ORD-14674,2022-12-17,2022-12-19,Standard Class,CUST-1744,Matthew Williams,Consumer,East,Colorado,Office Supplies,Envelopes,"Bush, Dean and Nolan Envelopes",7,24.47,0.05,162.73,118.69,44.04
ORD-14675,2022-04-21,2022-04-24,Standard Class,CUST-2779,Angela Boyd,Consumer,North,Rhode Island,Office Supplies,Pens & Pencils,Lucas-Collins Pens & Pencils,4,15.11,0.0,60.44,36.6,23.84
ORD-14676,2023-02-08,2023-02-10,First Class,CUST-2157,Tammy Payne,Consumer,West,Utah,Office Supplies,Envelopes,Shelton-Robinson Envelopes,8,7.55,0.15,51.34,38.24,13.1
ORD-14677,2021-11-27,2021-12-03,Second Class,CUST-2846,Travis Mendez,Home Office,West,Georgia,Furniture,Chairs,Ruiz-Long Chairs,3,615.73,0.0,1847.19,1053.71,793.48
ORD-14678,2023-10-06,2023-10-11,Second Class,CUST-1314,Kelly Allen,Corporate,East,Nebraska,Technology,Phones,Maldonado-Lewis Phones,9,310.22,0.0,2791.98,1328.78,1463.2
ORD-14679,2022-02-14,2022-02-20,Standard Class,CUST-2266,Rebecca Juarez,Corporate,North,North Carolina,Technology,Monitors,"Duffy, Camacho and Rodriguez Monitors",9,385.52,0.0,3469.68,2372.38,1097.3
ORD-14680,2021-06-19,2021-06-22,Same Day,CUST-2962,Rachel Davis,Home Office,North,Georgia,Office Supplies,Pens & Pencils,"Young, Fields and Ortiz Pens & Pencils",1,8.83,0.0,8.83,4.64,4.19
ORD-14681,2022-04-30,2022-05-01,Standard Class,CUST-1013,Lance Mason,Consumer,West,Maryland,Technology,Laptops,Carey Group Laptops,5,1550.07,0.0,7750.35,4966.64,2783.71
ORD-14682,2021-11-24,2021-11-26,Second Class,CUST-2689,Lisa Howell,Consumer,East,Florida,Furniture,Tables,"Carroll, Brewer and Chen Tables",3,1211.19,0.0,3633.57,2218.1,1415.47
ORD-14683,2022-08-29,2022-09-01,Standard Class,CUST-1288,Terry Burns,Home Office,North,Arizona,Technology,Tablets,Schmidt-Stark Tablets,5,759.8,0.05,3609.05,2167.87,1441.18
ORD-14684,2022-04-09,2022-04-11,First Class,CUST-2354,Nicole Roth,Corporate,East,North Carolina,Technology,Tablets,Buck-Turner Tablets,9,356.2,0.1,2885.22,2148.32,736.9
ORD-14685,2022-12-01,2022-12-06,Second Class,CUST-1233,Erin Johnson,Home Office,West,Oregon,Technology,Laptops,"Cook, Vasquez and Hess Laptops",10,627.46,0.0,6274.6,3591.23,2683.37
ORD-14686,2022-03-13,2022-03-15,Same Day,CUST-2008,Stephanie Fitzpatrick,Corporate,South,Idaho,Furniture,Tables,"Gardner, Le and Wood Tables",9,307.69,0.1,2492.29,1419.74,1072.55
ORD-14687,2022-12-14,2022-12-15,Same Day,CUST-1856,Tina Parker,Home Office,North,Alabama,Office Supplies,Labels,Sparks-Warner Labels,2,13.24,0.0,26.48,13.75,12.73
ORD-14688,2021-01-14,2021-01-15,,CUST-2159,Laura Soto,Consumer,North,Texas,Office Supplies,Storage,"Martin, Roy and Perry Storage",7,23.39,0.0,163.73,103.88,59.85
ORD-14689,2022-08-15,2022-08-16,First Class,CUST-1686,Adam Bowman,Consumer,South,West Virginia,Furniture,Shelving,Keith-Davis Shelving,1,159.76,0.1,143.78,85.16,58.62
ORD-14690,2022-09-04,2022-09-09,Standard Class,CUST-1035,James Williams,Home Office,East,Georgia,Office Supplies,Binders,Larson LLC Binders,10,5.5,0.0,55.0,24.98,30.02
ORD-14691,2023-01-21,2023-01-28,First Class,CUST-1607,Virginia Li,Consumer,West,Arizona,Office Supplies,Binders,Adams and Sons Binders,9,5.06,0.0,45.54,22.41,23.13
ORD-14692,2022-09-21,2022-09-23,Standard Class,CUST-2242,Christopher Hunter,Home Office,East,Florida,Office Supplies,Labels,Castro-Brewer Labels,6,4.57,0.0,27.42,14.27,13.15
ORD-14693,2022-06-02,2022-06-03,First Class,CUST-1061,Michael Cannon,Corporate,East,Alabama,Office Supplies,Storage,Carter Ltd Storage,4,34.77,0.15,118.22,94.23,23.99
ORD-14694,2021-10-08,2021-10-10,Standard Class,CUST-2389,Michael Houston,Home Office,West,Kentucky,Office Supplies,Binders,Lee-Miller Binders,8,7.72,0.05,58.67,39.43,19.24
ORD-14695,2023-08-29,2023-09-05,Second Class,CUST-2382,Amy Cook,Home Office,West,Oklahoma,Furniture,Chairs,Dennis-Walter Chairs,3,618.99,0.05,1764.12,1287.69,476.43
ORD-14696,2022-08-12,2022-08-13,Standard Class,CUST-1790,Lisa Jackson,Home Office,West,Iowa,Technology,Laptops,Davis PLC Laptops,3,1489.04,0.0,4467.12,2944.59,1522.53
ORD-14697,2023-08-22,2023-08-24,Same Day,CUST-1297,Ashley Smith,Consumer,West,Nebraska,Office Supplies,Envelopes,Lee-Brown Envelopes,6,20.35,0.0,122.1,74.48,47.62
ORD-14698,2022-04-03,2022-04-07,Standard Class,CUST-2518,Kevin Gonzales,Corporate,South,Nevada,Furniture,Bookcases,"Underwood, Preston and West Bookcases",8,373.52,0.0,2988.16,1544.07,1444.09
ORD-14699,2021-06-19,2021-06-24,Same Day,CUST-1212,Kathy Carr,Corporate,East,New Hampshire,Furniture,Desks,"Sanchez, Nunez and Warner Desks",1,709.79,0.1,638.81,335.17,303.64
ORD-14700,2022-05-30,2022-05-31,Same Day,CUST-1410,Jeffrey French,Consumer,West,Wisconsin,Office Supplies,Pens & Pencils,Martinez-Alexander Pens & Pencils,8,18.14,0.15,123.35,97.56,25.79
ORD-14701,2022-05-15,2022-05-20,Second Class,CUST-1145,James Hernandez,Home Office,South,Kentucky,Technology,Tablets,Molina Inc Tablets,2,395.84,0.0,791.68,485.29,306.39
ORD-14702,2023-11-30,2023-12-05,First Class,CUST-1453,Jose Jimenez,Consumer,North,Idaho,Furniture,Tables,"Sanders, Brown and Cox Tables",10,1025.13,0.0,10251.3,5698.28,4553.02
ORD-14703,2022-06-16,2022-06-19,Standard Class,CUST-2803,Dr. Julie Wilson,Consumer,North,Kentucky,Technology,Laptops,Carey and Sons Laptops,9,1879.13,0.0,16912.17,9660.6,7251.57
ORD-14704,2022-01-09,2022-01-11,Standard Class,CUST-1480,Matthew Skinner,Corporate,South,Louisiana,Furniture,Tables,Brooks-Houston Tables,5,254.56,0.0,1272.8,817.86,454.94
ORD-14705,2023-03-02,2023-03-06,Standard Class,CUST-1250,David Green,Home Office,East,Arizona,Office Supplies,Binders,Wang Ltd Binders,6,10.36,0.1,55.94,35.15,20.79
ORD-14706,2023-03-10,2023-03-12,First Class,CUST-2100,Rebekah Howell,Corporate,East,Colorado,Furniture,Bookcases,"Hunt, Hudson and Hess Bookcases",2,136.21,0.3,190.69,146.98,43.71
ORD-14707,2021-11-17,2021-11-21,Second Class,CUST-1521,Elizabeth Oconnell,Corporate,South,South Dakota,Technology,Monitors,Campbell Ltd Monitors,5,340.72,0.05,1618.42,827.33,791.09
ORD-14708,2023-12-22,2023-12-27,First Class,CUST-1461,Daniel Drake,Home Office,West,Idaho,Technology,Printers,Tucker-Price Printers,1,137.98,0.15,117.28,95.04,22.24
ORD-14709,2023-10-04,2023-10-06,Same Day,CUST-2525,William Ellis,Corporate,North,Arizona,Office Supplies,Binders,"Hernandez, Owens and Evans Binders",8,23.4,0.0,187.2,131.03,56.17
ORD-14710,2022-09-14,2022-09-18,First Class,CUST-1535,Christy Johnson,Corporate,East,Vermont,Technology,Phones,Cantrell-Martin Phones,9,304.53,0.0,2740.77,1351.18,1389.59
ORD-14711,2022-12-16,2022-12-21,Same Day,CUST-1467,Tara Thomas,Corporate,East,Kentucky,Technology,Laptops,Peterson Ltd Laptops,8,812.36,0.0,6498.88,4152.64,2346.24
ORD-14712,2023-05-26,2023-05-27,Same Day,CUST-2719,Patrick Gray,Corporate,East,Wisconsin,Office Supplies,Storage,Martinez-Anderson Storage,7,68.43,0.1,431.11,245.23,185.88
ORD-14713,2021-03-04,2021-03-08,First Class,CUST-2225,Victoria Alexander,Consumer,East,Connecticut,Furniture,Tables,"Johnson, Schmitt and Jordan Tables",7,805.94,0.0,5641.58,3412.51,2229.07
ORD-14714,2021-12-30,2022-01-04,Same Day,CUST-2136,Hannah Jennings,Consumer,South,New Jersey,Technology,Accessories,"Garner, Hall and Stewart Accessories",2,141.89,0.0,283.78,184.12,99.66
ORD-14715,2022-03-25,2022-03-27,Same Day,CUST-2613,Garrett Wilson,Home Office,North,Pennsylvania,Office Supplies,Binders,"Moon, Barron and Duran Binders",9,12.56,0.0,113.04,76.85,36.19
ORD-14716,2021-08-10,2021-08-13,Second Class,CUST-2522,Patrick Williams,Consumer,South,Louisiana,Technology,Accessories,Walsh Inc Accessories,9,142.87,0.0,1285.83,702.48,583.35
ORD-1922,2021-02-19,2021-02-23,Second Class,CUST-2791,Amanda Bishop,Corporate,East,Oregon,Furniture,Shelving,Garcia-Hoffman Shelving,6,157.19,0.0,943.14,440.18,502.96
ORD-14718,2022-08-03,2022-08-08,Standard Class,CUST-2573,Luis Mcbride,Consumer,East,Tennessee,Technology,Accessories,Cordova-Cook Accessories,5,42.97,0.2,171.88,115.07,56.81
ORD-14719,2023-09-08,2023-09-12,Second Class,CUST-1774,Kevin Payne,Home Office,North,New Mexico,Technology,Laptops,Harvey-Peters Laptops,2,1327.11,0.15,2256.09,1369.92,886.17
ORD-14720,2021-04-04,2021-04-11,Second Class,CUST-1617,James Johnson,Corporate,West,Florida,Furniture,Shelving,"Contreras, Johnson and White Shelving",7,141.11,0.0,987.77,494.89,492.88
ORD-14721,2022-06-25,2022-06-26,First Class,CUST-1337,Kathy Boone,Corporate,East,Hawaii,Technology,Monitors,"Singleton, Smith and Jones Monitors",8,214.67,0.0,1717.36,1020.93,696.43
ORD-14722,2022-02-08,2022-02-11,Standard Class,CUST-1316,Jason Wilkins,Consumer,West,South Dakota,Office Supplies,Labels,"White, Bell and Mooney Labels",1,11.65,0.0,11.65,7.71,3.94
ORD-14723,2023-07-31,2023-08-01,Standard Class,CUST-1271,Peter Herring,Home Office,North,Arizona,Office Supplies,Pens & Pencils,Romero-Moore Pens & Pencils,7,9.18,0.0,64.26,34.6,29.66
ORD-14724,2021-06-01,2021-06-02,Standard Class,CUST-1109,Erin Carter,Consumer,East,New Hampshire,Furniture,Tables,Smith-Rasmussen Tables,5,164.88,0.0,824.4,482.03,342.37
ORD-14725,2023-04-17,2023-04-18,Standard Class,CUST-2610,Jessica Walsh,Home Office,East,Connecticut,Technology,Printers,Lynch-Jones Printers,3,471.28,0.15,1201.76,893.15,308.61
ORD-14726,2023-06-18,2023-06-21,Standard Class,CUST-1736,Julie Harris,Corporate,South,New Jersey,Technology,Tablets,Banks-Smith Tablets,3,773.34,0.15,1972.02,1195.72,776.3
ORD-14727,2022-12-07,2022-12-09,First Class,CUST-1670,Kevin Hernandez,Corporate,South,Washington,Technology,Monitors,Newman-Melton Monitors,2,646.96,0.15,1099.83,810.09,289.74
ORD-14728,2022-01-03,2022-01-07,Same Day,CUST-2145,Melissa Koch,Home Office,East,Utah,Furniture,Bookcases,Glenn Ltd Bookcases,6,109.52,0.0,657.12,385.06,272.06
ORD-14729,2023-01-13,2023-01-17,Second Class,CUST-2496,Patricia Ponce,Home Office,East,Alaska,Office Supplies,Labels,Charles-Clark Labels,10,10.44,0.0,104.4,62.55,41.85
ORD-14730,2022-09-15,2022-09-20,Same Day,CUST-1775,Anna Stafford,Home Office,East,Missouri,Furniture,Shelving,Hughes-Bell Shelving,7,211.26,0.0,1478.82,746.18,732.64
ORD-14731,2023-02-08,2023-02-11,First Class,CUST-1299,Vanessa Jones,Consumer,East,Arizona,Furniture,Chairs,Harmon Inc Chairs,6,182.48,0.2,,530.67,345.23
ORD-14732,2021-10-02,2021-10-06,Standard Class,CUST-1916,Beth Cherry,Consumer,South,Maryland,Furniture,Desks,Davis-Smith Desks,6,454.29,0.05,2589.45,1378.79,1210.66
ORD-14733,2021-01-10,2021-01-15,Standard Class,CUST-2494,Lisa Nguyen,Home Office,South,New Jersey,Office Supplies,Storage,"Reed, Rivas and Pham Storage",1,77.99,0.0,77.99,42.23,35.76
ORD-14734,2023-02-10,2023-02-16,First Class,CUST-1370,Brian Jacobs,Consumer,South,West Virginia,Office Supplies,Paper,"Cordova, Brady and Wilson Paper",9,10.18,0.1,82.46,57.33,25.13
ORD-14735,2021-06-17,2021-06-24,First Class,CUST-1438,Amy Williams,Consumer,North,Maine,Furniture,Desks,Bryan-Henson Desks,4,574.37,0.0,2297.48,1587.03,710.45
ORD-14736,2023-09-28,2023-10-01,Standard Class,CUST-2266,Ashley Pena,Home Office,South,New Hampshire,Technology,Monitors,"Lewis, Rice and Hernandez Monitors",3,166.94,0.2,400.66,344.88,55.78
ORD-14737,2023-03-21,2023-03-23,Standard Class,CUST-1379,Tonya Perez,Consumer,South,Delaware,Furniture,Shelving,Gardner-Roberts Shelving,8,73.34,0.0,586.72,313.23,273.49
ORD-14738,2022-04-02,2022-04-07,Same Day,CUST-1567,Denise Johnson,Consumer,West,California,Office Supplies,Storage,Chambers and Sons Storage,3,19.74,0.05,56.26,41.03,15.23
ORD-1843,2023-08-26,2023-08-27,Standard Class,CUST-2389,Victoria Stone,Home Office,West,Tennessee,Office Supplies,Binders,Bishop Inc Binders,10,10.8,0.0,108.0,54.61,53.39
ORD-14740,2021-08-19,2021-08-21,Second Class,CUST-2121,Kevin Rowland,Consumer,East,Iowa,Technology,Tablets,Raymond-Haynes Tablets,4,673.42,0.0,2693.68,1379.78,1313.9
ORD-14741,2022-11-21,2022-11-23,Standard Class,CUST-1699,Justin Hill,Home Office,West,Oklahoma,Office Supplies,Envelopes,Petersen and Sons Envelopes,10,10.55,0.2,84.4,65.45,18.95
ORD-14742,2022-03-27,2022-03-31,Second Class,CUST-2968,Gary Jordan,Consumer,North,Louisiana,Technology,Printers,Richmond-Davis Printers,7,90.95,0.0,636.65,395.03,241.62
ORD-14743,2022-04-10,2022-04-12,Standard Class,CUST-1459,Kimberly White,Consumer,South,Kansas,Technology,Laptops,Rogers-Payne Laptops,7,935.75,0.0,6550.25,3486.42,3063.83
ORD-14744,2023-12-29,2024-01-03,Standard Class,CUST-1683,Carlos Li,Home Office,North,South Carolina,Furniture,Tables,Gibson-Scott Tables,10,617.93,0.0,6179.3,3788.11,2391.19
ORD-14745,2022-08-05,2022-08-09,Standard Class,CUST-2285,Robin Bowers,Consumer,West,Oklahoma,Technology,Accessories,"Diaz, Harris and Gibson Accessories",1,17.31,0.0,17.31,11.59,5.72
ORD-14746,2023-09-21,2023-09-23,First Class,CUST-1889,Nathan Mitchell,Home Office,West,Hawaii,Office Supplies,Storage,Davila and Sons Storage,2,14.52,0.1,26.14,20.31,5.83
ORD-14747,2023-09-23,2023-09-29,Same Day,CUST-2689,Marc Gordon,Home Office,East,Alaska,Office Supplies,Binders,Miller-Kelly Binders,6,20.81,0.2,99.89,74.77,25.12
ORD-14748,2023-11-01,2023-11-03,Second Class,CUST-1408,Thomas Johnston,Home Office,West,Oklahoma,Furniture,Desks,Brown and Sons Desks,1,212.43,0.1,191.19,144.52,46.67
ORD-14749,2021-02-17,2021-02-21,Standard Class,CUST-2693,Tyrone Lang,Consumer,West,Wisconsin,Furniture,Shelving,Clayton-Richardson Shelving,4,233.11,0.3,652.71,514.28,138.43
ORD-14750,2021-03-20,2021-03-27,Standard Class,CUST-2665,Brian Smith Jr.,Consumer,East,Wyoming,Office Supplies,Pens & Pencils,Floyd Ltd Pens & Pencils,6,24.11,0.2,115.73,88.61,27.12
ORD-14751,2022-12-01,2022-12-02,Standard Class,CUST-2142,Rhonda Brown,Home Office,West,Delaware,Furniture,Tables,Thomas Group Tables,1,1416.11,0.15,1203.69,671.66,532.03
ORD-14752,2021-01-20,2021-01-23,Same Day,CUST-2496,Ruth Lewis,Corporate,East,Kansas,Technology,Phones,Young-Walters Phones,7,471.46,0.0,3300.22,1592.28,1707.94
ORD-14753,2022-08-03,2022-08-05,Second Class,CUST-1196,Kimberly Reyes,Home Office,East,California,Technology,Printers,Phillips-Hubbard Printers,3,518.15,0.0,1554.45,879.57,674.88
ORD-14754,2023-02-15,2023-02-17,First Class,CUST-1810,Daniel Johnson,Consumer,South,Michigan,Furniture,Tables,Osborne-Lindsey Tables,7,1160.72,0.5,4062.52,5329.62,-1267.1
ORD-14755,2022-09-13,2022-09-14,Same Day,CUST-1258,Amy Johnston,Corporate,South,Michigan,Technology,Accessories,Nash-Mullins Accessories,9,88.48,0.05,756.5,548.92,207.58
ORD-14756,2022-03-16,2022-03-17,Standard Class,CUST-2786,Johnny Palmer,Home Office,North,North Carolina,Furniture,Bookcases,Salazar-Shea Bookcases,9,118.77,0.0,1068.93,622.47,446.46
ORD-14757,2021-04-03,2021-04-08,Standard Class,CUST-1647,Timothy Coleman,Consumer,East,Kansas,Furniture,Desks,French-Sawyer Desks,1,484.3,0.0,484.3,299.08,185.22
ORD-14758,2021-05-25,2021-05-29,First Class,CUST-1309,George Williams,Consumer,West,Nevada,Office Supplies,Storage,"Miller, Rose and Page Storage",10,55.98,0.05,531.81,357.48,174.33
ORD-14759,2023-05-16,2023-05-20,Standard Class,CUST-2548,Sean Johnston,Consumer,South,New Hampshire,Furniture,Shelving,Lewis-Wu Shelving,9,212.2,0.1,1718.82,947.16,771.66
ORD-14760,2021-07-06,2021-07-10,First Class,CUST-1649,Carla Holland,Corporate,East,North Dakota,Technology,Monitors,Palmer-Harrington Monitors,9,839.96,0.2,6047.71,4157.33,1890.38
ORD-14761,2022-09-26,2022-10-02,,CUST-1394,Eric Delgado,Corporate,North,Idaho,Furniture,Tables,"Vaughn, Castillo and Walsh Tables",2,1246.94,0.0,2493.88,1281.89,1211.99
ORD-14762,2023-12-15,2023-12-16,Second Class,CUST-2654,Tyler Martinez,Consumer,East,Wyoming,Office Supplies,Pens & Pencils,Oliver-Trevino Pens & Pencils,9,21.66,0.2,155.95,128.56,27.39
ORD-14763,2023-06-04,2023-06-05,,CUST-2397,Jack Cooper,Corporate,North,Delaware,Furniture,Chairs,"Moore, Baker and Jordan Chairs",7,829.96,0.15,4938.26,3321.1,1617.16
ORD-14764,2022-08-13,2022-08-16,Standard Class,CUST-1275,Charles Smith,Home Office,South,Wyoming,Office Supplies,Pens & Pencils,Smith-Baker Pens & Pencils,1,24.9,0.05,23.65,11.53,12.12
ORD-14765,2023-06-05,2023-06-12,Standard Class,CUST-2223,Nicole Lara,Corporate,South,South Carolina,Office Supplies,Binders,Martin Ltd Binders,3,26.02,0.2,62.45,43.38,19.07
ORD-14766,2023-01-20,2023-01-25,First Class,CUST-1448,Aaron Grant PhD,Consumer,West,Utah,Furniture,Bookcases,"Fox, Owens and Davis Bookcases",4,290.91,0.15,989.09,727.04,262.05
ORD-14767,2023-12-28,2023-12-29,Second Class,CUST-2210,Jackie Leon,Corporate,West,Arizona,Office Supplies,Labels,Harris Group Labels,4,12.41,0.0,49.64,24.91,24.73
ORD-14768,2022-01-08,2022-01-11,Second Class,CUST-2063,James Harrison,Consumer,West,Mississippi,Furniture,Tables,"Anderson, Levine and Sandoval Tables",7,1177.15,0.05,7828.05,5002.29,2825.76
ORD-14769,2022-07-25,2022-07-29,Standard Class,CUST-1864,Kimberly Holder,Consumer,North,Delaware,Technology,Printers,"Kim, Parks and Maddox Printers",10,323.79,0.0,3237.9,1719.12,1518.78
ORD-14770,2022-01-11,2022-01-18,First Class,CUST-1660,Jay Santana,Home Office,West,Texas,Technology,Accessories,"Taylor, Hoffman and Browning Accessories",1,70.74,0.0,70.74,40.06,30.68
ORD-14771,2022-05-27,2022-06-02,Standard Class,CUST-2540,Stephanie Gonzalez,Consumer,West,Mississippi,Office Supplies,Labels,"Rice, Garcia and Strickland Labels",9,12.57,0.15,96.16,58.97,37.19
ORD-14772,2022-06-14,2022-06-20,Same Day,CUST-2426,Nicholas Hall,Home Office,West,Montana,Technology,Laptops,Bennett-Taylor Laptops,5,1036.66,0.0,5183.3,3404.11,1779.19
ORD-14773,2021-07-31,2021-08-07,First Class,CUST-1516,Scott Khan,Consumer,East,Maryland,Technology,Printers,"Garcia, Dunn and Williams Printers",10,100.1,0.2,800.8,577.64,223.16
ORD-14774,2022-01-26,2022-02-01,Same Day,CUST-1931,Deanna Williams,Consumer,North,Oregon,Technology,Printers,Wallace-Torres Printers,10,150.31,0.0,1503.1,939.46,563.64
ORD-14775,2022-06-12,2022-06-17,Same Day,CUST-2249,Jacob Hall DDS,Corporate,East,New Mexico,Furniture,Tables,"Hooper, James and Martinez Tables",4,505.05,0.0,2020.2,1145.8,874.4
ORD-14776,2023-10-04,2023-10-05,Standard Class,CUST-2897,Tracy Moore,Home Office,West,Connecticut,Furniture,Desks,Wright Group Desks,10,282.72,0.15,2403.12,1827.81,575.31
ORD-14777,2023-04-17,2023-04-23,Second Class,CUST-2755,Dawn Miller,Corporate,North,Arkansas,Technology,Accessories,"Smith, Johnson and Graham Accessories",3,10.63,0.15,27.11,17.1,10.01
ORD-14778,2021-12-27,2022-01-03,Second Class,CUST-1251,Kim Burton,Consumer,West,New York,Furniture,Tables,Stewart PLC Tables,9,683.24,0.2,4919.33,3624.57,1294.76
ORD-14779,2023-12-22,2023-12-28,Same Day,CUST-2801,Dennis Greene,Corporate,South,Arkansas,Furniture,Tables,Wright Inc Tables,6,1372.77,0.3,5765.63,5219.02,546.61
ORD-14780,2023-08-08,2023-08-11,Same Day,CUST-2777,Daniel Howell,Consumer,West,Utah,Technology,Printers,Burns-Garza Printers,9,192.28,0.0,1730.52,1105.92,624.6
ORD-14781,2022-12-17,2022-12-22,Same Day,CUST-2420,Laura Walker,Corporate,East,Iowa,Furniture,Shelving,Wright and Sons Shelving,5,293.9,0.0,1469.5,712.18,757.32
ORD-14782,2022-09-02,2022-09-06,First Class,CUST-2296,Jon French,Corporate,West,Oregon,Technology,Accessories,Nunez PLC Accessories,1,56.41,0.15,47.95,31.42,16.53
ORD-14783,2022-12-08,2022-12-12,Second Class,CUST-2175,Matthew West,Consumer,South,Wyoming,Office Supplies,Binders,Woodard-Cline Binders,1,28.97,0.0,28.97,17.64,11.33
ORD-14784,2021-09-03,2021-09-08,Standard Class,CUST-1526,Alexis Carroll,Home Office,West,West Virginia,Technology,Tablets,Foster PLC Tablets,8,192.4,0.0,1539.2,747.68,791.52
ORD-14785,2023-01-02,2023-01-07,Same Day,CUST-1560,Jamie Williams,Home Office,North,Arkansas,Office Supplies,Pens & Pencils,"Sims, Wheeler and Martinez Pens & Pencils",10,24.69,0.15,209.87,144.6,65.27
ORD-14786,2021-08-03,2021-08-10,Second Class,CUST-1834,Lauren Collins,Home Office,West,Connecticut,Furniture,Shelving,"Cruz, Hughes and Baker Shelving",9,146.64,0.0,1319.76,821.65,498.11
ORD-14787,2023-02-16,2023-02-18,Second Class,CUST-2799,Eric Barnett,Consumer,South,Tennessee,Furniture,Tables,"Roberts, Johnson and Friedman Tables",8,1046.69,0.0,8373.52,4513.55,3859.97
ORD-14788,2021-03-09,2021-03-14,Same Day,CUST-2185,Craig Jones,Home Office,East,California,Technology,Phones,"Reynolds, Palmer and Miller Phones",7,208.81,0.2,1169.34,835.24,334.1
ORD-14789,2022-06-15,2022-06-22,Standard Class,CUST-2367,Elizabeth Massey,Consumer,South,Alaska,Technology,Phones,Harrington PLC Phones,1,1030.78,0.05,979.24,649.42,329.82
ORD-14790,2021-07-06,2021-07-12,Second Class,CUST-2337,Kimberly Kelley,Home Office,West,Hawaii,Furniture,Chairs,"Walters, Jacobson and Phillips Chairs",6,151.99,0.15,775.15,577.1,198.05
ORD-14791,2023-05-01,2023-05-07,First Class,CUST-1241,Ronald Terry,Home Office,East,Kansas,Furniture,Tables,"Wolf, Banks and Wilson Tables",10,381.21,0.0,3812.1,2628.55,1183.55
ORD-14792,2021-12-07,2021-12-08,Standard Class,CUST-2118,Anthony Roberts,Consumer,West,Pennsylvania,Furniture,Shelving,Bolton Group Shelving,3,54.44,0.0,163.32,105.35,57.97
ORD-14793,2023-08-30,2023-09-06,First Class,CUST-2066,Michael Valencia,Consumer,West,Wisconsin,Technology,Monitors,"Wilson, Chase and Reed Monitors",10,382.86,0.0,3828.6,2033.51,1795.09
ORD-14794,2023-05-08,2023-05-10,First Class,CUST-1708,Brian Ramirez,Corporate,North,Arizona,Office Supplies,Storage,"Benson, Schaefer and Page Storage",4,20.21,0.05,76.8,53.58,23.22
ORD-14795,2021-01-18,2021-01-25,Standard Class,CUST-1746,Sarah Collier,Home Office,South,Iowa,Furniture,Bookcases,Brady-Vaughan Bookcases,1,159.55,0.0,159.55,82.2,77.35
ORD-14796,2022-04-10,2022-04-16,Second Class,CUST-1844,Marcus Ortiz,Corporate,North,Vermont,Technology,Phones,"King, Flores and Henderson Phones",3,903.27,0.05,2574.32,1611.2,963.12
ORD-14797,2023-06-29,2023-07-03,Same Day,CUST-2443,Misty Smith,Corporate,West,North Carolina,Furniture,Bookcases,Mayer-Wolfe Bookcases,2,179.75,0.1,323.55,164.05,159.5
ORD-14798,2023-05-24,2023-05-28,First Class,CUST-1748,Sarah Martin,Consumer,East,Ohio,Furniture,Bookcases,White-Roberts Bookcases,1,337.43,0.0,337.43,208.25,129.18
ORD-14799,2023-08-31,2023-09-04,Standard Class,CUST-1059,Susan Munoz,Home Office,East,Arkansas,Furniture,Tables,Fields-Gonzales Tables,2,152.41,0.0,304.82,156.32,148.5
ORD-14800,2023-11-23,2023-11-28,Standard Class,CUST-2720,Ariana Krueger,Corporate,South,Kansas,Office Supplies,Binders,Alvarez-Sherman Binders,5,9.82,0.1,44.19,29.92,14.27
ORD-14801,2021-03-15,2021-03-16,Second Class,CUST-1941,April Schneider,Home Office,West,Kentucky,Office Supplies,Paper,Bates Inc Paper,5,8.31,0.1,37.4,24.84,12.56
ORD-14802,2022-09-16,2022-09-23,,CUST-1409,Albert Mercado,Consumer,North,Missouri,Office Supplies,Binders,Nelson Group Binders,2,8.95,0.0,17.9,10.04,7.86
ORD-14803,2022-05-10,2022-05-12,Second Class,CUST-2200,Susan Allen,Consumer,South,Alaska,Office Supplies,Binders,"Reed, Vargas and Davis Binders",7,28.52,0.05,189.66,135.66,54.0
ORD-14804,2021-08-19,2021-08-25,Second Class,CUST-1523,Ronnie Davis,Home Office,North,Minnesota,Office Supplies,Pens & Pencils,Graham-Abbott Pens & Pencils,7,22.62,0.0,158.34,104.04,54.3
ORD-14805,2023-09-28,2023-09-29,Second Class,CUST-1833,Brandy Byrd,Consumer,West,Louisiana,Furniture,Bookcases,"Sullivan, Porter and Ramsey Bookcases",7,436.36,0.0,3054.52,1495.04,1559.48
ORD-14806,2022-06-08,2022-06-14,Standard Class,CUST-1309,Darin Stein,Home Office,South,Maine,Office Supplies,Envelopes,"Mathews, Duran and Perkins Envelopes",7,16.06,0.2,89.94,62.39,27.55
ORD-14807,2023-11-12,2023-11-13,Second Class,CUST-1435,Anita Jones,Corporate,West,Arkansas,Office Supplies,Binders,Crawford PLC Binders,3,31.48,0.05,89.72,56.69,33.03
ORD-14808,2023-06-02,2023-06-05,Same Day,CUST-1936,Jesse King,Consumer,South,Kansas,Technology,Accessories,"Daniels, Cooper and Boyd Accessories",10,125.75,0.0,1257.5,674.29,583.21
ORD-14809,2023-06-26,2023-07-02,Second Class,CUST-2822,Marcus Hernandez,Consumer,North,Arkansas,Furniture,Desks,Huynh and Sons Desks,10,629.07,0.3,,3203.29,1200.2
ORD-14810,2023-10-01,2023-10-02,Standard Class,CUST-2302,Anthony Perez,Home Office,South,Arizona,Furniture,Desks,Mendez LLC Desks,7,333.91,0.1,2103.63,1223.04,880.59
ORD-14811,2022-02-04,2022-02-08,Standard Class,CUST-2320,Mary Lopez,Corporate,West,Iowa,Office Supplies,Paper,Martinez-Walter Paper,3,18.25,0.0,54.75,25.17,29.58
ORD-14812,2022-07-16,2022-07-22,Second Class,CUST-1902,Courtney Parker,Corporate,East,Connecticut,Furniture,Desks,Meadows PLC Desks,5,726.67,0.0,3633.35,2531.96,1101.39
ORD-14813,2022-06-07,2022-06-13,Standard Class,CUST-1644,Chelsey Simpson,Corporate,West,Oklahoma,Office Supplies,Labels,"Martin, Neal and Hill Labels",3,5.35,0.0,16.05,9.59,6.46
ORD-14814,2021-08-15,2021-08-19,Same Day,CUST-2988,Margaret Gill,Consumer,West,New Mexico,Technology,Monitors,Houston-Osborne Monitors,2,505.9,0.05,961.21,595.01,366.2
ORD-14815,2021-07-30,2021-08-03,Second Class,CUST-1492,John Blair,Home Office,East,New York,Technology,Monitors,"Gonzalez, Garza and Phillips Monitors",8,751.69,0.0,6013.52,3534.54,2478.98
ORD-14816,2023-07-06,2023-07-12,Same Day,CUST-1272,Michael Jones,Home Office,North,Wisconsin,Office Supplies,Pens & Pencils,Pearson-Wyatt Pens & Pencils,8,8.84,0.0,70.72,35.41,35.31
ORD-14817,2022-01-04,2022-01-07,Second Class,CUST-2381,Shirley Johnson,Home Office,West,Kentucky,Technology,Printers,Simmons-Ho Printers,9,542.1,0.0,4878.9,2784.89,2094.01
ORD-14818,2022-12-09,2022-12-12,Standard Class,CUST-1724,Monica Rivera,Consumer,North,Kentucky,Furniture,Tables,Mendoza Ltd Tables,6,1460.43,0.0,8762.58,4130.79,4631.79
ORD-14819,2021-04-15,2021-04-19,Standard Class,CUST-1867,Anna Nash,Home Office,West,Idaho,Office Supplies,Paper,Williams Group Paper,6,18.08,0.0,108.48,67.4,41.08
ORD-14820,2022-03-14,2022-03-19,Standard Class,CUST-2501,Christopher Hayes,Corporate,South,Tennessee,Office Supplies,Envelopes,Graham-Johnson Envelopes,2,24.53,0.0,49.06,25.43,23.63
ORD-14821,2021-08-22,2021-08-23,Second Class,CUST-2825,Brittney Stewart,Corporate,West,Illinois,Furniture,Shelving,"Russell, Owens and Moore Shelving",4,196.68,0.0,786.72,492.06,294.66
ORD-14822,2021-08-14,2021-08-18,,CUST-1085,Antonio Suarez,Consumer,East,Florida,Technology,Laptops,"Bell, Wilson and Wright Laptops",7,1407.05,0.0,9849.35,5943.04,3906.31
ORD-14823,2023-11-08,2023-11-12,Standard Class,CUST-1120,Kelsey Berger,Consumer,North,Texas,Office Supplies,Binders,Mcclure-Hobbs Binders,4,6.76,0.0,27.04,13.57,13.47
ORD-14824,2023-12-20,2023-12-25,Standard Class,CUST-2336,David Dennis,Corporate,South,Montana,Technology,Accessories,Craig-Richardson Accessories,-6,111.79,0.3,469.52,377.48,92.04
ORD-14825,2022-02-08,2022-02-11,First Class,CUST-1431,Alyssa Williams,Consumer,North,Virginia,Furniture,Shelving,Klein-Velazquez Shelving,3,239.14,0.0,717.42,359.07,358.35
ORD-14826,2023-03-30,2023-04-05,Second Class,CUST-2006,Edward White,Corporate,North,Indiana,Technology,Accessories,"Mills, Lee and Garner Accessories",1,52.33,0.0,52.33,23.77,28.56
ORD-14827,2021-01-25,2021-01-30,Same Day,CUST-1247,Brian Brock,Consumer,West,Ohio,Office Supplies,Envelopes,Huber LLC Envelopes,8,21.19,0.3,118.66,113.1,5.56
ORD-14828,2022-02-10,2022-02-13,Same Day,CUST-1496,Ariel Pope,Corporate,West,Wisconsin,Furniture,Shelving,"Nguyen, Lewis and Andersen Shelving",9,43.47,0.0,391.23,209.26,181.97
ORD-14829,2023-03-28,2023-04-04,Standard Class,CUST-1984,Charles Johnson,Home Office,East,Colorado,Furniture,Bookcases,Barber and Sons Bookcases,1,156.41,0.15,132.95,99.38,33.57
ORD-14830,2021-08-19,2021-08-23,First Class,CUST-2352,Wayne Pugh,Corporate,East,Connecticut,Technology,Phones,"Perkins, Woods and Bryan Phones",1,221.96,0.0,221.96,152.16,69.8
ORD-14831,2022-05-17,2022-05-20,First Class,CUST-1886,David Mcfarland,Consumer,South,South Carolina,Office Supplies,Envelopes,Wilcox-Mack Envelopes,4,27.83,0.0,111.32,56.8,54.52
ORD-14832,2023-11-26,2023-11-30,Second Class,CUST-1619,Jeanette Larsen,Home Office,North,West Virginia,Office Supplies,Binders,Campbell-Long Binders,3,9.9,0.0,29.7,16.71,12.99
ORD-14833,2022-06-26,2022-06-27,Standard Class,CUST-1845,Jonathon Jones,Corporate,West,Wisconsin,Technology,Tablets,"Mckinney, Coleman and Brown Tablets",6,615.32,0.0,3691.92,2186.13,1505.79
ORD-14834,2023-12-10,2023-12-16,First Class,CUST-1131,Elizabeth Phillips,Consumer,North,West Virginia,Office Supplies,Labels,Welch Group Labels,6,12.23,0.05,69.71,45.39,24.32
ORD-14835,2022-08-22,2022-08-28,Second Class,CUST-2578,Kevin Lewis,Consumer,South,Massachusetts,Technology,Monitors,Herring LLC Monitors,3,819.53,0.15,2089.8,1172.34,917.46
ORD-14836,2021-09-22,2021-09-27,First Class,CUST-1692,Lauren Gilbert MD,Home Office,West,South Carolina,Technology,Laptops,Jenkins PLC Laptops,5,1505.12,0.1,,3743.77,3029.27
ORD-1711,2023-01-02,2023-01-06,Standard Class,CUST-1885,Andrew Torres,Consumer,West,Oregon,Furniture,Desks,"Vaughn, Gamble and Bowman Desks",1,129.03,0.1,116.13,63.62,52.51
ORD-14838,2022-05-18,2022-05-19,First Class,CUST-2261,Gregory Smith,Corporate,South,Hawaii,Furniture,Desks,"Durham, Harding and Anderson Desks",2,345.09,0.0,690.18,395.72,294.46
ORD-14839,2022-01-17,2022-01-20,Same Day,CUST-2243,Lauren Walton,Corporate,West,Nebraska,Office Supplies,Storage,Hall Ltd Storage,1,26.54,0.1,23.89,13.46,10.43
ORD-14840,2023-10-19,2023-10-22,First Class,CUST-1635,Sandra Ramirez,Consumer,East,Michigan,Office Supplies,Pens & Pencils,"Steele, Roberts and Hughes Pens & Pencils",2,14.63,0.0,29.26,13.22,16.04
ORD-14841,2023-01-24,2023-01-26,Same Day,CUST-2884,Matthew Diaz,Corporate,North,Alabama,Technology,Laptops,"Solomon, Mcgee and Farley Laptops",1,1770.41,0.0,1770.41,933.32,837.09
ORD-14842,2021-01-17,2021-01-19,First Class,CUST-1304,Jonathon Jones,Consumer,South,Maine,Furniture,Shelving,"Hall, Johnson and Anderson Shelving",3,106.45,0.05,303.38,161.41,141.97
ORD-14843,2023-01-24,2023-01-27,First Class,CUST-2106,Karen Smith,Corporate,North,North Carolina,Technology,Laptops,"Miller, Ayers and Gamble Laptops",2,1754.34,0.0,3508.68,2334.26,1174.42
ORD-14844,2023-11-25,2023-11-28,First Class,CUST-2744,Nathaniel Hendrix,Corporate,East,Michigan,Technology,Monitors,Leonard Group Monitors,9,848.5,0.0,7636.5,4822.97,2813.53
ORD-14845,2022-04-11,2022-04-14,Standard Class,CUST-2457,Ashley Murphy,Corporate,South,Massachusetts,Technology,Monitors,Peterson Inc Monitors,2,700.3,0.0,1400.6,823.48,577.12
ORD-14846,2023-10-03,2023-10-09,First Class,CUST-2828,Marissa Mejia,Consumer,East,Iowa,Technology,Printers,Hernandez PLC Printers,7,436.22,0.15,2595.51,1466.96,1128.55
ORD-14847,2022-01-16,2022-01-20,First Class,CUST-2226,Patrick Frost,Corporate,East,Iowa,Furniture,Bookcases,Wilkins PLC Bookcases,8,434.35,0.0,3474.8,2080.63,1394.17
ORD-14848,2021-01-06,2021-01-10,First Class,CUST-1009,Phyllis Burns,Home Office,North,New Hampshire,Office Supplies,Paper,Becker-Hampton Paper,6,29.74,0.0,178.44,102.53,75.91
ORD-14849,2023-07-06,2023-07-13,Standard Class,CUST-2930,Kimberly Ross,Corporate,North,South Carolina,Furniture,Desks,"Wilson, Vance and Delgado Desks",3,524.18,0.05,1493.91,1091.13,402.78
ORD-14850,2021-07-22,2021-07-25,Standard Class,CUST-2237,Stephen Mcguire,Corporate,West,Ohio,Technology,Monitors,Kline PLC Monitors,6,258.7,0.1,1396.98,908.96,488.02
ORD-14851,2021-05-02,2021-05-06,Second Class,CUST-2610,Don Duran,Home Office,South,Nevada,Furniture,Bookcases,Wilson-Parks Bookcases,2,175.34,0.0,350.68,210.28,140.4
ORD-14852,2023-06-01,2023-06-05,Second Class,CUST-2635,Mary Ayala,Home Office,West,Maine,Furniture,Chairs,Ball and Sons Chairs,3,468.68,0.1,1265.44,829.0,436.44
ORD-14853,2022-04-05,2022-04-09,First Class,CUST-2352,Brittany Baker,Home Office,East,Nebraska,Office Supplies,Pens & Pencils,Grimes and Sons Pens & Pencils,8,11.89,0.0,95.12,56.04,39.08
ORD-14854,2023-11-29,2023-11-30,Same Day,CUST-2900,Spencer Wood,Corporate,South,South Carolina,Office Supplies,Labels,Roth-Green Labels,2,15.03,0.2,24.05,15.65,8.4
ORD-14855,2022-03-10,2022-03-12,Same Day,CUST-1224,Karen Wolf,Consumer,West,West Virginia,Technology,Phones,"Fox, Fitzgerald and Rivera Phones",8,829.54,0.0,6636.32,3721.05,2915.27
ORD-14856,2021-12-27,2022-01-02,Same Day,CUST-2459,Cynthia Parsons,Consumer,West,New York,Technology,Printers,Smith-Trujillo Printers,10,577.06,0.0,5770.6,2789.21,2981.39
ORD-14857,2021-10-20,2021-10-23,First Class,CUST-1222,Jacqueline Young,Home Office,South,New Jersey,Office Supplies,Envelopes,Moore-Webb Envelopes,6,29.86,0.1,161.24,91.64,69.6
ORD-14858,2021-10-31,2021-11-03,Second Class,CUST-2590,Mary Wright,Corporate,North,Ohio,Technology,Accessories,Webster-Vang Accessories,5,124.63,0.1,560.84,335.18,225.66
ORD-14859,2021-09-17,2021-09-18,Standard Class,CUST-1514,Mark Lawson,Home Office,North,Michigan,Office Supplies,Binders,Green-Porter Binders,9,14.32,0.2,103.1,81.42,21.68
ORD-14860,2022-08-02,2022-08-07,Second Class,CUST-1722,Shawn Barton,Consumer,West,Minnesota,Office Supplies,Labels,"Castillo, Bryant and Harrison Labels",10,7.46,0.15,63.41,43.7,19.71
ORD-14861,2022-08-20,2022-08-22,First Class,CUST-1218,Kristin Jenkins,Corporate,North,South Carolina,Technology,Phones,"Silva, Odom and Rogers Phones",8,210.82,0.05,1602.23,960.76,641.47
ORD-14862,2021-11-08,2021-11-15,Same Day,CUST-2383,Patrick Stevenson MD,Consumer,West,Connecticut,Technology,Monitors,Cunningham-Greene Monitors,3,384.36,0.0,1153.08,650.65,502.43
ORD-14863,2023-08-25,2023-09-01,Standard Class,CUST-1077,Chad Mullins,Home Office,East,Oklahoma,Technology,Laptops,Carter-Garcia Laptops,5,1111.19,0.0,5555.95,2631.56,2924.39
ORD-14864,2021-08-28,2021-08-29,Second Class,CUST-2545,Jean Garcia,Home Office,West,South Dakota,Technology,Monitors,Blankenship-Salazar Monitors,1,483.59,0.05,459.41,260.09,199.32
ORD-14865,2023-04-15,2023-04-17,Same Day,CUST-1816,Todd Smith,Corporate,West,Missouri,Technology,Phones,Becker-Mcintyre Phones,7,1184.38,0.1,7461.59,3918.32,3543.27
ORD-1765,2021-11-24,2021-11-29,Same Day,CUST-2675,Keith Cole,Home Office,West,Florida,Furniture,Bookcases,Robinson-Rowe Bookcases,5,344.78,0.1,1551.51,954.47,597.04
ORD-14867,2021-05-31,2021-06-07,Same Day,CUST-1841,Steven Cantrell,Consumer,East,Virginia,Office Supplies,Labels,"Lloyd, Hale and Miles Labels",2,5.06,0.05,9.61,6.6,3.01
ORD-14868,2021-04-17,2021-04-21,Second Class,CUST-1634,Jasmin Anderson,Corporate,South,Michigan,Office Supplies,Binders,Serrano-Smith Binders,4,38.95,0.0,155.8,89.16,66.64
ORD-1040,2022-04-08,2022-04-15,Standard Class,CUST-1828,Taylor Harris,Consumer,East,Idaho,Furniture,Shelving,Carter-Gomez Shelving,5,258.01,0.15,1096.54,816.41,280.13
ORD-14870,2022-03-06,2022-03-13,Same Day,CUST-1985,Sarah Phillips,Corporate,West,Ohio,Furniture,Chairs,Horton-Griffin Chairs,8,211.88,0.0,1695.04,1121.66,573.38
ORD-14871,2021-11-13,2021-11-18,Same Day,CUST-2000,Timothy King,Corporate,North,Maine,Furniture,Chairs,"Sanchez, Gonzalez and Abbott Chairs",1,318.61,0.0,318.61,170.79,147.82
ORD-14872,2023-12-16,2023-12-21,First Class,CUST-2328,Erik Johnson,Consumer,South,Missouri,Furniture,Shelving,Reed-Rodriguez Shelving,6,263.94,0.0,1583.64,742.22,841.42
ORD-14873,2021-07-25,2021-07-29,Standard Class,CUST-2154,Michael Garza,Consumer,East,Oklahoma,Furniture,Bookcases,Hodges-Lynch Bookcases,7,211.06,0.0,1477.42,806.43,670.99
ORD-14874,2022-12-22,2022-12-23,Standard Class,CUST-1522,Catherine Garcia,Consumer,East,Florida,Technology,Tablets,Wilson-Jimenez Tablets,1,600.84,0.0,600.84,359.93,240.91
ORD-14875,2022-04-07,2022-04-12,Standard Class,CUST-2229,Stacey Woodward,Consumer,North,Idaho,Furniture,Tables,Mercer LLC Tables,2,818.34,0.15,1391.18,1057.53,333.65
ORD-14876,2022-12-16,2022-12-17,Second Class,CUST-3000,Ernest Johnson,Home Office,East,Colorado,Technology,Tablets,"Charles, Ross and Cortez Tablets",5,219.94,0.05,1044.71,599.84,444.87
ORD-14877,2023-03-12,2023-03-17,Same Day,CUST-2299,Roberto Jackson,Consumer,North,South Carolina,Office Supplies,Labels,"Watson, Williams and Anderson Labels",-9,5.47,0.15,41.85,25.32,16.53
ORD-14878,2021-12-06,2021-12-08,Second Class,CUST-1648,Kimberly Wallace,Corporate,West,Alabama,Furniture,Tables,Chavez PLC Tables,4,169.01,0.05,642.24,339.63,302.61
ORD-14879,2023-06-29,2023-07-01,First Class,CUST-1737,Andrew Smith,Corporate,West,California,Technology,Phones,"Davis, Bailey and Orr Phones",6,892.0,0.05,5084.4,2494.9,2589.5
ORD-14880,2023-11-16,2023-11-22,Same Day,CUST-1431,Joshua Hopkins,Home Office,West,Oklahoma,Office Supplies,Storage,Smith Ltd Storage,8,75.98,0.05,577.45,403.24,174.21
ORD-14881,2023-02-09,2023-02-12,First Class,CUST-2582,Elizabeth Green,Home Office,South,Kentucky,Technology,Laptops,"Berry, Brown and Dodson Laptops",7,1882.68,0.1,11860.88,7786.55,4074.33
ORD-14882,2022-03-22,2022-03-27,Same Day,CUST-1611,Cheryl Ballard,Home Office,North,Montana,Office Supplies,Storage,"Wheeler, Hernandez and Moore Storage",1,69.84,0.0,69.84,31.57,38.27
ORD-14883,2021-01-13,2021-01-14,Second Class,CUST-1430,Toni Nichols,Corporate,South,New Hampshire,Office Supplies,Binders,Underwood Inc Binders,9,35.38,0.0,318.42,220.03,98.39
ORD-14884,2021-05-10,2021-05-16,First Class,CUST-1447,Eric Garcia,Corporate,West,Virginia,Office Supplies,Envelopes,"Harper, Gardner and Vazquez Envelopes",9,17.63,0.0,158.67,82.33,76.34
ORD-14885,2022-12-29,2023-01-04,Standard Class,CUST-2671,Jose Wolf,Corporate,South,Vermont,Technology,Laptops,Price-Gonzalez Laptops,4,1683.69,0.0,6734.76,3677.85,3056.91
ORD-14886,2022-11-03,2022-11-08,Standard Class,CUST-2517,Shannon Contreras,Home Office,North,Connecticut,Office Supplies,Envelopes,Phillips-Parker Envelopes,10,22.6,0.0,226.0,142.15,83.85
ORD-14887,2022-08-19,2022-08-21,Standard Class,CUST-1629,Marcus Davis,Corporate,West,Arkansas,Technology,Tablets,Fritz Group Tablets,10,754.9,0.15,6416.65,4357.56,2059.09
ORD-14888,2021-11-16,2021-11-21,First Class,CUST-1291,Alexander Ramirez PhD,Home Office,South,California,Furniture,Bookcases,Espinoza-Martinez Bookcases,5,423.79,0.05,2013.0,1037.06,975.94
ORD-14889,2021-03-23,2021-03-29,First Class,CUST-1066,Katherine Webb,Consumer,South,Montana,Furniture,Shelving,Lewis Group Shelving,1,81.72,0.0,81.72,50.74,30.98
ORD-14890,2022-06-16,2022-06-21,First Class,CUST-1428,Amanda Young,Consumer,South,Vermont,Technology,Accessories,Lewis Inc Accessories,6,124.49,0.15,634.9,495.84,139.06
ORD-14891,2022-03-27,2022-04-01,First Class,CUST-1816,Daniel Evans,Consumer,East,New Hampshire,Office Supplies,Labels,Wong-Smith Labels,9,7.84,0.05,67.03,35.44,31.59
ORD-14892,2022-05-02,2022-05-09,Standard Class,CUST-2170,Patrick Moreno,Corporate,East,Vermont,Office Supplies,Paper,Miller and Sons Paper,7,12.45,0.0,87.15,53.96,33.19
ORD-14893,2023-09-23,2023-09-28,Same Day,CUST-2228,Christian Hull MD,Consumer,West,North Carolina,Office Supplies,Labels,"Anderson, Nguyen and Jackson Labels",8,17.13,0.3,95.93,76.58,19.35
ORD-14894,2022-02-16,2022-02-20,Second Class,CUST-2840,Melanie Ross,Consumer,North,Wisconsin,Technology,Phones,Garza-Jones Phones,1,420.1,0.0,420.1,239.81,180.29
ORD-14895,2022-08-05,2022-08-08,First Class,CUST-2740,Darrell Lewis,Consumer,East,Georgia,Furniture,Bookcases,Gross and Sons Bookcases,8,181.01,0.05,1375.68,688.13,687.55
ORD-14896,2021-11-17,2021-11-24,Standard Class,CUST-1927,Mary Collins,Consumer,East,Nevada,Office Supplies,Labels,Knight-Carey Labels,3,10.22,0.0,30.66,13.97,16.69
ORD-14897,2021-07-16,2021-07-20,First Class,CUST-2402,Amy Sharp,Corporate,East,New York,Office Supplies,Paper,Davis Inc Paper,6,52.16,0.05,297.31,140.85,156.46
ORD-14898,2023-02-19,2023-02-22,Second Class,CUST-1043,Elizabeth Olson,Consumer,North,Oregon,Furniture,Chairs,Wolfe-Bailey Chairs,7,752.46,0.2,4213.78,2461.19,1752.59
ORD-14899,2021-02-15,2021-02-22,Second Class,CUST-1137,Melinda Nunez,Corporate,South,Montana,Furniture,Bookcases,"Turner, Hughes and Ferguson Bookcases",5,236.31,0.05,1122.47,770.87,351.6
ORD-14900,2023-06-25,2023-06-30,Same Day,CUST-1612,Danielle Snyder,Corporate,North,Delaware,Furniture,Bookcases,Berg-Taylor Bookcases,2,438.33,0.05,832.83,506.32,326.51
ORD-14901,2022-11-14,2022-11-19,Standard Class,CUST-2644,Chad Jensen,Home Office,North,Louisiana,Technology,Phones,"Brown, Matthews and Foley Phones",6,383.45,0.15,1955.59,1503.51,452.08
ORD-14902,2023-09-20,2023-09-21,Standard Class,CUST-2290,Lauren English,Consumer,West,Nebraska,Furniture,Desks,Maxwell-Pittman Desks,10,319.14,0.15,2712.69,1947.76,764.93
ORD-14903,2022-05-20,2022-05-21,Second Class,CUST-2732,Regina Harris,Corporate,South,New Jersey,Office Supplies,Paper,"Knight, Hughes and Green Paper",8,45.0,0.05,342.0,213.99,128.01
ORD-14904,2022-08-20,2022-08-26,Standard Class,CUST-1810,Jasmine Rodriguez,Home Office,West,Colorado,Technology,Laptops,Camacho-Davidson Laptops,10,1321.56,0.05,12554.82,6462.2,6092.62
ORD-14905,2022-04-06,2022-04-07,First Class,CUST-2788,Caitlin Grant,Consumer,West,New Mexico,Technology,Monitors,Leblanc-Garcia Monitors,4,516.35,0.0,2065.4,1198.39,867.01
ORD-14906,2023-02-18,2023-02-21,Standard Class,CUST-2879,Kelly Bautista,Home Office,North,Virginia,Furniture,Bookcases,"Poole, Williams and Alexander Bookcases",4,166.5,0.2,532.8,316.55,216.25
ORD-14907,2023-03-20,2023-03-21,Same Day,CUST-2722,Tammy Stuart,Home Office,South,Wisconsin,Office Supplies,Binders,Thompson-Farrell Binders,6,5.03,0.15,25.65,17.36,8.29
ORD-14908,2022-01-16,2022-01-23,,CUST-2609,Andre Casey,Home Office,East,Kentucky,Technology,Accessories,Carey-Miller Accessories,4,149.29,0.15,507.59,331.05,176.54
ORD-14909,2022-10-15,2022-10-22,First Class,CUST-1457,Larry Espinoza,Consumer,West,New York,Office Supplies,Binders,Crawford-Singleton Binders,4,23.56,0.0,94.24,52.94,41.3
ORD-14910,2021-03-30,2021-04-05,Same Day,CUST-1653,Danielle Gomez,Consumer,South,North Dakota,Office Supplies,Paper,"Summers, Gray and Webster Paper",4,58.7,0.05,223.06,150.53,72.53
ORD-14911,2023-04-15,2023-04-18,First Class,CUST-2006,Frederick Rogers,Consumer,West,New York,Technology,Tablets,"Owens, Hernandez and Stewart Tablets",10,641.31,0.05,6092.44,4150.28,1942.16
ORD-14912,2021-11-10,2021-11-17,First Class,CUST-1210,Steven Dickerson,Home Office,East,Wisconsin,Technology,Monitors,"Clements, Sanders and Lee Monitors",7,368.71,0.0,2580.97,1740.06,840.91
ORD-14913,2021-04-11,2021-04-15,Standard Class,CUST-2017,Christopher Burnett,Home Office,South,Oklahoma,Office Supplies,Pens & Pencils,Clark-Galvan Pens & Pencils,5,20.8,0.0,104.0,53.67,50.33
ORD-14914,2021-08-10,2021-08-17,Same Day,CUST-2787,Tara Davis,Consumer,North,Nevada,Furniture,Desks,Hudson-Holland Desks,10,430.8,0.05,4092.6,2937.86,1154.74
ORD-14915,2021-11-10,2021-11-17,,CUST-1765,Kelly Miller,Corporate,West,Virginia,Office Supplies,Pens & Pencils,Stanley-Rivas Pens & Pencils,9,16.1,0.05,137.66,85.14,52.52
ORD-14916,2021-11-19,2021-11-25,Same Day,CUST-2986,Donald Martinez,Corporate,North,Minnesota,Office Supplies,Storage,Luna-Patterson Storage,6,70.22,0.0,421.32,254.84,166.48
ORD-14917,2022-05-09,2022-05-14,Standard Class,CUST-2933,Sean Brooks,Corporate,North,Indiana,Office Supplies,Storage,Johnson Inc Storage,5,78.83,0.0,394.15,255.51,138.64
ORD-14918,2022-01-29,2022-02-05,Second Class,CUST-1846,Virginia Thompson,Consumer,North,Kansas,Office Supplies,Binders,Miller-Carr Binders,9,14.81,0.0,133.29,65.36,67.93
ORD-14919,2021-03-11,2021-03-14,Standard Class,CUST-1434,Karen Steele,Home Office,East,Oklahoma,Technology,Printers,Thornton-Bishop Printers,4,247.47,0.0,989.88,478.54,511.34
ORD-14920,2021-02-22,2021-02-24,First Class,CUST-1551,Charles Jackson,Home Office,North,New Jersey,Technology,Tablets,"Contreras, Grant and Crosby Tablets",1,339.59,0.2,271.67,153.8,117.87
ORD-14921,2022-12-30,2023-01-05,Second Class,CUST-1107,James Velazquez,Home Office,West,Maryland,Furniture,Desks,Poole and Sons Desks,4,340.25,0.5,680.5,864.02,-183.52
ORD-14922,2023-05-26,2023-05-29,Second Class,CUST-2939,Nicole Richards,Consumer,North,North Dakota,Technology,Laptops,Jones-Webb Laptops,7,699.52,0.0,4896.64,2819.04,2077.6
ORD-14923,2022-07-17,2022-07-19,Second Class,CUST-1578,Emily Hall,Consumer,East,Indiana,Furniture,Tables,"Hill, Mccormick and Myers Tables",9,1310.32,0.0,11792.88,7697.89,4094.99
ORD-14924,2021-11-17,2021-11-19,Same Day,CUST-2438,Jose Hunter,Home Office,North,Louisiana,Office Supplies,Storage,Elliott Group Storage,2,35.04,0.0,70.08,35.48,34.6
ORD-14925,2021-06-14,2021-06-19,Standard Class,CUST-2714,Jillian Williams,Corporate,West,West Virginia,Technology,Tablets,"Durham, Boone and Johnson Tablets",1,719.37,0.05,683.4,449.19,234.21
ORD-14926,2021-11-13,2021-11-14,Same Day,CUST-2507,Tony Cross,Home Office,East,South Dakota,Furniture,Chairs,"Oconnor, Davis and Kirk Chairs",6,454.37,0.0,2726.22,1524.54,1201.68
ORD-14927,2023-09-13,2023-09-16,First Class,CUST-2081,Michael Strong,Consumer,East,Delaware,Furniture,Bookcases,"Barber, Acosta and Lin Bookcases",6,196.66,0.15,1002.97,793.13,209.84
ORD-14928,2023-01-20,2023-01-23,Standard Class,CUST-1648,Michael Dennis,Corporate,South,Nebraska,Furniture,Chairs,Ramos Inc Chairs,9,256.84,0.15,1964.83,1595.29,369.54
ORD-14929,2021-06-21,2021-06-23,First Class,CUST-2889,Sarah Petersen,Home Office,East,Texas,Office Supplies,Binders,Cantu PLC Binders,1,17.45,0.15,14.83,11.9,2.93
ORD-14930,2021-12-31,2022-01-05,First Class,CUST-1361,Dakota Jones,Corporate,East,Nevada,Technology,Phones,Ramirez and Sons Phones,5,511.09,0.0,2555.45,1192.89,1362.56
ORD-14931,2023-07-10,2023-07-11,Second Class,CUST-1068,Sandra Alvarez,Home Office,East,Delaware,Technology,Monitors,"Humphrey, Hess and Riley Monitors",5,717.52,0.0,3587.6,1815.41,1772.19
ORD-14932,2021-10-26,2021-10-28,Standard Class,CUST-1887,Michael Stevens,Consumer,East,North Dakota,Technology,Laptops,Terrell-Howard Laptops,10,905.6,0.15,7697.6,4492.88,3204.72
ORD-14933,2021-11-19,2021-11-21,Same Day,CUST-1442,Mario Riley,Consumer,South,Idaho,Furniture,Bookcases,Bishop-Mccall Bookcases,6,402.67,0.1,2174.42,1648.78,525.64
ORD-14934,2021-07-11,2021-07-14,Standard Class,CUST-1468,Jamie Murphy,Corporate,South,Delaware,Technology,Tablets,"Shepard, Williams and Stafford Tablets",8,463.67,0.0,3709.36,2461.34,1248.02
ORD-14935,2023-09-08,2023-09-14,Standard Class,CUST-1276,Aaron Pena,Home Office,West,Nebraska,Furniture,Tables,"Choi, Mclaughlin and Berg Tables",5,1439.05,0.05,6835.49,3578.82,3256.67
ORD-14936,2021-11-10,2021-11-14,Same Day,CUST-2362,Bryce King,Corporate,West,New Mexico,Office Supplies,Pens & Pencils,Lopez Inc Pens & Pencils,9,5.73,0.0,51.57,24.81,26.76
ORD-14937,2023-03-15,2023-03-16,Standard Class,CUST-1221,Mr. Darrell Martinez,Consumer,North,Connecticut,Furniture,Desks,"Bryant, Rasmussen and Miller Desks",5,595.58,0.0,2977.9,1973.31,1004.59
ORD-14938,2021-04-11,2021-04-14,Same Day,CUST-1948,Mrs. Jessica Norris,Home Office,North,Connecticut,Office Supplies,Paper,Hayes PLC Paper,5,21.5,0.1,96.75,56.42,40.33
ORD-14939,2022-04-11,2022-04-12,Standard Class,CUST-2053,James Stephens,Consumer,North,Massachusetts,Technology,Laptops,"Wood, Lee and Stanton Laptops",4,1299.41,0.05,4937.76,2879.8,2057.96
ORD-14940,2021-05-16,2021-05-22,Same Day,CUST-1104,Hannah Buck,Corporate,East,Maine,Office Supplies,Storage,Walker Group Storage,7,17.83,0.1,112.33,85.76,26.57
ORD-14941,2022-11-30,2022-12-01,First Class,CUST-2529,Alison Williams,Home Office,West,New Mexico,Furniture,Bookcases,Murphy Ltd Bookcases,9,444.51,0.05,3800.56,1936.46,1864.1
ORD-14942,2022-11-07,2022-11-09,First Class,CUST-2941,Melissa Beltran,Corporate,South,Alaska,Office Supplies,Pens & Pencils,Brown LLC Pens & Pencils,7,7.11,0.05,47.28,24.54,22.74
ORD-14943,2022-01-09,2022-01-10,Same Day,CUST-2103,William Williams,Consumer,West,Montana,Technology,Printers,Smith Ltd Printers,6,271.8,0.15,1386.18,1138.47,247.71
ORD-14944,2023-10-04,2023-10-08,First Class,CUST-2336,Jonathon Gentry,Corporate,South,New Mexico,Furniture,Bookcases,"Zhang, Hardy and Weber Bookcases",7,70.51,0.0,493.57,307.02,186.55
ORD-14945,2023-12-01,2023-12-07,First Class,CUST-1679,Barbara Hanson,Consumer,East,New Jersey,Office Supplies,Envelopes,"Thompson, Scott and Davis Envelopes",3,9.38,0.15,23.92,16.4,7.52
ORD-14946,2021-08-29,2021-09-03,First Class,CUST-1526,Darrell Bryant,Consumer,East,Alabama,Technology,Monitors,Mcdonald LLC Monitors,8,445.75,0.2,2852.8,2381.99,470.81
ORD-14947,2021-05-21,2021-05-28,First Class,CUST-1967,Jennifer Valentine,Corporate,West,Washington,Furniture,Shelving,Blair-Jones Shelving,3,161.48,0.0,484.44,315.1,169.34
ORD-14948,2022-04-03,2022-04-07,,CUST-1318,Deanna Holmes,Home Office,West,Vermont,Furniture,Desks,"Wagner, Ochoa and Osborn Desks",3,365.22,0.3,766.96,730.07,36.89
ORD-14949,2022-06-04,2022-06-10,Second Class,CUST-2642,Danielle Trevino,Home Office,South,Maine,Office Supplies,Labels,"Ford, Turner and Coleman Labels",4,2.18,0.0,8.72,5.81,2.91
ORD-14950,2023-12-06,2023-12-13,Standard Class,CUST-1892,Sabrina Mendez,Consumer,South,Washington,Furniture,Shelving,"Monroe, Perez and Jacobs Shelving",1,120.08,0.0,120.08,83.14,36.94
ORD-14951,2021-01-14,2021-01-17,First Class,CUST-1656,Charles Wright,Home Office,East,Arkansas,Furniture,Tables,Hart-Stephens Tables,1,1158.71,0.15,984.9,555.15,429.75
ORD-14952,2023-06-06,2023-06-11,First Class,CUST-2039,Spencer Perez,Corporate,East,Missouri,Office Supplies,Pens & Pencils,"Williams, Williams and Walker Pens & Pencils",10,13.91,0.05,132.14,78.17,53.97
ORD-14953,2021-11-12,2021-11-17,Second Class,CUST-2018,Lisa Mason,Corporate,North,New Hampshire,Technology,Tablets,Johnson-Bowman Tablets,5,627.97,0.1,2825.87,2149.79,676.08
ORD-14954,2021-07-25,2021-07-29,Standard Class,CUST-2995,Crystal Herman,Home Office,East,Georgia,Office Supplies,Paper,"Craig, Long and Higgins Paper",5,59.51,0.15,252.92,178.64,74.28
ORD-14955,2021-03-12,2021-03-18,Standard Class,CUST-2505,Rodney Leach,Home Office,North,South Carolina,Office Supplies,Envelopes,Michael Inc Envelopes,5,12.28,0.2,49.12,41.43,7.69
ORD-14956,2021-06-17,2021-06-23,First Class,CUST-2420,Cassandra Black,Corporate,East,Kansas,Furniture,Desks,Miller Ltd Desks,10,950.93,0.0,9509.3,6019.17,3490.13
ORD-14957,2022-06-01,2022-06-03,Same Day,CUST-2214,Robert Hamilton,Consumer,North,Iowa,Office Supplies,Binders,Trujillo-James Binders,9,9.97,0.0,89.73,55.41,34.32
ORD-14958,2023-08-16,2023-08-17,First Class,CUST-1483,Crystal Long,Corporate,South,Iowa,Office Supplies,Storage,Mccarthy Inc Storage,7,11.82,0.05,78.6,56.01,22.59
ORD-14959,2022-03-20,2022-03-24,First Class,CUST-1780,Tyler Martin,Home Office,North,Ohio,Furniture,Shelving,"Williams, Gordon and Bradford Shelving",7,175.93,0.1,1108.36,832.02,276.34
ORD-14960,2022-10-16,2022-10-21,Second Class,CUST-1023,Charles Johnson,Corporate,West,South Carolina,Office Supplies,Pens & Pencils,"Walker, Pratt and Andrews Pens & Pencils",3,18.52,0.0,55.56,26.73,28.83
ORD-14961,2023-05-11,2023-05-12,,CUST-1942,Joseph Hansen,Home Office,East,New York,Office Supplies,Paper,Scott-Stokes Paper,4,32.9,0.15,111.86,88.92,22.94
ORD-14962,2021-11-08,2021-11-11,First Class,CUST-1472,Michele Bennett,Consumer,East,New York,Technology,Accessories,"Rubio, Rodriguez and Vargas Accessories",8,130.32,0.15,886.18,539.47,346.71
ORD-14963,2023-06-27,2023-07-01,Standard Class,CUST-1141,Trevor Taylor,Home Office,West,Alaska,Furniture,Shelving,Cohen-Horn Shelving,6,139.07,0.0,834.42,573.91,260.51
ORD-14964,2022-04-20,2022-04-23,Same Day,CUST-2727,Cynthia Brewer,Consumer,South,North Carolina,Furniture,Bookcases,Brooks-Howard Bookcases,10,362.68,0.0,3626.8,2379.63,1247.17
ORD-14965,2023-05-04,2023-05-09,Second Class,CUST-2924,Leah Smith,Home Office,North,Wyoming,Office Supplies,Binders,Perez-Reyes Binders,8,26.56,0.0,212.48,128.19,84.29
ORD-14966,2023-03-24,2023-03-31,Second Class,CUST-2275,Carlos Schultz,Home Office,East,New York,Office Supplies,Envelopes,Taylor Group Envelopes,4,19.44,0.05,73.87,44.41,29.46
ORD-14967,2023-09-12,2023-09-15,First Class,CUST-2604,Gary Romero,Consumer,South,New York,Furniture,Chairs,Garcia Group Chairs,8,725.27,0.0,5802.16,3771.88,2030.28
ORD-14968,2022-11-09,2022-11-12,Standard Class,CUST-1801,Monica Aguirre,Consumer,South,Colorado,Office Supplies,Storage,Beasley Ltd Storage,7,54.37,0.15,323.5,171.8,151.7
ORD-14969,2023-04-02,2023-04-03,Second Class,CUST-2924,Peggy Powell,Consumer,South,South Carolina,Furniture,Tables,Lopez Inc Tables,8,193.42,0.05,1469.99,1071.35,398.64
ORD-14970,2023-05-08,2023-05-14,Same Day,CUST-1498,Randy Monroe,Consumer,North,Iowa,Technology,Phones,"Ellison, Williams and Smith Phones",2,551.44,0.0,1102.88,620.58,482.3
ORD-14971,2022-10-22,2022-10-29,Standard Class,CUST-1132,Tara Matthews,Consumer,East,Pennsylvania,Technology,Monitors,"Sanchez, Reed and Bennett Monitors",2,344.31,0.0,688.62,428.32,260.3
ORD-1307,2021-07-26,2021-08-02,First Class,CUST-1766,Jesse Lopez,Home Office,West,Oklahoma,Furniture,Tables,Mendez Inc Tables,1,794.15,0.1,714.74,405.83,308.91
ORD-14973,2021-06-12,2021-06-14,Second Class,CUST-1381,Barry Riley,Consumer,East,Colorado,Furniture,Desks,Gould Ltd Desks,1,561.31,0.2,449.05,304.67,144.38
ORD-14974,2021-09-01,2021-09-05,Second Class,CUST-2187,Caleb Norris,Corporate,North,Louisiana,Technology,Monitors,Anthony-Young Monitors,10,489.14,0.0,4891.4,2701.2,2190.2
ORD-14975,2022-05-20,2022-05-22,First Class,CUST-1318,Sherry Lopez,Home Office,North,Alaska,Furniture,Tables,"Pena, Smith and Kramer Tables",5,1188.72,0.05,5646.42,3640.04,2006.38
ORD-14976,2023-10-13,2023-10-16,First Class,CUST-2079,Ms. Mary Larsen DVM,Corporate,South,Arizona,Office Supplies,Storage,Rodgers and Sons Storage,4,13.42,0.1,48.31,36.6,11.71
ORD-14977,2023-07-15,2023-07-22,Standard Class,CUST-2110,Courtney Lee,Home Office,North,Indiana,Office Supplies,Paper,Ferguson-Curtis Paper,6,35.3,0.1,190.62,113.92,76.7
ORD-14978,2022-04-04,2022-04-09,Same Day,CUST-2220,Jacqueline Franco,Consumer,East,Mississippi,Furniture,Tables,Krueger-Moran Tables,5,818.58,0.0,4092.9,2324.05,1768.85
ORD-14979,2021-12-01,2021-12-02,Second Class,CUST-2870,Jimmy Taylor,Consumer,North,Ohio,Furniture,Shelving,Hill-Wiggins Shelving,6,192.45,0.15,981.49,777.81,203.68
ORD-14980,2023-06-01,2023-06-03,Second Class,CUST-1591,Laura Webster,Home Office,South,Indiana,Office Supplies,Storage,"Waller, Williams and Brown Storage",2,47.02,0.0,94.04,47.29,46.75
ORD-14981,2022-07-25,2022-07-26,Same Day,CUST-2880,Amber Santana,Home Office,East,North Carolina,Technology,Printers,Williams and Sons Printers,3,441.55,0.1,1192.19,633.09,559.1
ORD-14982,2022-07-02,2022-07-03,Standard Class,CUST-1958,Jodi Gonzalez,Home Office,West,New York,Furniture,Chairs,"Dunn, Scott and Garcia Chairs",4,796.81,0.05,3027.88,2102.84,925.04
ORD-14983,2021-06-13,2021-06-14,First Class,CUST-1143,Robert Hebert,Home Office,North,Washington,Technology,Laptops,Page Group Laptops,9,754.77,0.0,6792.93,4610.55,2182.38
ORD-14984,2023-05-04,2023-05-11,First Class,CUST-2370,Randall Chang,Consumer,East,West Virginia,Technology,Laptops,Chavez-Matthews Laptops,5,1126.06,0.2,4504.24,2631.0,1873.24
ORD-14985,2022-04-14,2022-04-17,Same Day,CUST-2706,Robert Daniels,Consumer,South,Minnesota,Technology,Tablets,Hall-Rogers Tablets,8,548.13,0.1,3946.54,2068.29,1878.25
ORD-14986,2023-04-03,2023-04-05,Second Class,CUST-2691,Colleen Leon,Consumer,West,Oklahoma,Technology,Printers,Wagner Inc Printers,10,384.13,0.0,3841.3,1928.17,1913.13
ORD-14987,2021-12-07,2021-12-11,Second Class,CUST-1905,Randall Martin,Home Office,South,Illinois,Technology,Accessories,"Ryan, Taylor and Carrillo Accessories",8,47.82,0.0,382.56,212.38,170.18
ORD-14988,2021-03-24,2021-03-25,Second Class,CUST-2956,Patricia Hanson,Corporate,East,West Virginia,Technology,Tablets,"Johnson, Johnson and Williams Tablets",3,459.0,0.1,1239.3,800.39,438.91
ORD-14989,2023-09-19,2023-09-25,First Class,CUST-2547,Jennifer Simmons,Consumer,South,Massachusetts,Technology,Phones,Smith-Phillips Phones,7,909.44,0.1,5729.47,3647.74,2081.73
ORD-14990,2022-06-18,2022-06-23,First Class,CUST-2508,Gary Robertson,Corporate,North,North Carolina,Furniture,Chairs,Contreras PLC Chairs,4,888.71,0.05,3377.1,1829.42,1547.68
ORD-14991,2022-09-26,2022-09-28,Second Class,CUST-1756,Oscar Brooks,Corporate,West,Alaska,Technology,Tablets,Spears LLC Tablets,1,268.57,0.0,268.57,154.91,113.66
ORD-14992,2022-07-09,2022-07-10,Standard Class,CUST-2716,Patrick Watson,Corporate,East,South Dakota,Technology,Laptops,Zuniga Group Laptops,1,1430.87,0.0,1430.87,746.52,684.35
ORD-14993,2021-01-26,2021-01-28,Second Class,CUST-2619,Sarah Wall,Corporate,South,Pennsylvania,Office Supplies,Pens & Pencils,Curtis-Fox Pens & Pencils,8,3.53,0.0,28.24,19.64,8.6
ORD-14994,2021-12-18,2021-12-25,Standard Class,CUST-2785,Leonard Patel,Home Office,North,Florida,Furniture,Bookcases,"Gillespie, Cortez and Thompson Bookcases",6,414.66,0.0,2487.96,1642.82,845.14
ORD-1003,2022-11-05,2022-11-09,Standard Class,CUST-2909,Courtney Clark,Corporate,West,Alabama,Technology,Accessories,Cruz-Walters Accessories,10,78.3,0.1,704.7,525.41,179.29
ORD-14996,2021-11-10,2021-11-17,Same Day,CUST-2192,Mark White,Corporate,South,West Virginia,Furniture,Chairs,"Brown, Bradshaw and Riley Chairs",7,263.85,0.15,1569.91,893.16,676.75
ORD-14997,2022-10-17,2022-10-22,Second Class,CUST-2747,Lisa Fuller,Corporate,West,Delaware,Furniture,Shelving,Fletcher-Morris Shelving,8,152.44,0.05,1158.54,701.23,457.31
ORD-14998,2023-07-27,2023-08-01,Same Day,CUST-1936,Matthew Eaton,Corporate,North,Alabama,Technology,Monitors,Gonzalez-Ross Monitors,4,753.81,0.1,2713.72,1875.65,838.07
ORD-14999,2023-10-02,2023-10-04,Standard Class,CUST-2107,Lawrence Hernandez,Corporate,North,Maine,Technology,Laptops,Hutchinson-Hamilton Laptops,6,708.27,0.0,4249.62,2958.79,1290.83
